{
  "fields": [
    {
      "aggregatable": false,
      "custom": false,
      "defaultValue": null,
      "extraTypeInfo": null,
      "filterable": true,
      "groupable": true,
      "inlineHelpText": null,
      "label": "Custom Metadata Record ID",
      "name": "Id",
      "nillable": false,
      "picklistValues": [],
      "referenceTo": [],
      "relationshipName": null,
      "sortable": true,
      "type": "id"
    },
    {
      "aggregatable": false,
      "custom": false,
      "defaultValue": null,
      "extraTypeInfo": null,
      "filterable": true,
      "groupable": true,
      "inlineHelpText": null,
      "label": "Custom Metadata Record Name",
      "name": "DeveloperName",
      "nillable": false,
      "picklistValues": [],
      "referenceTo": [],
      "relationshipName": null,
      "sortable": true,
      "type": "string"
    },
    {
      "aggregatable": false,
      "custom": false,
      "defaultValue": null,
      "extraTypeInfo": null,
      "filterable": true,
      "groupable": true,
      "inlineHelpText": null,
      "label": "Label",
      "name": "MasterLabel",
      "nillable": false,
      "picklistValues": [],
      "referenceTo": [],
      "relationshipName": null,
      "sortable": true,
      "type": "string"
    },
    {
      "aggregatable": false,
      "custom": false,
      "defaultValue": null,
      "extraTypeInfo": null,
      "filterable": true,
      "groupable": true,
      "inlineHelpText": null,
      "label": "Master Language",
      "name": "Language",
      "nillable": false,
      "picklistValues": [
        {
          "active": true,
          "defaultValue": false,
          "label": "English",
          "validFor": null,
          "value": "en_US"
        },
        {
          "active": true,
          "defaultValue": false,
          "label": "German",
          "validFor": null,
          "value": "de"
        },
        {
          "active": true,
          "defaultValue": false,
          "label": "Spanish",
          "validFor": null,
          "value": "es"
        },
        {
          "active": true,
          "defaultValue": false,
          "label": "French",
          "validFor": null,
          "value": "fr"
        },
        {
          "active": true,
          "defaultValue": false,
          "label": "Italian",
          "validFor": null,
          "value": "it"
        },
        {
          "active": true,
          "defaultValue": false,
          "label": "Japanese",
          "validFor": null,
          "value": "ja"
        },
        {
          "active": true,
          "defaultValue": false,
          "label": "Swedish",
          "validFor": null,
          "value": "sv"
        },
        {
          "active": true,
          "defaultValue": false,
          "label": "Korean",
          "validFor": null,
          "value": "ko"
        },
        {
          "active": true,
          "defaultValue": false,
          "label": "Chinese (Traditional)",
          "validFor": null,
          "value": "zh_TW"
        },
        {
          "active": true,
          "defaultValue": false,
          "label": "Chinese (Simplified)",
          "validFor": null,
          "value": "zh_CN"
        },
        {
          "active": true,
          "defaultValue": false,
          "label": "Portuguese (Brazil)",
          "validFor": null,
          "value": "pt_BR"
        },
        {
          "active": true,
          "defaultValue": false,
          "label": "Dutch",
          "validFor": null,
          "value": "nl_NL"
        },
        {
          "active": true,
          "defaultValue": false,
          "label": "Danish",
          "validFor": null,
          "value": "da"
        },
        {
          "active": true,
          "defaultValue": false,
          "label": "Thai",
          "validFor": null,
          "value": "th"
        },
        {
          "active": true,
          "defaultValue": false,
          "label": "Finnish",
          "validFor": null,
          "value": "fi"
        },
        {
          "active": true,
          "defaultValue": false,
          "label": "Russian",
          "validFor": null,
          "value": "ru"
        },
        {
          "active": true,
          "defaultValue": false,
          "label": "Spanish (Mexico)",
          "validFor": null,
          "value": "es_MX"
        },
        {
          "active": true,
          "defaultValue": false,
          "label": "Norwegian",
          "validFor": null,
          "value": "no"
        }
      ],
      "referenceTo": [],
      "relationshipName": null,
      "sortable": true,
      "type": "picklist"
    },
    {
      "aggregatable": false,
      "custom": false,
      "defaultValue": null,
      "extraTypeInfo": null,
      "filterable": true,
      "groupable": true,
      "inlineHelpText": null,
      "label": "Namespace Prefix",
      "name": "NamespacePrefix",
      "nillable": true,
      "picklistValues": [],
      "referenceTo": [],
      "relationshipName": null,
      "sortable": true,
      "type": "string"
    },
    {
      "aggregatable": false,
      "custom": false,
      "defaultValue": null,
      "extraTypeInfo": null,
      "filterable": true,
      "groupable": true,
      "inlineHelpText": null,
      "label": "Label",
      "name": "Label",
      "nillable": true,
      "picklistValues": [],
      "referenceTo": [],
      "relationshipName": null,
      "sortable": true,
      "type": "string"
    },
    {
      "aggregatable": false,
      "custom": false,
      "defaultValue": null,
      "extraTypeInfo": null,
      "filterable": true,
      "groupable": true,
      "inlineHelpText": null,
      "label": "Qualified API Name",
      "name": "QualifiedApiName",
      "nillable": true,
      "picklistValues": [],
      "referenceTo": [],
      "relationshipName": null,
      "sortable": true,
      "type": "string"
    },
    {
      "aggregatable": false,
      "custom": true,
      "defaultValue": true,
      "extraTypeInfo": null,
      "filterable": true,
      "groupable": true,
      "inlineHelpText": null,
      "label": "Enabled",
      "name": "Enabled__c",
      "nillable": false,
      "picklistValues": [],
      "referenceTo": [],
      "relationshipName": null,
      "sortable": true,
      "type": "boolean"
    },
    {
      "aggregatable": false,
      "custom": true,
      "defaultValue": null,
      "extraTypeInfo": null,
      "filterable": true,
      "groupable": true,
      "inlineHelpText": null,
      "label": "User email",
      "name": "Useremail__c",
      "nillable": false,
      "picklistValues": [],
      "referenceTo": [],
      "relationshipName": null,
      "sortable": true,
      "type": "email"
    },
    {
      "aggregatable": false,
      "custom": true,
      "defaultValue": false,
      "extraTypeInfo": null,
      "filterable": true,
      "groupable": true,
      "inlineHelpText": "Check to use this record as the From value for the Emails.",
      "label": "isOrgWide",
      "name": "isOrgWide__c",
      "nillable": false,
      "picklistValues": [],
      "referenceTo": [],
      "relationshipName": null,
      "sortable": true,
      "type": "boolean"
    }
  ],
  "label": "Log Email Setup",
  "childRelationships": [
    {
      "cascadeDelete": false,
      "childSObject": "LogSetup__mdt",
      "deprecatedAndHidden": false,
      "field": "LogEmailSetup__c",
      "junctionIdListNames": [],
      "junctionReferenceTo": [],
      "relationshipName": "Log_Setup__r",
      "restrictedDelete": true
    }
  ],
  "custom": true,
  "name": "LogEmailSetup__mdt",
  "queryable": true
}