{
  "fields": [
    {
      "aggregatable": false,
      "custom": false,
      "defaultValue": null,
      "extraTypeInfo": null,
      "filterable": true,
      "groupable": true,
      "inlineHelpText": null,
      "label": "Custom Metadata Record ID",
      "name": "Id",
      "nillable": false,
      "picklistValues": [],
      "referenceTo": [],
      "relationshipName": null,
      "sortable": true,
      "type": "id"
    },
    {
      "aggregatable": false,
      "custom": false,
      "defaultValue": null,
      "extraTypeInfo": null,
      "filterable": true,
      "groupable": true,
      "inlineHelpText": null,
      "label": "Custom Metadata Record Name",
      "name": "DeveloperName",
      "nillable": false,
      "picklistValues": [],
      "referenceTo": [],
      "relationshipName": null,
      "sortable": true,
      "type": "string"
    },
    {
      "aggregatable": false,
      "custom": false,
      "defaultValue": null,
      "extraTypeInfo": null,
      "filterable": true,
      "groupable": true,
      "inlineHelpText": null,
      "label": "Label",
      "name": "MasterLabel",
      "nillable": false,
      "picklistValues": [],
      "referenceTo": [],
      "relationshipName": null,
      "sortable": true,
      "type": "string"
    },
    {
      "aggregatable": false,
      "custom": false,
      "defaultValue": null,
      "extraTypeInfo": null,
      "filterable": true,
      "groupable": true,
      "inlineHelpText": null,
      "label": "Master Language",
      "name": "Language",
      "nillable": false,
      "picklistValues": [
        {
          "active": true,
          "defaultValue": false,
          "label": "English",
          "validFor": null,
          "value": "en_US"
        },
        {
          "active": true,
          "defaultValue": false,
          "label": "German",
          "validFor": null,
          "value": "de"
        },
        {
          "active": true,
          "defaultValue": false,
          "label": "Spanish",
          "validFor": null,
          "value": "es"
        },
        {
          "active": true,
          "defaultValue": false,
          "label": "French",
          "validFor": null,
          "value": "fr"
        },
        {
          "active": true,
          "defaultValue": false,
          "label": "Italian",
          "validFor": null,
          "value": "it"
        },
        {
          "active": true,
          "defaultValue": false,
          "label": "Japanese",
          "validFor": null,
          "value": "ja"
        },
        {
          "active": true,
          "defaultValue": false,
          "label": "Swedish",
          "validFor": null,
          "value": "sv"
        },
        {
          "active": true,
          "defaultValue": false,
          "label": "Korean",
          "validFor": null,
          "value": "ko"
        },
        {
          "active": true,
          "defaultValue": false,
          "label": "Chinese (Traditional)",
          "validFor": null,
          "value": "zh_TW"
        },
        {
          "active": true,
          "defaultValue": false,
          "label": "Chinese (Simplified)",
          "validFor": null,
          "value": "zh_CN"
        },
        {
          "active": true,
          "defaultValue": false,
          "label": "Portuguese (Brazil)",
          "validFor": null,
          "value": "pt_BR"
        },
        {
          "active": true,
          "defaultValue": false,
          "label": "Dutch",
          "validFor": null,
          "value": "nl_NL"
        },
        {
          "active": true,
          "defaultValue": false,
          "label": "Danish",
          "validFor": null,
          "value": "da"
        },
        {
          "active": true,
          "defaultValue": false,
          "label": "Thai",
          "validFor": null,
          "value": "th"
        },
        {
          "active": true,
          "defaultValue": false,
          "label": "Finnish",
          "validFor": null,
          "value": "fi"
        },
        {
          "active": true,
          "defaultValue": false,
          "label": "Russian",
          "validFor": null,
          "value": "ru"
        },
        {
          "active": true,
          "defaultValue": false,
          "label": "Spanish (Mexico)",
          "validFor": null,
          "value": "es_MX"
        },
        {
          "active": true,
          "defaultValue": false,
          "label": "Norwegian",
          "validFor": null,
          "value": "no"
        }
      ],
      "referenceTo": [],
      "relationshipName": null,
      "sortable": true,
      "type": "picklist"
    },
    {
      "aggregatable": false,
      "custom": false,
      "defaultValue": null,
      "extraTypeInfo": null,
      "filterable": true,
      "groupable": true,
      "inlineHelpText": null,
      "label": "Namespace Prefix",
      "name": "NamespacePrefix",
      "nillable": true,
      "picklistValues": [],
      "referenceTo": [],
      "relationshipName": null,
      "sortable": true,
      "type": "string"
    },
    {
      "aggregatable": false,
      "custom": false,
      "defaultValue": null,
      "extraTypeInfo": null,
      "filterable": true,
      "groupable": true,
      "inlineHelpText": null,
      "label": "Label",
      "name": "Label",
      "nillable": true,
      "picklistValues": [],
      "referenceTo": [],
      "relationshipName": null,
      "sortable": true,
      "type": "string"
    },
    {
      "aggregatable": false,
      "custom": false,
      "defaultValue": null,
      "extraTypeInfo": null,
      "filterable": true,
      "groupable": true,
      "inlineHelpText": null,
      "label": "Qualified API Name",
      "name": "QualifiedApiName",
      "nillable": true,
      "picklistValues": [],
      "referenceTo": [],
      "relationshipName": null,
      "sortable": true,
      "type": "string"
    },
    {
      "aggregatable": false,
      "custom": true,
      "defaultValue": false,
      "extraTypeInfo": null,
      "filterable": true,
      "groupable": true,
      "inlineHelpText": "¿Es un array?",
      "label": "Array",
      "name": "Array__c",
      "nillable": false,
      "picklistValues": [],
      "referenceTo": [],
      "relationshipName": null,
      "sortable": true,
      "type": "boolean"
    },
    {
      "aggregatable": false,
      "custom": true,
      "defaultValue": false,
      "extraTypeInfo": null,
      "filterable": true,
      "groupable": true,
      "inlineHelpText": null,
      "label": "Attachable",
      "name": "Attachable__c",
      "nillable": false,
      "picklistValues": [],
      "referenceTo": [],
      "relationshipName": null,
      "sortable": true,
      "type": "boolean"
    },
    {
      "aggregatable": false,
      "custom": true,
      "defaultValue": null,
      "extraTypeInfo": null,
      "filterable": true,
      "groupable": true,
      "inlineHelpText": null,
      "label": "AttributeName",
      "name": "AttributeName__c",
      "nillable": true,
      "picklistValues": [],
      "referenceTo": [],
      "relationshipName": null,
      "sortable": true,
      "type": "string"
    },
    {
      "aggregatable": false,
      "custom": true,
      "defaultValue": false,
      "extraTypeInfo": null,
      "filterable": true,
      "groupable": true,
      "inlineHelpText": null,
      "label": "Duplicate",
      "name": "Duplicate__c",
      "nillable": false,
      "picklistValues": [],
      "referenceTo": [],
      "relationshipName": null,
      "sortable": true,
      "type": "boolean"
    },
    {
      "aggregatable": false,
      "custom": true,
      "defaultValue": null,
      "extraTypeInfo": null,
      "filterable": true,
      "groupable": true,
      "inlineHelpText": null,
      "label": "EntityName",
      "name": "EntityName__c",
      "nillable": true,
      "picklistValues": [],
      "referenceTo": [],
      "relationshipName": null,
      "sortable": true,
      "type": "string"
    },
    {
      "aggregatable": false,
      "custom": true,
      "defaultValue": false,
      "extraTypeInfo": null,
      "filterable": true,
      "groupable": true,
      "inlineHelpText": null,
      "label": "External_Id",
      "name": "External_Id__c",
      "nillable": false,
      "picklistValues": [],
      "referenceTo": [],
      "relationshipName": null,
      "sortable": true,
      "type": "boolean"
    },
    {
      "aggregatable": false,
      "custom": true,
      "defaultValue": null,
      "extraTypeInfo": null,
      "filterable": true,
      "groupable": true,
      "inlineHelpText": null,
      "label": "FieldName",
      "name": "FieldName__c",
      "nillable": true,
      "picklistValues": [],
      "referenceTo": [],
      "relationshipName": null,
      "sortable": true,
      "type": "string"
    },
    {
      "aggregatable": false,
      "custom": true,
      "defaultValue": false,
      "extraTypeInfo": null,
      "filterable": true,
      "groupable": true,
      "inlineHelpText": "Ignorar errores",
      "label": "IgnoreErrors",
      "name": "IgnoreErrors__c",
      "nillable": false,
      "picklistValues": [],
      "referenceTo": [],
      "relationshipName": null,
      "sortable": true,
      "type": "boolean"
    },
    {
      "aggregatable": false,
      "custom": true,
      "defaultValue": false,
      "extraTypeInfo": null,
      "filterable": true,
      "groupable": true,
      "inlineHelpText": null,
      "label": "Nested",
      "name": "Nested__c",
      "nillable": false,
      "picklistValues": [],
      "referenceTo": [],
      "relationshipName": null,
      "sortable": true,
      "type": "boolean"
    },
    {
      "aggregatable": false,
      "custom": true,
      "defaultValue": false,
      "extraTypeInfo": null,
      "filterable": true,
      "groupable": true,
      "inlineHelpText": "Campo vacío",
      "label": "Nullable",
      "name": "Nullable__c",
      "nillable": false,
      "picklistValues": [],
      "referenceTo": [],
      "relationshipName": null,
      "sortable": true,
      "type": "boolean"
    },
    {
      "aggregatable": false,
      "custom": true,
      "defaultValue": false,
      "extraTypeInfo": null,
      "filterable": true,
      "groupable": true,
      "inlineHelpText": "¿Es un objeto?",
      "label": "Object",
      "name": "Object__c",
      "nillable": false,
      "picklistValues": [],
      "referenceTo": [],
      "relationshipName": null,
      "sortable": true,
      "type": "boolean"
    },
    {
      "aggregatable": false,
      "custom": true,
      "defaultValue": null,
      "extraTypeInfo": null,
      "filterable": true,
      "groupable": true,
      "inlineHelpText": "Format: id,name",
      "label": "PicklistAttributesName",
      "name": "PicklistAttributesName__c",
      "nillable": true,
      "picklistValues": [],
      "referenceTo": [],
      "relationshipName": null,
      "sortable": true,
      "type": "string"
    },
    {
      "aggregatable": false,
      "custom": true,
      "defaultValue": null,
      "extraTypeInfo": null,
      "filterable": true,
      "groupable": true,
      "inlineHelpText": "Valores admitidos picklist",
      "label": "PicklistValues",
      "name": "PicklistValues__c",
      "nillable": true,
      "picklistValues": [],
      "referenceTo": [],
      "relationshipName": null,
      "sortable": true,
      "type": "string"
    },
    {
      "aggregatable": false,
      "custom": true,
      "defaultValue": null,
      "extraTypeInfo": null,
      "filterable": true,
      "groupable": true,
      "inlineHelpText": null,
      "label": "RelatedObjectType",
      "name": "RelatedObjectType__c",
      "nillable": true,
      "picklistValues": [],
      "referenceTo": [],
      "relationshipName": null,
      "sortable": true,
      "type": "string"
    },
    {
      "aggregatable": false,
      "custom": true,
      "defaultValue": false,
      "extraTypeInfo": null,
      "filterable": true,
      "groupable": true,
      "inlineHelpText": "Obligatorio",
      "label": "Required",
      "name": "Required__c",
      "nillable": false,
      "picklistValues": [],
      "referenceTo": [],
      "relationshipName": null,
      "sortable": true,
      "type": "boolean"
    },
    {
      "aggregatable": false,
      "custom": true,
      "defaultValue": null,
      "extraTypeInfo": null,
      "filterable": true,
      "groupable": true,
      "inlineHelpText": "Servicio Web",
      "label": "ServiceName",
      "name": "ServiceName__c",
      "nillable": true,
      "picklistValues": [],
      "referenceTo": [],
      "relationshipName": null,
      "sortable": true,
      "type": "string"
    },
    {
      "aggregatable": false,
      "custom": true,
      "defaultValue": null,
      "extraTypeInfo": null,
      "filterable": true,
      "groupable": true,
      "inlineHelpText": "Sistema origen",
      "label": "Source",
      "name": "Source__c",
      "nillable": true,
      "picklistValues": [],
      "referenceTo": [],
      "relationshipName": null,
      "sortable": true,
      "type": "string"
    }
  ],
  "label": "WebServicesControl",
  "childRelationships": [],
  "custom": true,
  "name": "WebServicesControl__mdt",
  "queryable": true
}