{
  "fields": [
    {
      "aggregatable": true,
      "custom": false,
      "defaultValue": null,
      "extraTypeInfo": null,
      "filterable": true,
      "groupable": true,
      "inlineHelpText": null,
      "label": "Apex Test Result ID",
      "name": "Id",
      "nillable": false,
      "picklistValues": [],
      "referenceTo": [],
      "relationshipName": null,
      "sortable": true,
      "type": "id"
    },
    {
      "aggregatable": true,
      "custom": false,
      "defaultValue": null,
      "extraTypeInfo": null,
      "filterable": true,
      "groupable": false,
      "inlineHelpText": null,
      "label": "System Modstamp",
      "name": "SystemModstamp",
      "nillable": false,
      "picklistValues": [],
      "referenceTo": [],
      "relationshipName": null,
      "sortable": true,
      "type": "datetime"
    },
    {
      "aggregatable": true,
      "custom": false,
      "defaultValue": null,
      "extraTypeInfo": null,
      "filterable": true,
      "groupable": false,
      "inlineHelpText": null,
      "label": "Time Started",
      "name": "TestTimestamp",
      "nillable": false,
      "picklistValues": [],
      "referenceTo": [],
      "relationshipName": null,
      "sortable": true,
      "type": "datetime"
    },
    {
      "aggregatable": true,
      "custom": false,
      "defaultValue": null,
      "extraTypeInfo": null,
      "filterable": true,
      "groupable": true,
      "inlineHelpText": null,
      "label": "Pass/Fail",
      "name": "Outcome",
      "nillable": false,
      "picklistValues": [
        {
          "active": true,
          "defaultValue": false,
          "label": "Pass",
          "validFor": null,
          "value": "Pass"
        },
        {
          "active": true,
          "defaultValue": false,
          "label": "Fail",
          "validFor": null,
          "value": "Fail"
        },
        {
          "active": true,
          "defaultValue": false,
          "label": "CompileFail",
          "validFor": null,
          "value": "CompileFail"
        },
        {
          "active": true,
          "defaultValue": false,
          "label": "Skip",
          "validFor": null,
          "value": "Skip"
        }
      ],
      "referenceTo": [],
      "relationshipName": null,
      "sortable": true,
      "type": "picklist"
    },
    {
      "aggregatable": true,
      "custom": false,
      "defaultValue": null,
      "extraTypeInfo": null,
      "filterable": true,
      "groupable": true,
      "inlineHelpText": null,
      "label": "Class ID",
      "name": "ApexClassId",
      "nillable": false,
      "picklistValues": [],
      "referenceTo": [
        "ApexClass"
      ],
      "relationshipName": "ApexClass",
      "sortable": true,
      "type": "reference"
    },
    {
      "aggregatable": true,
      "custom": false,
      "defaultValue": null,
      "extraTypeInfo": null,
      "filterable": true,
      "groupable": true,
      "inlineHelpText": null,
      "label": "Method Name",
      "name": "MethodName",
      "nillable": true,
      "picklistValues": [],
      "referenceTo": [],
      "relationshipName": null,
      "sortable": true,
      "type": "string"
    },
    {
      "aggregatable": true,
      "custom": false,
      "defaultValue": null,
      "extraTypeInfo": null,
      "filterable": true,
      "groupable": false,
      "inlineHelpText": null,
      "label": "Error Message",
      "name": "Message",
      "nillable": true,
      "picklistValues": [],
      "referenceTo": [],
      "relationshipName": null,
      "sortable": true,
      "type": "string"
    },
    {
      "aggregatable": true,
      "custom": false,
      "defaultValue": null,
      "extraTypeInfo": null,
      "filterable": true,
      "groupable": false,
      "inlineHelpText": null,
      "label": "Stack Trace",
      "name": "StackTrace",
      "nillable": true,
      "picklistValues": [],
      "referenceTo": [],
      "relationshipName": null,
      "sortable": true,
      "type": "string"
    },
    {
      "aggregatable": true,
      "custom": false,
      "defaultValue": null,
      "extraTypeInfo": null,
      "filterable": true,
      "groupable": true,
      "inlineHelpText": null,
      "label": "Apex Job ID",
      "name": "AsyncApexJobId",
      "nillable": true,
      "picklistValues": [],
      "referenceTo": [
        "AsyncApexJob"
      ],
      "relationshipName": "AsyncApexJob",
      "sortable": true,
      "type": "reference"
    },
    {
      "aggregatable": true,
      "custom": false,
      "defaultValue": null,
      "extraTypeInfo": null,
      "filterable": true,
      "groupable": true,
      "inlineHelpText": null,
      "label": "Apex Test Queue Item ID",
      "name": "QueueItemId",
      "nillable": true,
      "picklistValues": [],
      "referenceTo": [
        "ApexTestQueueItem"
      ],
      "relationshipName": "QueueItem",
      "sortable": true,
      "type": "reference"
    },
    {
      "aggregatable": true,
      "custom": false,
      "defaultValue": null,
      "extraTypeInfo": null,
      "filterable": true,
      "groupable": true,
      "inlineHelpText": null,
      "label": "Log ID",
      "name": "ApexLogId",
      "nillable": true,
      "picklistValues": [],
      "referenceTo": [
        "ApexLog"
      ],
      "relationshipName": "ApexLog",
      "sortable": true,
      "type": "reference"
    },
    {
      "aggregatable": true,
      "custom": false,
      "defaultValue": null,
      "extraTypeInfo": null,
      "filterable": true,
      "groupable": true,
      "inlineHelpText": null,
      "label": "ApexTestRunResult ID",
      "name": "ApexTestRunResultId",
      "nillable": true,
      "picklistValues": [],
      "referenceTo": [
        "ApexTestRunResult"
      ],
      "relationshipName": "ApexTestRunResult",
      "sortable": true,
      "type": "reference"
    },
    {
      "aggregatable": true,
      "custom": false,
      "defaultValue": null,
      "extraTypeInfo": null,
      "filterable": true,
      "groupable": true,
      "inlineHelpText": null,
      "label": "Run Time",
      "name": "RunTime",
      "nillable": true,
      "picklistValues": [],
      "referenceTo": [],
      "relationshipName": null,
      "sortable": true,
      "type": "int"
    }
  ],
  "label": "Apex Test Result",
  "childRelationships": [
    {
      "cascadeDelete": true,
      "childSObject": "ApexTestResultLimits",
      "deprecatedAndHidden": false,
      "field": "ApexTestResultId",
      "junctionIdListNames": [],
      "junctionReferenceTo": [],
      "relationshipName": "ApexTestResults",
      "restrictedDelete": false
    }
  ],
  "custom": false,
  "name": "ApexTestResult",
  "queryable": true
}