{
  "fields": [
    {
      "aggregatable": false,
      "custom": false,
      "defaultValue": null,
      "extraTypeInfo": null,
      "filterable": false,
      "groupable": false,
      "inlineHelpText": null,
      "label": "Replay ID",
      "name": "ReplayId",
      "nillable": true,
      "picklistValues": [],
      "referenceTo": [],
      "relationshipName": null,
      "sortable": false,
      "type": "string"
    },
    {
      "aggregatable": false,
      "custom": false,
      "defaultValue": null,
      "extraTypeInfo": null,
      "filterable": false,
      "groupable": false,
      "inlineHelpText": null,
      "label": "Created Date",
      "name": "CreatedDate",
      "nillable": false,
      "picklistValues": [],
      "referenceTo": [],
      "relationshipName": null,
      "sortable": false,
      "type": "datetime"
    },
    {
      "aggregatable": false,
      "custom": false,
      "defaultValue": null,
      "extraTypeInfo": null,
      "filterable": false,
      "groupable": false,
      "inlineHelpText": null,
      "label": "Event Identifier",
      "name": "EventIdentifier",
      "nillable": true,
      "picklistValues": [],
      "referenceTo": [],
      "relationshipName": null,
      "sortable": false,
      "type": "string"
    },
    {
      "aggregatable": false,
      "custom": false,
      "defaultValue": null,
      "extraTypeInfo": null,
      "filterable": false,
      "groupable": false,
      "inlineHelpText": null,
      "label": "User ID",
      "name": "UserId",
      "nillable": true,
      "picklistValues": [],
      "referenceTo": [
        "User"
      ],
      "relationshipName": "User",
      "sortable": false,
      "type": "reference"
    },
    {
      "aggregatable": false,
      "custom": false,
      "defaultValue": null,
      "extraTypeInfo": null,
      "filterable": false,
      "groupable": false,
      "inlineHelpText": null,
      "label": "Username",
      "name": "Username",
      "nillable": true,
      "picklistValues": [],
      "referenceTo": [],
      "relationshipName": null,
      "sortable": false,
      "type": "string"
    },
    {
      "aggregatable": false,
      "custom": false,
      "defaultValue": null,
      "extraTypeInfo": null,
      "filterable": false,
      "groupable": false,
      "inlineHelpText": null,
      "label": "Event Date",
      "name": "EventDate",
      "nillable": true,
      "picklistValues": [],
      "referenceTo": [],
      "relationshipName": null,
      "sortable": false,
      "type": "datetime"
    },
    {
      "aggregatable": false,
      "custom": false,
      "defaultValue": null,
      "extraTypeInfo": null,
      "filterable": false,
      "groupable": false,
      "inlineHelpText": null,
      "label": "Related Event Identifier",
      "name": "RelatedEventIdentifier",
      "nillable": true,
      "picklistValues": [],
      "referenceTo": [],
      "relationshipName": null,
      "sortable": false,
      "type": "string"
    },
    {
      "aggregatable": false,
      "custom": false,
      "defaultValue": null,
      "extraTypeInfo": null,
      "filterable": false,
      "groupable": false,
      "inlineHelpText": null,
      "label": "Login History ID",
      "name": "LoginHistoryId",
      "nillable": true,
      "picklistValues": [],
      "referenceTo": [
        "LoginHistory"
      ],
      "relationshipName": "LoginHistory",
      "sortable": false,
      "type": "reference"
    },
    {
      "aggregatable": false,
      "custom": false,
      "defaultValue": null,
      "extraTypeInfo": null,
      "filterable": false,
      "groupable": false,
      "inlineHelpText": null,
      "label": "Rows Processed",
      "name": "RowsProcessed",
      "nillable": true,
      "picklistValues": [],
      "referenceTo": [],
      "relationshipName": null,
      "sortable": false,
      "type": "double"
    },
    {
      "aggregatable": false,
      "custom": false,
      "defaultValue": null,
      "extraTypeInfo": null,
      "filterable": false,
      "groupable": false,
      "inlineHelpText": null,
      "label": "Operation",
      "name": "Operation",
      "nillable": true,
      "picklistValues": [
        {
          "active": true,
          "defaultValue": false,
          "label": "Query",
          "validFor": null,
          "value": "Query"
        },
        {
          "active": true,
          "defaultValue": false,
          "label": "QueryMore",
          "validFor": null,
          "value": "QueryMore"
        },
        {
          "active": true,
          "defaultValue": false,
          "label": "QueryAll",
          "validFor": null,
          "value": "QueryAll"
        }
      ],
      "referenceTo": [],
      "relationshipName": null,
      "sortable": false,
      "type": "picklist"
    },
    {
      "aggregatable": false,
      "custom": false,
      "defaultValue": null,
      "extraTypeInfo": null,
      "filterable": false,
      "groupable": false,
      "inlineHelpText": null,
      "label": "Queried Entities",
      "name": "QueriedEntities",
      "nillable": true,
      "picklistValues": [],
      "referenceTo": [],
      "relationshipName": null,
      "sortable": false,
      "type": "string"
    },
    {
      "aggregatable": false,
      "custom": false,
      "defaultValue": null,
      "extraTypeInfo": null,
      "filterable": false,
      "groupable": false,
      "inlineHelpText": null,
      "label": "Transaction Security Policy ID",
      "name": "PolicyId",
      "nillable": true,
      "picklistValues": [],
      "referenceTo": [
        "TransactionSecurityPolicy"
      ],
      "relationshipName": "Policy",
      "sortable": false,
      "type": "reference"
    },
    {
      "aggregatable": false,
      "custom": false,
      "defaultValue": null,
      "extraTypeInfo": null,
      "filterable": false,
      "groupable": false,
      "inlineHelpText": null,
      "label": "Policy Outcome",
      "name": "PolicyOutcome",
      "nillable": true,
      "picklistValues": [
        {
          "active": true,
          "defaultValue": false,
          "label": "Block",
          "validFor": null,
          "value": "Block"
        },
        {
          "active": true,
          "defaultValue": false,
          "label": "FreezeUser",
          "validFor": null,
          "value": "FreezeUser"
        },
        {
          "active": true,
          "defaultValue": false,
          "label": "EndSession",
          "validFor": null,
          "value": "EndSession"
        },
        {
          "active": true,
          "defaultValue": false,
          "label": "Notified",
          "validFor": null,
          "value": "Notified"
        },
        {
          "active": true,
          "defaultValue": false,
          "label": "NoAction",
          "validFor": null,
          "value": "NoAction"
        },
        {
          "active": true,
          "defaultValue": false,
          "label": "TwoFAInitiated",
          "validFor": null,
          "value": "TwoFAInitiated"
        },
        {
          "active": true,
          "defaultValue": false,
          "label": "TwoFASucceeded",
          "validFor": null,
          "value": "TwoFASucceeded"
        },
        {
          "active": true,
          "defaultValue": false,
          "label": "TwoFADenied",
          "validFor": null,
          "value": "TwoFADenied"
        },
        {
          "active": true,
          "defaultValue": false,
          "label": "Error",
          "validFor": null,
          "value": "Error"
        },
        {
          "active": true,
          "defaultValue": false,
          "label": "TwoFAInProgress",
          "validFor": null,
          "value": "TwoFAInProgress"
        },
        {
          "active": true,
          "defaultValue": false,
          "label": "TwoFARecoverableError",
          "validFor": null,
          "value": "TwoFARecoverableError"
        },
        {
          "active": true,
          "defaultValue": false,
          "label": "TwoFAFailedGeneralError",
          "validFor": null,
          "value": "TwoFAFailedGeneralError"
        },
        {
          "active": true,
          "defaultValue": false,
          "label": "TwoFAFailedInvalidCode",
          "validFor": null,
          "value": "TwoFAFailedInvalidCode"
        },
        {
          "active": true,
          "defaultValue": false,
          "label": "TwoFAFailedTooManyAttempts",
          "validFor": null,
          "value": "TwoFAFailedTooManyAttempts"
        },
        {
          "active": true,
          "defaultValue": false,
          "label": "TwoFAAutomatedSuccess",
          "validFor": null,
          "value": "TwoFAAutomatedSuccess"
        },
        {
          "active": true,
          "defaultValue": false,
          "label": "TwoFAReportedDenied",
          "validFor": null,
          "value": "TwoFAReportedDenied"
        },
        {
          "active": true,
          "defaultValue": false,
          "label": "TwoFANoAction",
          "validFor": null,
          "value": "TwoFANoAction"
        },
        {
          "active": true,
          "defaultValue": false,
          "label": "FailedPasswordLockout",
          "validFor": null,
          "value": "FailedPasswordLockout"
        },
        {
          "active": true,
          "defaultValue": false,
          "label": "FailedInvalidPassword",
          "validFor": null,
          "value": "FailedInvalidPassword"
        }
      ],
      "referenceTo": [],
      "relationshipName": null,
      "sortable": false,
      "type": "picklist"
    },
    {
      "aggregatable": false,
      "custom": false,
      "defaultValue": null,
      "extraTypeInfo": null,
      "filterable": false,
      "groupable": false,
      "inlineHelpText": null,
      "label": "Evaluation Time",
      "name": "EvaluationTime",
      "nillable": true,
      "picklistValues": [],
      "referenceTo": [],
      "relationshipName": null,
      "sortable": false,
      "type": "double"
    },
    {
      "aggregatable": false,
      "custom": false,
      "defaultValue": null,
      "extraTypeInfo": null,
      "filterable": false,
      "groupable": false,
      "inlineHelpText": null,
      "label": "Session Key",
      "name": "SessionKey",
      "nillable": true,
      "picklistValues": [],
      "referenceTo": [],
      "relationshipName": null,
      "sortable": false,
      "type": "string"
    },
    {
      "aggregatable": false,
      "custom": false,
      "defaultValue": null,
      "extraTypeInfo": null,
      "filterable": false,
      "groupable": false,
      "inlineHelpText": null,
      "label": "Login Key",
      "name": "LoginKey",
      "nillable": true,
      "picklistValues": [],
      "referenceTo": [],
      "relationshipName": null,
      "sortable": false,
      "type": "string"
    },
    {
      "aggregatable": false,
      "custom": false,
      "defaultValue": null,
      "extraTypeInfo": null,
      "filterable": false,
      "groupable": false,
      "inlineHelpText": null,
      "label": "Session Level",
      "name": "SessionLevel",
      "nillable": true,
      "picklistValues": [
        {
          "active": true,
          "defaultValue": false,
          "label": null,
          "validFor": null,
          "value": "LOW"
        },
        {
          "active": true,
          "defaultValue": false,
          "label": null,
          "validFor": null,
          "value": "STANDARD"
        },
        {
          "active": true,
          "defaultValue": false,
          "label": null,
          "validFor": null,
          "value": "HIGH_ASSURANCE"
        }
      ],
      "referenceTo": [],
      "relationshipName": null,
      "sortable": false,
      "type": "picklist"
    },
    {
      "aggregatable": false,
      "custom": false,
      "defaultValue": null,
      "extraTypeInfo": null,
      "filterable": false,
      "groupable": false,
      "inlineHelpText": null,
      "label": "Source IP",
      "name": "SourceIp",
      "nillable": true,
      "picklistValues": [],
      "referenceTo": [],
      "relationshipName": null,
      "sortable": false,
      "type": "string"
    },
    {
      "aggregatable": false,
      "custom": false,
      "defaultValue": null,
      "extraTypeInfo": null,
      "filterable": false,
      "groupable": false,
      "inlineHelpText": null,
      "label": "Additional Information",
      "name": "AdditionalInfo",
      "nillable": true,
      "picklistValues": [],
      "referenceTo": [],
      "relationshipName": null,
      "sortable": false,
      "type": "string"
    },
    {
      "aggregatable": false,
      "custom": false,
      "defaultValue": null,
      "extraTypeInfo": null,
      "filterable": false,
      "groupable": false,
      "inlineHelpText": null,
      "label": "API Type",
      "name": "ApiType",
      "nillable": true,
      "picklistValues": [],
      "referenceTo": [],
      "relationshipName": null,
      "sortable": false,
      "type": "string"
    },
    {
      "aggregatable": false,
      "custom": false,
      "defaultValue": null,
      "extraTypeInfo": null,
      "filterable": false,
      "groupable": false,
      "inlineHelpText": null,
      "label": "API Version",
      "name": "ApiVersion",
      "nillable": true,
      "picklistValues": [],
      "referenceTo": [],
      "relationshipName": null,
      "sortable": false,
      "type": "double"
    },
    {
      "aggregatable": false,
      "custom": false,
      "defaultValue": null,
      "extraTypeInfo": null,
      "filterable": false,
      "groupable": false,
      "inlineHelpText": null,
      "label": "Application",
      "name": "Application",
      "nillable": true,
      "picklistValues": [],
      "referenceTo": [],
      "relationshipName": null,
      "sortable": false,
      "type": "string"
    },
    {
      "aggregatable": false,
      "custom": false,
      "defaultValue": null,
      "extraTypeInfo": null,
      "filterable": false,
      "groupable": false,
      "inlineHelpText": null,
      "label": "Browser",
      "name": "Browser",
      "nillable": true,
      "picklistValues": [],
      "referenceTo": [],
      "relationshipName": null,
      "sortable": false,
      "type": "string"
    },
    {
      "aggregatable": false,
      "custom": false,
      "defaultValue": null,
      "extraTypeInfo": null,
      "filterable": false,
      "groupable": false,
      "inlineHelpText": null,
      "label": "Client",
      "name": "Client",
      "nillable": true,
      "picklistValues": [],
      "referenceTo": [],
      "relationshipName": null,
      "sortable": false,
      "type": "string"
    },
    {
      "aggregatable": false,
      "custom": false,
      "defaultValue": null,
      "extraTypeInfo": null,
      "filterable": false,
      "groupable": false,
      "inlineHelpText": null,
      "label": "Connected Application ID",
      "name": "ConnectedAppId",
      "nillable": true,
      "picklistValues": [],
      "referenceTo": [],
      "relationshipName": null,
      "sortable": false,
      "type": "string"
    },
    {
      "aggregatable": false,
      "custom": false,
      "defaultValue": null,
      "extraTypeInfo": null,
      "filterable": false,
      "groupable": false,
      "inlineHelpText": null,
      "label": "Elapsed Time",
      "name": "ElapsedTime",
      "nillable": true,
      "picklistValues": [],
      "referenceTo": [],
      "relationshipName": null,
      "sortable": false,
      "type": "int"
    },
    {
      "aggregatable": false,
      "custom": false,
      "defaultValue": null,
      "extraTypeInfo": null,
      "filterable": false,
      "groupable": false,
      "inlineHelpText": null,
      "label": "Platform",
      "name": "Platform",
      "nillable": true,
      "picklistValues": [],
      "referenceTo": [],
      "relationshipName": null,
      "sortable": false,
      "type": "string"
    },
    {
      "aggregatable": false,
      "custom": false,
      "defaultValue": null,
      "extraTypeInfo": "plaintextarea",
      "filterable": false,
      "groupable": false,
      "inlineHelpText": null,
      "label": "Query",
      "name": "Query",
      "nillable": true,
      "picklistValues": [],
      "referenceTo": [],
      "relationshipName": null,
      "sortable": false,
      "type": "textarea"
    },
    {
      "aggregatable": false,
      "custom": false,
      "defaultValue": null,
      "extraTypeInfo": null,
      "filterable": false,
      "groupable": false,
      "inlineHelpText": null,
      "label": "Record Data",
      "name": "RecordData",
      "nillable": true,
      "picklistValues": [],
      "referenceTo": [],
      "relationshipName": null,
      "sortable": false,
      "type": "json"
    },
    {
      "aggregatable": false,
      "custom": false,
      "defaultValue": null,
      "extraTypeInfo": null,
      "filterable": false,
      "groupable": false,
      "inlineHelpText": null,
      "label": "User Agent",
      "name": "UserAgent",
      "nillable": true,
      "picklistValues": [],
      "referenceTo": [],
      "relationshipName": null,
      "sortable": false,
      "type": "string"
    }
  ],
  "label": "API Event Stream",
  "childRelationships": [
    {
      "cascadeDelete": false,
      "childSObject": "AsyncOperationEvent",
      "deprecatedAndHidden": false,
      "field": "SourceEvent",
      "junctionIdListNames": [],
      "junctionReferenceTo": [],
      "relationshipName": null,
      "restrictedDelete": false
    }
  ],
  "custom": false,
  "name": "ApiEventStream",
  "queryable": false
}