{
  "fields": [
    {
      "aggregatable": true,
      "custom": false,
      "defaultValue": null,
      "extraTypeInfo": null,
      "filterable": true,
      "groupable": true,
      "inlineHelpText": null,
      "label": "Apex Job ID",
      "name": "Id",
      "nillable": false,
      "picklistValues": [],
      "referenceTo": [],
      "relationshipName": null,
      "sortable": true,
      "type": "id"
    },
    {
      "aggregatable": true,
      "custom": false,
      "defaultValue": null,
      "extraTypeInfo": null,
      "filterable": true,
      "groupable": false,
      "inlineHelpText": null,
      "label": "Created Date",
      "name": "CreatedDate",
      "nillable": false,
      "picklistValues": [],
      "referenceTo": [],
      "relationshipName": null,
      "sortable": true,
      "type": "datetime"
    },
    {
      "aggregatable": true,
      "custom": false,
      "defaultValue": null,
      "extraTypeInfo": null,
      "filterable": true,
      "groupable": true,
      "inlineHelpText": null,
      "label": "Created By ID",
      "name": "CreatedById",
      "nillable": false,
      "picklistValues": [],
      "referenceTo": [
        "User"
      ],
      "relationshipName": "CreatedBy",
      "sortable": true,
      "type": "reference"
    },
    {
      "aggregatable": true,
      "custom": false,
      "defaultValue": null,
      "extraTypeInfo": null,
      "filterable": true,
      "groupable": true,
      "inlineHelpText": null,
      "label": "Job Type",
      "name": "JobType",
      "nillable": false,
      "picklistValues": [
        {
          "active": true,
          "defaultValue": false,
          "label": "Future",
          "validFor": null,
          "value": "Future"
        },
        {
          "active": true,
          "defaultValue": false,
          "label": "Sharing Recalculation",
          "validFor": null,
          "value": "SharingRecalculation"
        },
        {
          "active": true,
          "defaultValue": false,
          "label": "Scheduled Apex",
          "validFor": null,
          "value": "ScheduledApex"
        },
        {
          "active": true,
          "defaultValue": false,
          "label": "Batch Apex",
          "validFor": null,
          "value": "BatchApex"
        },
        {
          "active": true,
          "defaultValue": false,
          "label": "Batch Apex Worker",
          "validFor": null,
          "value": "BatchApexWorker"
        },
        {
          "active": true,
          "defaultValue": false,
          "label": "Test Request",
          "validFor": null,
          "value": "TestRequest"
        },
        {
          "active": true,
          "defaultValue": false,
          "label": "Test Worker",
          "validFor": null,
          "value": "TestWorker"
        },
        {
          "active": true,
          "defaultValue": false,
          "label": "Apex Token",
          "validFor": null,
          "value": "ApexToken"
        },
        {
          "active": true,
          "defaultValue": false,
          "label": "Queueable",
          "validFor": null,
          "value": "Queueable"
        }
      ],
      "referenceTo": [],
      "relationshipName": null,
      "sortable": true,
      "type": "picklist"
    },
    {
      "aggregatable": true,
      "custom": false,
      "defaultValue": null,
      "extraTypeInfo": null,
      "filterable": true,
      "groupable": true,
      "inlineHelpText": null,
      "label": "Class ID",
      "name": "ApexClassId",
      "nillable": true,
      "picklistValues": [],
      "referenceTo": [
        "ApexClass"
      ],
      "relationshipName": "ApexClass",
      "sortable": true,
      "type": "reference"
    },
    {
      "aggregatable": true,
      "custom": false,
      "defaultValue": null,
      "extraTypeInfo": null,
      "filterable": true,
      "groupable": true,
      "inlineHelpText": null,
      "label": "Status",
      "name": "Status",
      "nillable": false,
      "picklistValues": [
        {
          "active": true,
          "defaultValue": false,
          "label": "Queued",
          "validFor": null,
          "value": "Queued"
        },
        {
          "active": true,
          "defaultValue": false,
          "label": "Processing",
          "validFor": null,
          "value": "Processing"
        },
        {
          "active": true,
          "defaultValue": false,
          "label": "Aborted",
          "validFor": null,
          "value": "Aborted"
        },
        {
          "active": true,
          "defaultValue": false,
          "label": "Completed",
          "validFor": null,
          "value": "Completed"
        },
        {
          "active": true,
          "defaultValue": false,
          "label": "Failed",
          "validFor": null,
          "value": "Failed"
        },
        {
          "active": true,
          "defaultValue": false,
          "label": "Preparing",
          "validFor": null,
          "value": "Preparing"
        },
        {
          "active": true,
          "defaultValue": false,
          "label": "Holding",
          "validFor": null,
          "value": "Holding"
        }
      ],
      "referenceTo": [],
      "relationshipName": null,
      "sortable": true,
      "type": "picklist"
    },
    {
      "aggregatable": true,
      "custom": false,
      "defaultValue": null,
      "extraTypeInfo": null,
      "filterable": true,
      "groupable": true,
      "inlineHelpText": null,
      "label": "Batches Processed",
      "name": "JobItemsProcessed",
      "nillable": false,
      "picklistValues": [],
      "referenceTo": [],
      "relationshipName": null,
      "sortable": true,
      "type": "int"
    },
    {
      "aggregatable": true,
      "custom": false,
      "defaultValue": null,
      "extraTypeInfo": null,
      "filterable": true,
      "groupable": true,
      "inlineHelpText": null,
      "label": "Total Batches",
      "name": "TotalJobItems",
      "nillable": true,
      "picklistValues": [],
      "referenceTo": [],
      "relationshipName": null,
      "sortable": true,
      "type": "int"
    },
    {
      "aggregatable": true,
      "custom": false,
      "defaultValue": null,
      "extraTypeInfo": null,
      "filterable": true,
      "groupable": true,
      "inlineHelpText": null,
      "label": "Failures",
      "name": "NumberOfErrors",
      "nillable": true,
      "picklistValues": [],
      "referenceTo": [],
      "relationshipName": null,
      "sortable": true,
      "type": "int"
    },
    {
      "aggregatable": true,
      "custom": false,
      "defaultValue": null,
      "extraTypeInfo": null,
      "filterable": true,
      "groupable": false,
      "inlineHelpText": null,
      "label": "Completion Date",
      "name": "CompletedDate",
      "nillable": true,
      "picklistValues": [],
      "referenceTo": [],
      "relationshipName": null,
      "sortable": true,
      "type": "datetime"
    },
    {
      "aggregatable": true,
      "custom": false,
      "defaultValue": null,
      "extraTypeInfo": null,
      "filterable": true,
      "groupable": true,
      "inlineHelpText": null,
      "label": "Apex Method",
      "name": "MethodName",
      "nillable": true,
      "picklistValues": [],
      "referenceTo": [],
      "relationshipName": null,
      "sortable": true,
      "type": "string"
    },
    {
      "aggregatable": true,
      "custom": false,
      "defaultValue": null,
      "extraTypeInfo": null,
      "filterable": true,
      "groupable": true,
      "inlineHelpText": null,
      "label": "Status Detail",
      "name": "ExtendedStatus",
      "nillable": true,
      "picklistValues": [],
      "referenceTo": [],
      "relationshipName": null,
      "sortable": true,
      "type": "string"
    },
    {
      "aggregatable": true,
      "custom": false,
      "defaultValue": null,
      "extraTypeInfo": null,
      "filterable": true,
      "groupable": true,
      "inlineHelpText": null,
      "label": "Apex Job ID",
      "name": "ParentJobId",
      "nillable": true,
      "picklistValues": [],
      "referenceTo": [
        "AsyncApexJob"
      ],
      "relationshipName": null,
      "sortable": true,
      "type": "reference"
    },
    {
      "aggregatable": true,
      "custom": false,
      "defaultValue": null,
      "extraTypeInfo": null,
      "filterable": true,
      "groupable": true,
      "inlineHelpText": null,
      "label": "Last ID processed and committed",
      "name": "LastProcessed",
      "nillable": true,
      "picklistValues": [],
      "referenceTo": [],
      "relationshipName": null,
      "sortable": true,
      "type": "string"
    },
    {
      "aggregatable": true,
      "custom": false,
      "defaultValue": null,
      "extraTypeInfo": null,
      "filterable": true,
      "groupable": true,
      "inlineHelpText": null,
      "label": "Offset of last ID processed and committed",
      "name": "LastProcessedOffset",
      "nillable": true,
      "picklistValues": [],
      "referenceTo": [],
      "relationshipName": null,
      "sortable": true,
      "type": "int"
    }
  ],
  "label": "Apex Job",
  "childRelationships": [
    {
      "cascadeDelete": true,
      "childSObject": "ApexTestQueueItem",
      "deprecatedAndHidden": false,
      "field": "ParentJobId",
      "junctionIdListNames": [],
      "junctionReferenceTo": [],
      "relationshipName": null,
      "restrictedDelete": false
    },
    {
      "cascadeDelete": false,
      "childSObject": "ApexTestResult",
      "deprecatedAndHidden": false,
      "field": "AsyncApexJobId",
      "junctionIdListNames": [],
      "junctionReferenceTo": [],
      "relationshipName": null,
      "restrictedDelete": false
    },
    {
      "cascadeDelete": false,
      "childSObject": "ApexTestRunResult",
      "deprecatedAndHidden": false,
      "field": "AsyncApexJobId",
      "junctionIdListNames": [],
      "junctionReferenceTo": [],
      "relationshipName": "AsyncApex",
      "restrictedDelete": false
    },
    {
      "cascadeDelete": false,
      "childSObject": "AsyncApexJob",
      "deprecatedAndHidden": false,
      "field": "ParentJobId",
      "junctionIdListNames": [],
      "junctionReferenceTo": [],
      "relationshipName": null,
      "restrictedDelete": false
    },
    {
      "cascadeDelete": false,
      "childSObject": "FlexQueueItem",
      "deprecatedAndHidden": false,
      "field": "AsyncApexJobId",
      "junctionIdListNames": [],
      "junctionReferenceTo": [],
      "relationshipName": null,
      "restrictedDelete": false
    },
    {
      "cascadeDelete": false,
      "childSObject": "FlowRecordRelation",
      "deprecatedAndHidden": false,
      "field": "RelatedRecordId",
      "junctionIdListNames": [],
      "junctionReferenceTo": [],
      "relationshipName": null,
      "restrictedDelete": false
    }
  ],
  "custom": false,
  "name": "AsyncApexJob",
  "queryable": true
}