{
  "fields": [
    {
      "aggregatable": true,
      "custom": false,
      "defaultValue": null,
      "extraTypeInfo": null,
      "filterable": true,
      "groupable": true,
      "inlineHelpText": null,
      "label": "Authorization Form Text ID",
      "name": "Id",
      "nillable": false,
      "picklistValues": [],
      "referenceTo": [],
      "relationshipName": null,
      "sortable": true,
      "type": "id"
    },
    {
      "aggregatable": false,
      "custom": false,
      "defaultValue": false,
      "extraTypeInfo": null,
      "filterable": true,
      "groupable": true,
      "inlineHelpText": null,
      "label": "Deleted",
      "name": "IsDeleted",
      "nillable": false,
      "picklistValues": [],
      "referenceTo": [],
      "relationshipName": null,
      "sortable": true,
      "type": "boolean"
    },
    {
      "aggregatable": true,
      "custom": false,
      "defaultValue": null,
      "extraTypeInfo": null,
      "filterable": true,
      "groupable": true,
      "inlineHelpText": null,
      "label": "Name",
      "name": "Name",
      "nillable": false,
      "picklistValues": [],
      "referenceTo": [],
      "relationshipName": null,
      "sortable": true,
      "type": "string"
    },
    {
      "aggregatable": true,
      "custom": false,
      "defaultValue": null,
      "extraTypeInfo": null,
      "filterable": true,
      "groupable": false,
      "inlineHelpText": null,
      "label": "Created Date",
      "name": "CreatedDate",
      "nillable": false,
      "picklistValues": [],
      "referenceTo": [],
      "relationshipName": null,
      "sortable": true,
      "type": "datetime"
    },
    {
      "aggregatable": true,
      "custom": false,
      "defaultValue": null,
      "extraTypeInfo": null,
      "filterable": true,
      "groupable": true,
      "inlineHelpText": null,
      "label": "Created By ID",
      "name": "CreatedById",
      "nillable": false,
      "picklistValues": [],
      "referenceTo": [
        "User"
      ],
      "relationshipName": "CreatedBy",
      "sortable": true,
      "type": "reference"
    },
    {
      "aggregatable": true,
      "custom": false,
      "defaultValue": null,
      "extraTypeInfo": null,
      "filterable": true,
      "groupable": false,
      "inlineHelpText": null,
      "label": "Last Modified Date",
      "name": "LastModifiedDate",
      "nillable": false,
      "picklistValues": [],
      "referenceTo": [],
      "relationshipName": null,
      "sortable": true,
      "type": "datetime"
    },
    {
      "aggregatable": true,
      "custom": false,
      "defaultValue": null,
      "extraTypeInfo": null,
      "filterable": true,
      "groupable": true,
      "inlineHelpText": null,
      "label": "Last Modified By ID",
      "name": "LastModifiedById",
      "nillable": false,
      "picklistValues": [],
      "referenceTo": [
        "User"
      ],
      "relationshipName": "LastModifiedBy",
      "sortable": true,
      "type": "reference"
    },
    {
      "aggregatable": true,
      "custom": false,
      "defaultValue": null,
      "extraTypeInfo": null,
      "filterable": true,
      "groupable": false,
      "inlineHelpText": null,
      "label": "System Modstamp",
      "name": "SystemModstamp",
      "nillable": false,
      "picklistValues": [],
      "referenceTo": [],
      "relationshipName": null,
      "sortable": true,
      "type": "datetime"
    },
    {
      "aggregatable": true,
      "custom": false,
      "defaultValue": null,
      "extraTypeInfo": null,
      "filterable": true,
      "groupable": false,
      "inlineHelpText": null,
      "label": "Last Viewed Date",
      "name": "LastViewedDate",
      "nillable": true,
      "picklistValues": [],
      "referenceTo": [],
      "relationshipName": null,
      "sortable": true,
      "type": "datetime"
    },
    {
      "aggregatable": true,
      "custom": false,
      "defaultValue": null,
      "extraTypeInfo": null,
      "filterable": true,
      "groupable": false,
      "inlineHelpText": null,
      "label": "Last Referenced Date",
      "name": "LastReferencedDate",
      "nillable": true,
      "picklistValues": [],
      "referenceTo": [],
      "relationshipName": null,
      "sortable": true,
      "type": "datetime"
    },
    {
      "aggregatable": true,
      "custom": false,
      "defaultValue": null,
      "extraTypeInfo": null,
      "filterable": true,
      "groupable": true,
      "inlineHelpText": null,
      "label": "Authorization Form ID",
      "name": "AuthorizationFormId",
      "nillable": false,
      "picklistValues": [],
      "referenceTo": [
        "AuthorizationForm"
      ],
      "relationshipName": "AuthorizationForm",
      "sortable": true,
      "type": "reference"
    },
    {
      "aggregatable": true,
      "custom": false,
      "defaultValue": null,
      "extraTypeInfo": null,
      "filterable": true,
      "groupable": true,
      "inlineHelpText": null,
      "label": "Full Authorization Form Url",
      "name": "FullAuthorizationFormUrl",
      "nillable": true,
      "picklistValues": [],
      "referenceTo": [],
      "relationshipName": null,
      "sortable": true,
      "type": "string"
    },
    {
      "aggregatable": true,
      "custom": false,
      "defaultValue": null,
      "extraTypeInfo": null,
      "filterable": true,
      "groupable": true,
      "inlineHelpText": null,
      "label": "Summary Auth Form Text",
      "name": "SummaryAuthFormText",
      "nillable": true,
      "picklistValues": [],
      "referenceTo": [],
      "relationshipName": null,
      "sortable": true,
      "type": "string"
    },
    {
      "aggregatable": true,
      "custom": false,
      "defaultValue": null,
      "extraTypeInfo": null,
      "filterable": true,
      "groupable": true,
      "inlineHelpText": null,
      "label": "Locale",
      "name": "Locale",
      "nillable": true,
      "picklistValues": [
        {
          "active": true,
          "defaultValue": false,
          "label": "Afrikaans (South Africa)",
          "validFor": null,
          "value": "af_ZA"
        },
        {
          "active": true,
          "defaultValue": false,
          "label": "Spanish (Ecuador)",
          "validFor": null,
          "value": "es_EC"
        },
        {
          "active": true,
          "defaultValue": false,
          "label": "French (Luxembourg)",
          "validFor": null,
          "value": "fr_LU"
        },
        {
          "active": true,
          "defaultValue": false,
          "label": "English (Tonga)",
          "validFor": null,
          "value": "en_TO"
        },
        {
          "active": true,
          "defaultValue": false,
          "label": "English (Trinidad & Tobago)",
          "validFor": null,
          "value": "en_TT"
        },
        {
          "active": true,
          "defaultValue": false,
          "label": "Dutch (Aruba)",
          "validFor": null,
          "value": "nl_AW"
        },
        {
          "active": true,
          "defaultValue": false,
          "label": "Spanish (Spain)",
          "validFor": null,
          "value": "es_ES"
        },
        {
          "active": true,
          "defaultValue": false,
          "label": "Portuguese (São Tomé & Príncipe)",
          "validFor": null,
          "value": "pt_ST"
        },
        {
          "active": true,
          "defaultValue": false,
          "label": "Xhosa (South Africa)",
          "validFor": null,
          "value": "xh_ZA"
        },
        {
          "active": true,
          "defaultValue": false,
          "label": "English (Tanzania)",
          "validFor": null,
          "value": "en_TZ"
        },
        {
          "active": true,
          "defaultValue": false,
          "label": "Serbian (Latin) (Serbia)",
          "validFor": null,
          "value": "sh_CS"
        },
        {
          "active": true,
          "defaultValue": false,
          "label": "Dutch (Belgium)",
          "validFor": null,
          "value": "nl_BE"
        },
        {
          "active": true,
          "defaultValue": false,
          "label": "English (Uganda)",
          "validFor": null,
          "value": "en_UG"
        },
        {
          "active": true,
          "defaultValue": false,
          "label": "Tigrinya (Ethiopia)",
          "validFor": null,
          "value": "ti_ET"
        },
        {
          "active": true,
          "defaultValue": false,
          "label": "French (Mauritania)",
          "validFor": null,
          "value": "fr_MR"
        },
        {
          "active": true,
          "defaultValue": false,
          "label": "Hebrew (Israel)",
          "validFor": null,
          "value": "iw_IL"
        },
        {
          "active": true,
          "defaultValue": false,
          "label": "Korean (South Korea)",
          "validFor": null,
          "value": "ko_KR"
        },
        {
          "active": true,
          "defaultValue": false,
          "label": "English (United States)",
          "validFor": null,
          "value": "en_US"
        },
        {
          "active": true,
          "defaultValue": false,
          "label": "Korean (North Korea)",
          "validFor": null,
          "value": "ko_KP"
        },
        {
          "active": true,
          "defaultValue": false,
          "label": "French (Monaco)",
          "validFor": null,
          "value": "fr_MC"
        },
        {
          "active": true,
          "defaultValue": false,
          "label": "Zulu (South Africa)",
          "validFor": null,
          "value": "zu_ZA"
        },
        {
          "active": true,
          "defaultValue": false,
          "label": "Belarusian (Belarus)",
          "validFor": null,
          "value": "be_BY"
        },
        {
          "active": true,
          "defaultValue": false,
          "label": "Arabic (Yemen)",
          "validFor": null,
          "value": "ar_YE"
        },
        {
          "active": true,
          "defaultValue": false,
          "label": "Spanish (Colombia)",
          "validFor": null,
          "value": "es_CO"
        },
        {
          "active": true,
          "defaultValue": false,
          "label": "English (Rwanda)",
          "validFor": null,
          "value": "en_RW"
        },
        {
          "active": true,
          "defaultValue": false,
          "label": "Uzbek (LATN,UZ)",
          "validFor": null,
          "value": "uz_LATN_UZ"
        },
        {
          "active": true,
          "defaultValue": false,
          "label": "Spanish (Chile)",
          "validFor": null,
          "value": "es_CL"
        },
        {
          "active": true,
          "defaultValue": false,
          "label": "Bangla (India)",
          "validFor": null,
          "value": "bn_IN"
        },
        {
          "active": true,
          "defaultValue": false,
          "label": "Spanish (Costa Rica)",
          "validFor": null,
          "value": "es_CR"
        },
        {
          "active": true,
          "defaultValue": false,
          "label": "English (Seychelles)",
          "validFor": null,
          "value": "en_SC"
        },
        {
          "active": true,
          "defaultValue": false,
          "label": "French (Comoros)",
          "validFor": null,
          "value": "fr_KM"
        },
        {
          "active": true,
          "defaultValue": false,
          "label": "English (Solomon Islands)",
          "validFor": null,
          "value": "en_SB"
        },
        {
          "active": true,
          "defaultValue": false,
          "label": "Spanish (Cuba)",
          "validFor": null,
          "value": "es_CU"
        },
        {
          "active": true,
          "defaultValue": false,
          "label": "English (Singapore)",
          "validFor": null,
          "value": "en_SG"
        },
        {
          "active": true,
          "defaultValue": false,
          "label": "English (St. Helena)",
          "validFor": null,
          "value": "en_SH"
        },
        {
          "active": true,
          "defaultValue": false,
          "label": "English (Sierra Leone)",
          "validFor": null,
          "value": "en_SL"
        },
        {
          "active": true,
          "defaultValue": false,
          "label": "Montenegrin (Montenegro, USD)",
          "validFor": null,
          "value": "sh_ME_USD"
        },
        {
          "active": true,
          "defaultValue": false,
          "label": "Azerbaijani (Azerbaijan)",
          "validFor": null,
          "value": "az_AZ"
        },
        {
          "active": true,
          "defaultValue": false,
          "label": "Finnish (Finland)",
          "validFor": null,
          "value": "fi_FI"
        },
        {
          "active": true,
          "defaultValue": false,
          "label": "Urdu (Pakistan)",
          "validFor": null,
          "value": "ur_PK"
        },
        {
          "active": true,
          "defaultValue": false,
          "label": "Spanish (Dominican Republic)",
          "validFor": null,
          "value": "es_DO"
        },
        {
          "active": true,
          "defaultValue": false,
          "label": "English (Sint Maarten)",
          "validFor": null,
          "value": "en_SX"
        },
        {
          "active": true,
          "defaultValue": false,
          "label": "Portuguese (Portugal)",
          "validFor": null,
          "value": "pt_PT"
        },
        {
          "active": true,
          "defaultValue": false,
          "label": "English (Eswatini)",
          "validFor": null,
          "value": "en_SZ"
        },
        {
          "active": true,
          "defaultValue": false,
          "label": "English (Philippines)",
          "validFor": null,
          "value": "en_PH"
        },
        {
          "active": true,
          "defaultValue": false,
          "label": "Bangla (Bangladesh)",
          "validFor": null,
          "value": "bn_BD"
        },
        {
          "active": true,
          "defaultValue": false,
          "label": "French (Haiti)",
          "validFor": null,
          "value": "fr_HT"
        },
        {
          "active": true,
          "defaultValue": false,
          "label": "Hungarian (Hungary)",
          "validFor": null,
          "value": "hu_HU"
        },
        {
          "active": true,
          "defaultValue": false,
          "label": "English (Papua New Guinea)",
          "validFor": null,
          "value": "en_PG"
        },
        {
          "active": true,
          "defaultValue": false,
          "label": "Arabic (Saudi Arabia)",
          "validFor": null,
          "value": "ar_SA"
        },
        {
          "active": true,
          "defaultValue": false,
          "label": "English (Pakistan)",
          "validFor": null,
          "value": "en_PK"
        },
        {
          "active": true,
          "defaultValue": false,
          "label": "Arabic (Sudan)",
          "validFor": null,
          "value": "ar_SD"
        },
        {
          "active": true,
          "defaultValue": false,
          "label": "Serbian (Cyrillic) (Bosnia and Herzegovina)",
          "validFor": null,
          "value": "sr_BA"
        },
        {
          "active": true,
          "defaultValue": false,
          "label": "Romanian (Moldova)",
          "validFor": null,
          "value": "ro_MD"
        },
        {
          "active": true,
          "defaultValue": false,
          "label": "Spanish (Argentina)",
          "validFor": null,
          "value": "es_AR"
        },
        {
          "active": true,
          "defaultValue": false,
          "label": "Arabic (Syria)",
          "validFor": null,
          "value": "ar_SY"
        },
        {
          "active": true,
          "defaultValue": false,
          "label": "Spanish (Bolivia)",
          "validFor": null,
          "value": "es_BO"
        },
        {
          "active": true,
          "defaultValue": false,
          "label": "English (Malaysia)",
          "validFor": null,
          "value": "en_MY"
        },
        {
          "active": true,
          "defaultValue": false,
          "label": "English (Malawi)",
          "validFor": null,
          "value": "en_MW"
        },
        {
          "active": true,
          "defaultValue": false,
          "label": "Arabic (Tunisia)",
          "validFor": null,
          "value": "ar_TN"
        },
        {
          "active": true,
          "defaultValue": false,
          "label": "Hindi (India)",
          "validFor": null,
          "value": "hi_IN"
        },
        {
          "active": true,
          "defaultValue": false,
          "label": "English (Namibia)",
          "validFor": null,
          "value": "en_NA"
        },
        {
          "active": true,
          "defaultValue": false,
          "label": "French (France)",
          "validFor": null,
          "value": "fr_FR"
        },
        {
          "active": true,
          "defaultValue": false,
          "label": "English (Nigeria)",
          "validFor": null,
          "value": "en_NG"
        },
        {
          "active": true,
          "defaultValue": false,
          "label": "Yoruba (Benin)",
          "validFor": null,
          "value": "yo_BJ"
        },
        {
          "active": true,
          "defaultValue": false,
          "label": "Malay (Malaysia)",
          "validFor": null,
          "value": "ms_MY"
        },
        {
          "active": true,
          "defaultValue": false,
          "label": "Serbian (Cyrillic) (Serbia)",
          "validFor": null,
          "value": "sr_CS"
        },
        {
          "active": true,
          "defaultValue": false,
          "label": "English (New Zealand)",
          "validFor": null,
          "value": "en_NZ"
        },
        {
          "active": true,
          "defaultValue": false,
          "label": "French (Guinea)",
          "validFor": null,
          "value": "fr_GN"
        },
        {
          "active": true,
          "defaultValue": false,
          "label": "Serbian (Latin) (Bosnia and Herzegovina)",
          "validFor": null,
          "value": "sh_BA"
        },
        {
          "active": true,
          "defaultValue": false,
          "label": "Welsh (United Kingdom)",
          "validFor": null,
          "value": "cy_GB"
        },
        {
          "active": true,
          "defaultValue": false,
          "label": "Luba-Katanga (Congo - Kinshasa)",
          "validFor": null,
          "value": "lu_CD"
        },
        {
          "active": true,
          "defaultValue": false,
          "label": "German (Austria)",
          "validFor": null,
          "value": "de_AT"
        },
        {
          "active": true,
          "defaultValue": false,
          "label": "Romanian (Romania)",
          "validFor": null,
          "value": "ro_RO"
        },
        {
          "active": true,
          "defaultValue": false,
          "label": "Chinese (Taiwan, Stroke Ordering)",
          "validFor": null,
          "value": "zh_TW_STROKE"
        },
        {
          "active": true,
          "defaultValue": false,
          "label": "English (Cayman Islands)",
          "validFor": null,
          "value": "en_KY"
        },
        {
          "active": true,
          "defaultValue": false,
          "label": "Maltese (Malta)",
          "validFor": null,
          "value": "mt_MT"
        },
        {
          "active": true,
          "defaultValue": false,
          "label": "English (Liberia)",
          "validFor": null,
          "value": "en_LR"
        },
        {
          "active": true,
          "defaultValue": false,
          "label": "Arabic (Oman)",
          "validFor": null,
          "value": "ar_OM"
        },
        {
          "active": true,
          "defaultValue": false,
          "label": "Dzongkha (Bhutan)",
          "validFor": null,
          "value": "dz_BT"
        },
        {
          "active": true,
          "defaultValue": false,
          "label": "English (Madagascar)",
          "validFor": null,
          "value": "en_MG"
        },
        {
          "active": true,
          "defaultValue": false,
          "label": "English (Mauritius)",
          "validFor": null,
          "value": "en_MU"
        },
        {
          "active": true,
          "defaultValue": false,
          "label": "Italian (Italy)",
          "validFor": null,
          "value": "it_IT"
        },
        {
          "active": true,
          "defaultValue": false,
          "label": "Polish (Poland)",
          "validFor": null,
          "value": "pl_PL"
        },
        {
          "active": true,
          "defaultValue": false,
          "label": "French (Belgium)",
          "validFor": null,
          "value": "fr_BE"
        },
        {
          "active": true,
          "defaultValue": false,
          "label": "Montenegrin (Montenegro)",
          "validFor": null,
          "value": "sh_ME"
        },
        {
          "active": true,
          "defaultValue": false,
          "label": "Turkish (Turkey)",
          "validFor": null,
          "value": "tr_TR"
        },
        {
          "active": true,
          "defaultValue": false,
          "label": "German (Germany)",
          "validFor": null,
          "value": "de_DE"
        },
        {
          "active": true,
          "defaultValue": false,
          "label": "Tajik (Tajikistan)",
          "validFor": null,
          "value": "tg_TJ"
        },
        {
          "active": true,
          "defaultValue": false,
          "label": "Arabic (Qatar)",
          "validFor": null,
          "value": "ar_QA"
        },
        {
          "active": true,
          "defaultValue": false,
          "label": "German (Switzerland)",
          "validFor": null,
          "value": "de_CH"
        },
        {
          "active": true,
          "defaultValue": false,
          "label": "Chinese (Hong Kong SAR China)",
          "validFor": null,
          "value": "zh_HK"
        },
        {
          "active": true,
          "defaultValue": false,
          "label": "Chinese (China, Pinyin Ordering)",
          "validFor": null,
          "value": "zh_CN_PINYIN"
        },
        {
          "active": true,
          "defaultValue": false,
          "label": "English (Jamaica)",
          "validFor": null,
          "value": "en_JM"
        },
        {
          "active": true,
          "defaultValue": false,
          "label": "French (Canada)",
          "validFor": null,
          "value": "fr_CA"
        },
        {
          "active": true,
          "defaultValue": false,
          "label": "French (Switzerland)",
          "validFor": null,
          "value": "fr_CH"
        },
        {
          "active": true,
          "defaultValue": false,
          "label": "Vietnamese (Vietnam)",
          "validFor": null,
          "value": "vi_VN"
        },
        {
          "active": true,
          "defaultValue": false,
          "label": "German (Belgium)",
          "validFor": null,
          "value": "de_BE"
        },
        {
          "active": true,
          "defaultValue": false,
          "label": "English (Kenya)",
          "validFor": null,
          "value": "en_KE"
        },
        {
          "active": true,
          "defaultValue": false,
          "label": "Te reo (New Zealand)",
          "validFor": null,
          "value": "mi_NZ"
        },
        {
          "active": true,
          "defaultValue": false,
          "label": "English (Guyana)",
          "validFor": null,
          "value": "en_GY"
        },
        {
          "active": true,
          "defaultValue": false,
          "label": "Catalan (Spain)",
          "validFor": null,
          "value": "ca_ES"
        },
        {
          "active": true,
          "defaultValue": false,
          "label": "Somali (Somalia)",
          "validFor": null,
          "value": "so_SO"
        },
        {
          "active": true,
          "defaultValue": false,
          "label": "English (Hong Kong SAR China)",
          "validFor": null,
          "value": "en_HK"
        },
        {
          "active": true,
          "defaultValue": false,
          "label": "Dutch (Netherlands)",
          "validFor": null,
          "value": "nl_NL"
        },
        {
          "active": true,
          "defaultValue": false,
          "label": "Arabic (Jordan)",
          "validFor": null,
          "value": "ar_JO"
        },
        {
          "active": true,
          "defaultValue": false,
          "label": "Icelandic (Iceland)",
          "validFor": null,
          "value": "is_IS"
        },
        {
          "active": true,
          "defaultValue": false,
          "label": "English (Ireland)",
          "validFor": null,
          "value": "en_IE"
        },
        {
          "active": true,
          "defaultValue": false,
          "label": "Croatian (Croatia)",
          "validFor": null,
          "value": "hr_HR"
        },
        {
          "active": true,
          "defaultValue": false,
          "label": "English (Indonesia)",
          "validFor": null,
          "value": "en_ID"
        },
        {
          "active": true,
          "defaultValue": false,
          "label": "Arabic (Kuwait)",
          "validFor": null,
          "value": "ar_KW"
        },
        {
          "active": true,
          "defaultValue": false,
          "label": "Lithuanian (Lithuania)",
          "validFor": null,
          "value": "lt_LT"
        },
        {
          "active": true,
          "defaultValue": false,
          "label": "English (India)",
          "validFor": null,
          "value": "en_IN"
        },
        {
          "active": true,
          "defaultValue": false,
          "label": "Pashto (Afghanistan)",
          "validFor": null,
          "value": "ps_AF"
        },
        {
          "active": true,
          "defaultValue": false,
          "label": "Chinese (Hong Kong SAR China, Stroke Ordering)",
          "validFor": null,
          "value": "zh_HK_STROKE"
        },
        {
          "active": true,
          "defaultValue": false,
          "label": "English (Eritrea)",
          "validFor": null,
          "value": "en_ER"
        },
        {
          "active": true,
          "defaultValue": false,
          "label": "Arabic (Lebanon)",
          "validFor": null,
          "value": "ar_LB"
        },
        {
          "active": true,
          "defaultValue": false,
          "label": "Arabic (Libya)",
          "validFor": null,
          "value": "ar_LY"
        },
        {
          "active": true,
          "defaultValue": false,
          "label": "English (Fiji)",
          "validFor": null,
          "value": "en_FJ"
        },
        {
          "active": true,
          "defaultValue": false,
          "label": "English (Falkland Islands)",
          "validFor": null,
          "value": "en_FK"
        },
        {
          "active": true,
          "defaultValue": false,
          "label": "Macedonian (North Macedonia)",
          "validFor": null,
          "value": "mk_MK"
        },
        {
          "active": true,
          "defaultValue": false,
          "label": "Arabic (Morocco)",
          "validFor": null,
          "value": "ar_MA"
        },
        {
          "active": true,
          "defaultValue": false,
          "label": "English (United Kingdom)",
          "validFor": null,
          "value": "en_GB"
        },
        {
          "active": true,
          "defaultValue": false,
          "label": "English (Ghana)",
          "validFor": null,
          "value": "en_GH"
        },
        {
          "active": true,
          "defaultValue": false,
          "label": "Malayalam (India)",
          "validFor": null,
          "value": "ml_IN"
        },
        {
          "active": true,
          "defaultValue": false,
          "label": "English (Gibraltar)",
          "validFor": null,
          "value": "en_GI"
        },
        {
          "active": true,
          "defaultValue": false,
          "label": "Chinese (China)",
          "validFor": null,
          "value": "zh_CN"
        },
        {
          "active": true,
          "defaultValue": false,
          "label": "English (Gambia)",
          "validFor": null,
          "value": "en_GM"
        },
        {
          "active": true,
          "defaultValue": false,
          "label": "Tamil (Sri Lanka)",
          "validFor": null,
          "value": "ta_LK"
        },
        {
          "active": true,
          "defaultValue": false,
          "label": "English (Cameroon)",
          "validFor": null,
          "value": "en_CM"
        },
        {
          "active": true,
          "defaultValue": false,
          "label": "Italian (Switzerland)",
          "validFor": null,
          "value": "it_CH"
        },
        {
          "active": true,
          "defaultValue": false,
          "label": "Portuguese (Brazil)",
          "validFor": null,
          "value": "pt_BR"
        },
        {
          "active": true,
          "defaultValue": false,
          "label": "Spanish (United States)",
          "validFor": null,
          "value": "es_US"
        },
        {
          "active": true,
          "defaultValue": false,
          "label": "Spanish (Uruguay)",
          "validFor": null,
          "value": "es_UY"
        },
        {
          "active": true,
          "defaultValue": false,
          "label": "Spanish (Venezuela)",
          "validFor": null,
          "value": "es_VE"
        },
        {
          "active": true,
          "defaultValue": false,
          "label": "Danish (Denmark)",
          "validFor": null,
          "value": "da_DK"
        },
        {
          "active": true,
          "defaultValue": false,
          "label": "Portuguese (Angola)",
          "validFor": null,
          "value": "pt_AO"
        },
        {
          "active": true,
          "defaultValue": false,
          "label": "Greek (Greece)",
          "validFor": null,
          "value": "el_GR"
        },
        {
          "active": true,
          "defaultValue": false,
          "label": "English (Australia)",
          "validFor": null,
          "value": "en_AU"
        },
        {
          "active": true,
          "defaultValue": false,
          "label": "Spanish (El Salvador)",
          "validFor": null,
          "value": "es_SV"
        },
        {
          "active": true,
          "defaultValue": false,
          "label": "English (Barbados)",
          "validFor": null,
          "value": "en_BB"
        },
        {
          "active": true,
          "defaultValue": false,
          "label": "English (Bermuda)",
          "validFor": null,
          "value": "en_BM"
        },
        {
          "active": true,
          "defaultValue": false,
          "label": "English (Bahamas)",
          "validFor": null,
          "value": "en_BS"
        },
        {
          "active": true,
          "defaultValue": false,
          "label": "English (Botswana)",
          "validFor": null,
          "value": "en_BW"
        },
        {
          "active": true,
          "defaultValue": false,
          "label": "English (Belize)",
          "validFor": null,
          "value": "en_BZ"
        },
        {
          "active": true,
          "defaultValue": false,
          "label": "English (Canada)",
          "validFor": null,
          "value": "en_CA"
        },
        {
          "active": true,
          "defaultValue": false,
          "label": "Georgian (Georgia)",
          "validFor": null,
          "value": "ka_GE"
        },
        {
          "active": true,
          "defaultValue": false,
          "label": "Latvian (Latvia)",
          "validFor": null,
          "value": "lv_LV"
        },
        {
          "active": true,
          "defaultValue": false,
          "label": "Ukrainian (Ukraine)",
          "validFor": null,
          "value": "uk_UA"
        },
        {
          "active": true,
          "defaultValue": false,
          "label": "Arabic (Iraq)",
          "validFor": null,
          "value": "ar_IQ"
        },
        {
          "active": true,
          "defaultValue": false,
          "label": "Thai (Thailand)",
          "validFor": null,
          "value": "th_TH"
        },
        {
          "active": true,
          "defaultValue": false,
          "label": "Romansh (Switzerland)",
          "validFor": null,
          "value": "rm_CH"
        },
        {
          "active": true,
          "defaultValue": false,
          "label": "Russian (Kazakhstan)",
          "validFor": null,
          "value": "ru_KZ"
        },
        {
          "active": true,
          "defaultValue": false,
          "label": "Arabic (Bahrain)",
          "validFor": null,
          "value": "ar_BH"
        },
        {
          "active": true,
          "defaultValue": false,
          "label": "Tamil (India)",
          "validFor": null,
          "value": "ta_IN"
        },
        {
          "active": true,
          "defaultValue": false,
          "label": "Serbian (Serbia)",
          "validFor": null,
          "value": "sr_RS"
        },
        {
          "active": true,
          "defaultValue": false,
          "label": "Chinese (Macao SAR China)",
          "validFor": null,
          "value": "zh_MO"
        },
        {
          "active": true,
          "defaultValue": false,
          "label": "Kazakh (Kazakhstan)",
          "validFor": null,
          "value": "kk_KZ"
        },
        {
          "active": true,
          "defaultValue": false,
          "label": "Norwegian (Norway)",
          "validFor": null,
          "value": "no_NO"
        },
        {
          "active": true,
          "defaultValue": false,
          "label": "English (Antigua & Barbuda)",
          "validFor": null,
          "value": "en_AG"
        },
        {
          "active": true,
          "defaultValue": false,
          "label": "Dutch (Suriname)",
          "validFor": null,
          "value": "nl_SR"
        },
        {
          "active": true,
          "defaultValue": false,
          "label": "Spanish (Peru)",
          "validFor": null,
          "value": "es_PE"
        },
        {
          "active": true,
          "defaultValue": false,
          "label": "Spanish (Panama)",
          "validFor": null,
          "value": "es_PA"
        },
        {
          "active": true,
          "defaultValue": false,
          "label": "Persian (Iran)",
          "validFor": null,
          "value": "fa_IR"
        },
        {
          "active": true,
          "defaultValue": false,
          "label": "Arabic (Algeria)",
          "validFor": null,
          "value": "ar_DZ"
        },
        {
          "active": true,
          "defaultValue": false,
          "label": "Luxembourgish (Luxembourg)",
          "validFor": null,
          "value": "lb_LU"
        },
        {
          "active": true,
          "defaultValue": false,
          "label": "Portuguese (Cape Verde)",
          "validFor": null,
          "value": "pt_CV"
        },
        {
          "active": true,
          "defaultValue": false,
          "label": "French (Wallis & Futuna)",
          "validFor": null,
          "value": "fr_WF"
        },
        {
          "active": true,
          "defaultValue": false,
          "label": "Spanish (Puerto Rico)",
          "validFor": null,
          "value": "es_PR"
        },
        {
          "active": true,
          "defaultValue": false,
          "label": "Arabic (Egypt)",
          "validFor": null,
          "value": "ar_EG"
        },
        {
          "active": true,
          "defaultValue": false,
          "label": "Spanish (Paraguay)",
          "validFor": null,
          "value": "es_PY"
        },
        {
          "active": true,
          "defaultValue": false,
          "label": "Czech (Czechia)",
          "validFor": null,
          "value": "cs_CZ"
        },
        {
          "active": true,
          "defaultValue": false,
          "label": "Spanish (Mexico)",
          "validFor": null,
          "value": "es_MX"
        },
        {
          "active": true,
          "defaultValue": false,
          "label": "Slovak (Slovakia)",
          "validFor": null,
          "value": "sk_SK"
        },
        {
          "active": true,
          "defaultValue": false,
          "label": "Telugu (India)",
          "validFor": null,
          "value": "te_IN"
        },
        {
          "active": true,
          "defaultValue": false,
          "label": "Swedish (Sweden)",
          "validFor": null,
          "value": "sv_SE"
        },
        {
          "active": true,
          "defaultValue": false,
          "label": "Albanian (Albania)",
          "validFor": null,
          "value": "sq_AL"
        },
        {
          "active": true,
          "defaultValue": false,
          "label": "Spanish (Nicaragua)",
          "validFor": null,
          "value": "es_NI"
        },
        {
          "active": true,
          "defaultValue": false,
          "label": "Burmese (Myanmar (Burma))",
          "validFor": null,
          "value": "my_MM"
        },
        {
          "active": true,
          "defaultValue": false,
          "label": "Khmer (Cambodia)",
          "validFor": null,
          "value": "km_KH"
        },
        {
          "active": true,
          "defaultValue": false,
          "label": "Japanese (Japan)",
          "validFor": null,
          "value": "ja_JP"
        },
        {
          "active": true,
          "defaultValue": false,
          "label": "Rundi (Burundi)",
          "validFor": null,
          "value": "rn_BI"
        },
        {
          "active": true,
          "defaultValue": false,
          "label": "Basque (Spain)",
          "validFor": null,
          "value": "eu_ES"
        },
        {
          "active": true,
          "defaultValue": false,
          "label": "Bosnian (Bosnia & Herzegovina)",
          "validFor": null,
          "value": "bs_BA"
        },
        {
          "active": true,
          "defaultValue": false,
          "label": "Nepali (Nepal)",
          "validFor": null,
          "value": "ne_NP"
        },
        {
          "active": true,
          "defaultValue": false,
          "label": "Irish (Ireland)",
          "validFor": null,
          "value": "ga_IE"
        },
        {
          "active": true,
          "defaultValue": false,
          "label": "Slovenian (Slovenia)",
          "validFor": null,
          "value": "sl_SI"
        },
        {
          "active": true,
          "defaultValue": false,
          "label": "Arabic (United Arab Emirates)",
          "validFor": null,
          "value": "ar_AE"
        },
        {
          "active": true,
          "defaultValue": false,
          "label": "Tagalog (Philippines)",
          "validFor": null,
          "value": "tl_PH"
        },
        {
          "active": true,
          "defaultValue": false,
          "label": "Indonesian (Indonesia)",
          "validFor": null,
          "value": "in_ID"
        },
        {
          "active": true,
          "defaultValue": false,
          "label": "Chinese (China, Stroke Ordering)",
          "validFor": null,
          "value": "zh_CN_STROKE"
        },
        {
          "active": true,
          "defaultValue": false,
          "label": "Lao (Laos)",
          "validFor": null,
          "value": "lo_LA"
        },
        {
          "active": true,
          "defaultValue": false,
          "label": "Kannada (India)",
          "validFor": null,
          "value": "kn_IN"
        },
        {
          "active": true,
          "defaultValue": false,
          "label": "Swahili (Kenya)",
          "validFor": null,
          "value": "sw_KE"
        },
        {
          "active": true,
          "defaultValue": false,
          "label": "Portuguese (Mozambique)",
          "validFor": null,
          "value": "pt_MZ"
        },
        {
          "active": true,
          "defaultValue": false,
          "label": "Malay (Brunei)",
          "validFor": null,
          "value": "ms_BN"
        },
        {
          "active": true,
          "defaultValue": false,
          "label": "German (Luxembourg)",
          "validFor": null,
          "value": "de_LU"
        },
        {
          "active": true,
          "defaultValue": false,
          "label": "English (South Africa)",
          "validFor": null,
          "value": "en_ZA"
        },
        {
          "active": true,
          "defaultValue": false,
          "label": "Somali (Djibouti)",
          "validFor": null,
          "value": "so_DJ"
        },
        {
          "active": true,
          "defaultValue": false,
          "label": "Russian (Russia)",
          "validFor": null,
          "value": "ru_RU"
        },
        {
          "active": true,
          "defaultValue": false,
          "label": "Marathi (India)",
          "validFor": null,
          "value": "mr_IN"
        },
        {
          "active": true,
          "defaultValue": false,
          "label": "Kyrgyz (Kyrgyzstan)",
          "validFor": null,
          "value": "ky_KG"
        },
        {
          "active": true,
          "defaultValue": false,
          "label": "Chinese (Taiwan)",
          "validFor": null,
          "value": "zh_TW"
        },
        {
          "active": true,
          "defaultValue": false,
          "label": "English (Vanuatu)",
          "validFor": null,
          "value": "en_VU"
        },
        {
          "active": true,
          "defaultValue": false,
          "label": "Spanish (Guatemala)",
          "validFor": null,
          "value": "es_GT"
        },
        {
          "active": true,
          "defaultValue": false,
          "label": "Chinese (Singapore)",
          "validFor": null,
          "value": "zh_SG"
        },
        {
          "active": true,
          "defaultValue": false,
          "label": "Bulgarian (Bulgaria)",
          "validFor": null,
          "value": "bg_BG"
        },
        {
          "active": true,
          "defaultValue": false,
          "label": "Armenian (Armenia)",
          "validFor": null,
          "value": "hy_AM"
        },
        {
          "active": true,
          "defaultValue": false,
          "label": "English (Samoa)",
          "validFor": null,
          "value": "en_WS"
        },
        {
          "active": true,
          "defaultValue": false,
          "label": "Spanish (Honduras)",
          "validFor": null,
          "value": "es_HN"
        },
        {
          "active": true,
          "defaultValue": false,
          "label": "Gujarati (India)",
          "validFor": null,
          "value": "gu_IN"
        },
        {
          "active": true,
          "defaultValue": false,
          "label": "Estonian (Estonia)",
          "validFor": null,
          "value": "et_EE"
        }
      ],
      "referenceTo": [],
      "relationshipName": null,
      "sortable": true,
      "type": "picklist"
    }
  ],
  "label": "Authorization Form Text",
  "childRelationships": [
    {
      "cascadeDelete": true,
      "childSObject": "AttachedContentDocument",
      "deprecatedAndHidden": false,
      "field": "LinkedEntityId",
      "junctionIdListNames": [],
      "junctionReferenceTo": [],
      "relationshipName": "AttachedContentDocuments",
      "restrictedDelete": false
    },
    {
      "cascadeDelete": false,
      "childSObject": "AuthorizationForm",
      "deprecatedAndHidden": false,
      "field": "DefaultAuthFormTextId",
      "junctionIdListNames": [],
      "junctionReferenceTo": [],
      "relationshipName": null,
      "restrictedDelete": false
    },
    {
      "cascadeDelete": false,
      "childSObject": "AuthorizationFormConsent",
      "deprecatedAndHidden": false,
      "field": "AuthorizationFormTextId",
      "junctionIdListNames": [],
      "junctionReferenceTo": [],
      "relationshipName": "AuthorizationFormConsents",
      "restrictedDelete": true
    },
    {
      "cascadeDelete": true,
      "childSObject": "AuthorizationFormTextHistory",
      "deprecatedAndHidden": false,
      "field": "AuthorizationFormTextId",
      "junctionIdListNames": [],
      "junctionReferenceTo": [],
      "relationshipName": "Histories",
      "restrictedDelete": false
    },
    {
      "cascadeDelete": true,
      "childSObject": "CombinedAttachment",
      "deprecatedAndHidden": false,
      "field": "ParentId",
      "junctionIdListNames": [],
      "junctionReferenceTo": [],
      "relationshipName": "CombinedAttachments",
      "restrictedDelete": false
    },
    {
      "cascadeDelete": true,
      "childSObject": "ContentDocumentLink",
      "deprecatedAndHidden": false,
      "field": "LinkedEntityId",
      "junctionIdListNames": [],
      "junctionReferenceTo": [],
      "relationshipName": "ContentDocumentLinks",
      "restrictedDelete": false
    },
    {
      "cascadeDelete": false,
      "childSObject": "ContentVersion",
      "deprecatedAndHidden": false,
      "field": "FirstPublishLocationId",
      "junctionIdListNames": [],
      "junctionReferenceTo": [],
      "relationshipName": null,
      "restrictedDelete": false
    },
    {
      "cascadeDelete": true,
      "childSObject": "EntitySubscription",
      "deprecatedAndHidden": false,
      "field": "ParentId",
      "junctionIdListNames": [],
      "junctionReferenceTo": [],
      "relationshipName": "FeedSubscriptionsForEntity",
      "restrictedDelete": false
    },
    {
      "cascadeDelete": false,
      "childSObject": "FeedComment",
      "deprecatedAndHidden": false,
      "field": "ParentId",
      "junctionIdListNames": [],
      "junctionReferenceTo": [],
      "relationshipName": null,
      "restrictedDelete": false
    },
    {
      "cascadeDelete": true,
      "childSObject": "FeedItem",
      "deprecatedAndHidden": false,
      "field": "ParentId",
      "junctionIdListNames": [],
      "junctionReferenceTo": [],
      "relationshipName": null,
      "restrictedDelete": false
    },
    {
      "cascadeDelete": false,
      "childSObject": "FlowRecordRelation",
      "deprecatedAndHidden": false,
      "field": "RelatedRecordId",
      "junctionIdListNames": [],
      "junctionReferenceTo": [],
      "relationshipName": null,
      "restrictedDelete": false
    },
    {
      "cascadeDelete": true,
      "childSObject": "ProcessInstance",
      "deprecatedAndHidden": false,
      "field": "TargetObjectId",
      "junctionIdListNames": [],
      "junctionReferenceTo": [],
      "relationshipName": "ProcessInstances",
      "restrictedDelete": false
    },
    {
      "cascadeDelete": false,
      "childSObject": "ProcessInstanceHistory",
      "deprecatedAndHidden": false,
      "field": "TargetObjectId",
      "junctionIdListNames": [],
      "junctionReferenceTo": [],
      "relationshipName": "ProcessSteps",
      "restrictedDelete": false
    }
  ],
  "custom": false,
  "name": "AuthorizationFormText",
  "queryable": true
}