{
  "fields": [
    {
      "aggregatable": true,
      "custom": false,
      "defaultValue": null,
      "extraTypeInfo": null,
      "filterable": true,
      "groupable": true,
      "inlineHelpText": null,
      "label": "Connected App ID",
      "name": "Id",
      "nillable": false,
      "picklistValues": [],
      "referenceTo": [],
      "relationshipName": null,
      "sortable": true,
      "type": "id"
    },
    {
      "aggregatable": true,
      "custom": false,
      "defaultValue": null,
      "extraTypeInfo": null,
      "filterable": true,
      "groupable": true,
      "inlineHelpText": null,
      "label": "Connected App Name",
      "name": "Name",
      "nillable": false,
      "picklistValues": [],
      "referenceTo": [],
      "relationshipName": null,
      "sortable": true,
      "type": "string"
    },
    {
      "aggregatable": true,
      "custom": false,
      "defaultValue": null,
      "extraTypeInfo": null,
      "filterable": true,
      "groupable": false,
      "inlineHelpText": null,
      "label": "Created Date",
      "name": "CreatedDate",
      "nillable": false,
      "picklistValues": [],
      "referenceTo": [],
      "relationshipName": null,
      "sortable": true,
      "type": "datetime"
    },
    {
      "aggregatable": true,
      "custom": false,
      "defaultValue": null,
      "extraTypeInfo": null,
      "filterable": true,
      "groupable": true,
      "inlineHelpText": null,
      "label": "Created By ID",
      "name": "CreatedById",
      "nillable": false,
      "picklistValues": [],
      "referenceTo": [
        "User"
      ],
      "relationshipName": "CreatedBy",
      "sortable": true,
      "type": "reference"
    },
    {
      "aggregatable": true,
      "custom": false,
      "defaultValue": null,
      "extraTypeInfo": null,
      "filterable": true,
      "groupable": false,
      "inlineHelpText": null,
      "label": "Last Modified Date",
      "name": "LastModifiedDate",
      "nillable": false,
      "picklistValues": [],
      "referenceTo": [],
      "relationshipName": null,
      "sortable": true,
      "type": "datetime"
    },
    {
      "aggregatable": true,
      "custom": false,
      "defaultValue": null,
      "extraTypeInfo": null,
      "filterable": true,
      "groupable": true,
      "inlineHelpText": null,
      "label": "Last Modified By ID",
      "name": "LastModifiedById",
      "nillable": false,
      "picklistValues": [],
      "referenceTo": [
        "User"
      ],
      "relationshipName": "LastModifiedBy",
      "sortable": true,
      "type": "reference"
    },
    {
      "aggregatable": true,
      "custom": false,
      "defaultValue": null,
      "extraTypeInfo": null,
      "filterable": true,
      "groupable": false,
      "inlineHelpText": null,
      "label": "System Modstamp",
      "name": "SystemModstamp",
      "nillable": false,
      "picklistValues": [],
      "referenceTo": [],
      "relationshipName": null,
      "sortable": true,
      "type": "datetime"
    },
    {
      "aggregatable": false,
      "custom": false,
      "defaultValue": null,
      "extraTypeInfo": null,
      "filterable": true,
      "groupable": false,
      "inlineHelpText": null,
      "label": "AllowAdminApprovedUsersOnly",
      "name": "OptionsAllowAdminApprovedUsersOnly",
      "nillable": false,
      "picklistValues": [],
      "referenceTo": [],
      "relationshipName": null,
      "sortable": false,
      "type": "boolean"
    },
    {
      "aggregatable": false,
      "custom": false,
      "defaultValue": null,
      "extraTypeInfo": null,
      "filterable": true,
      "groupable": false,
      "inlineHelpText": null,
      "label": "RefreshTokenValidityMetric",
      "name": "OptionsRefreshTokenValidityMetric",
      "nillable": false,
      "picklistValues": [],
      "referenceTo": [],
      "relationshipName": null,
      "sortable": false,
      "type": "boolean"
    },
    {
      "aggregatable": false,
      "custom": false,
      "defaultValue": null,
      "extraTypeInfo": null,
      "filterable": true,
      "groupable": false,
      "inlineHelpText": null,
      "label": "HasSessionLevelPolicy",
      "name": "OptionsHasSessionLevelPolicy",
      "nillable": false,
      "picklistValues": [],
      "referenceTo": [],
      "relationshipName": null,
      "sortable": false,
      "type": "boolean"
    },
    {
      "aggregatable": false,
      "custom": false,
      "defaultValue": null,
      "extraTypeInfo": null,
      "filterable": true,
      "groupable": false,
      "inlineHelpText": null,
      "label": "isInternal",
      "name": "OptionsIsInternal",
      "nillable": false,
      "picklistValues": [],
      "referenceTo": [],
      "relationshipName": null,
      "sortable": false,
      "type": "boolean"
    },
    {
      "aggregatable": false,
      "custom": false,
      "defaultValue": null,
      "extraTypeInfo": null,
      "filterable": true,
      "groupable": false,
      "inlineHelpText": null,
      "label": "FullContentPushNotifications",
      "name": "OptionsFullContentPushNotifications",
      "nillable": false,
      "picklistValues": [],
      "referenceTo": [],
      "relationshipName": null,
      "sortable": false,
      "type": "boolean"
    },
    {
      "aggregatable": true,
      "custom": false,
      "defaultValue": "10",
      "extraTypeInfo": null,
      "filterable": true,
      "groupable": true,
      "inlineHelpText": null,
      "label": "Lock App After",
      "name": "MobileSessionTimeout",
      "nillable": true,
      "picklistValues": [
        {
          "active": true,
          "defaultValue": false,
          "label": "1 minute",
          "validFor": null,
          "value": "1"
        },
        {
          "active": true,
          "defaultValue": false,
          "label": "5 minutes",
          "validFor": null,
          "value": "5"
        },
        {
          "active": true,
          "defaultValue": true,
          "label": "10 minutes",
          "validFor": null,
          "value": "10"
        },
        {
          "active": true,
          "defaultValue": false,
          "label": "30 minutes",
          "validFor": null,
          "value": "30"
        },
        {
          "active": true,
          "defaultValue": false,
          "label": "60 minutes",
          "validFor": null,
          "value": "60"
        },
        {
          "active": true,
          "defaultValue": false,
          "label": "120 minutes",
          "validFor": null,
          "value": "120"
        },
        {
          "active": true,
          "defaultValue": false,
          "label": "180 minutes",
          "validFor": null,
          "value": "180"
        },
        {
          "active": true,
          "defaultValue": false,
          "label": "240 minutes",
          "validFor": null,
          "value": "240"
        }
      ],
      "referenceTo": [],
      "relationshipName": null,
      "sortable": true,
      "type": "picklist"
    },
    {
      "aggregatable": true,
      "custom": false,
      "defaultValue": null,
      "extraTypeInfo": null,
      "filterable": true,
      "groupable": true,
      "inlineHelpText": null,
      "label": "PIN Length",
      "name": "PinLength",
      "nillable": true,
      "picklistValues": [
        {
          "active": true,
          "defaultValue": false,
          "label": "4",
          "validFor": null,
          "value": "4"
        },
        {
          "active": true,
          "defaultValue": false,
          "label": "5",
          "validFor": null,
          "value": "5"
        },
        {
          "active": true,
          "defaultValue": false,
          "label": "6",
          "validFor": null,
          "value": "6"
        },
        {
          "active": true,
          "defaultValue": false,
          "label": "7",
          "validFor": null,
          "value": "7"
        },
        {
          "active": true,
          "defaultValue": false,
          "label": "8",
          "validFor": null,
          "value": "8"
        }
      ],
      "referenceTo": [],
      "relationshipName": null,
      "sortable": true,
      "type": "picklist"
    },
    {
      "aggregatable": true,
      "custom": false,
      "defaultValue": null,
      "extraTypeInfo": null,
      "filterable": true,
      "groupable": false,
      "inlineHelpText": null,
      "label": "Start URL",
      "name": "StartUrl",
      "nillable": true,
      "picklistValues": [],
      "referenceTo": [],
      "relationshipName": null,
      "sortable": true,
      "type": "url"
    },
    {
      "aggregatable": true,
      "custom": false,
      "defaultValue": null,
      "extraTypeInfo": null,
      "filterable": true,
      "groupable": false,
      "inlineHelpText": null,
      "label": "Mobile Start URL",
      "name": "MobileStartUrl",
      "nillable": true,
      "picklistValues": [],
      "referenceTo": [],
      "relationshipName": null,
      "sortable": true,
      "type": "url"
    },
    {
      "aggregatable": true,
      "custom": false,
      "defaultValue": null,
      "extraTypeInfo": null,
      "filterable": true,
      "groupable": true,
      "inlineHelpText": null,
      "label": "Refresh Token Policy:",
      "name": "RefreshTokenValidityPeriod",
      "nillable": true,
      "picklistValues": [],
      "referenceTo": [],
      "relationshipName": null,
      "sortable": true,
      "type": "int"
    }
  ],
  "label": "Connected App",
  "childRelationships": [
    {
      "cascadeDelete": false,
      "childSObject": "ApiEvent",
      "deprecatedAndHidden": false,
      "field": "ConnectedAppId",
      "junctionIdListNames": [],
      "junctionReferenceTo": [],
      "relationshipName": null,
      "restrictedDelete": false
    },
    {
      "cascadeDelete": false,
      "childSObject": "AssetTokenEvent",
      "deprecatedAndHidden": false,
      "field": "ConnectedAppId",
      "junctionIdListNames": [],
      "junctionReferenceTo": [],
      "relationshipName": null,
      "restrictedDelete": false
    },
    {
      "cascadeDelete": false,
      "childSObject": "IdpEventLog",
      "deprecatedAndHidden": false,
      "field": "AppId",
      "junctionIdListNames": [],
      "junctionReferenceTo": [],
      "relationshipName": null,
      "restrictedDelete": false
    },
    {
      "cascadeDelete": true,
      "childSObject": "InstalledMobileApp",
      "deprecatedAndHidden": false,
      "field": "ConnectedApplicationId",
      "junctionIdListNames": [],
      "junctionReferenceTo": [],
      "relationshipName": "InstalledMobileApps",
      "restrictedDelete": false
    },
    {
      "cascadeDelete": false,
      "childSObject": "SPSamlAttributes",
      "deprecatedAndHidden": false,
      "field": "ConnectivityId",
      "junctionIdListNames": [],
      "junctionReferenceTo": [],
      "relationshipName": null,
      "restrictedDelete": false
    },
    {
      "cascadeDelete": true,
      "childSObject": "SetupEntityAccess",
      "deprecatedAndHidden": false,
      "field": "SetupEntityId",
      "junctionIdListNames": [],
      "junctionReferenceTo": [],
      "relationshipName": "SetupEntityAccessItems",
      "restrictedDelete": false
    },
    {
      "cascadeDelete": true,
      "childSObject": "UserAppMenuCustomization",
      "deprecatedAndHidden": false,
      "field": "ApplicationId",
      "junctionIdListNames": [],
      "junctionReferenceTo": [],
      "relationshipName": null,
      "restrictedDelete": false
    },
    {
      "cascadeDelete": false,
      "childSObject": "UserProvAccount",
      "deprecatedAndHidden": false,
      "field": "ConnectedAppId",
      "junctionIdListNames": [],
      "junctionReferenceTo": [],
      "relationshipName": null,
      "restrictedDelete": false
    },
    {
      "cascadeDelete": false,
      "childSObject": "UserProvAccountStaging",
      "deprecatedAndHidden": false,
      "field": "ConnectedAppId",
      "junctionIdListNames": [],
      "junctionReferenceTo": [],
      "relationshipName": null,
      "restrictedDelete": false
    },
    {
      "cascadeDelete": false,
      "childSObject": "UserProvisioningConfig",
      "deprecatedAndHidden": false,
      "field": "ConnectedAppId",
      "junctionIdListNames": [],
      "junctionReferenceTo": [],
      "relationshipName": null,
      "restrictedDelete": true
    },
    {
      "cascadeDelete": false,
      "childSObject": "UserProvisioningRequest",
      "deprecatedAndHidden": false,
      "field": "ConnectedAppId",
      "junctionIdListNames": [],
      "junctionReferenceTo": [],
      "relationshipName": null,
      "restrictedDelete": false
    },
    {
      "cascadeDelete": false,
      "childSObject": "VerificationHistory",
      "deprecatedAndHidden": false,
      "field": "ResourceId",
      "junctionIdListNames": [],
      "junctionReferenceTo": [],
      "relationshipName": null,
      "restrictedDelete": false
    }
  ],
  "custom": false,
  "name": "ConnectedApplication",
  "queryable": true
}