{
  "fields": [
    {
      "aggregatable": true,
      "custom": false,
      "defaultValue": null,
      "extraTypeInfo": null,
      "filterable": true,
      "groupable": true,
      "inlineHelpText": null,
      "label": "ContentDocumentLink ID",
      "name": "Id",
      "nillable": false,
      "picklistValues": [],
      "referenceTo": [],
      "relationshipName": null,
      "sortable": true,
      "type": "id"
    },
    {
      "aggregatable": true,
      "custom": false,
      "defaultValue": null,
      "extraTypeInfo": null,
      "filterable": true,
      "groupable": true,
      "inlineHelpText": null,
      "label": "Linked Entity ID",
      "name": "LinkedEntityId",
      "nillable": false,
      "picklistValues": [],
      "referenceTo": [
        "Account",
        "Asset",
        "AssetRelationship",
        "AssignedResource",
        "AuthorizationFormText",
        "Booking_Line__c",
        "Campaign",
        "Case",
        "CollaborationGroup",
        "ConsumptionSchedule",
        "Contact",
        "ContentWorkspace",
        "Contract",
        "ContractLineItem",
        "ConversationEntry",
        "Dashboard",
        "DashboardComponent",
        "EmailMessage",
        "EmailTemplate",
        "EnhancedLetterhead",
        "Entitlement",
        "EntityMilestone",
        "Error_Log__c",
        "Event",
        "Image",
        "Lead",
        "ListEmail",
        "Location",
        "MessagingSession",
        "NTS1__Error_Log__c",
        "OperatingHours",
        "Opportunity",
        "Order",
        "OrderItem",
        "Organization",
        "OutgoingEmail",
        "Product2",
        "Report",
        "ResourceAbsence",
        "ResourcePreference",
        "ReturnOrder",
        "ReturnOrderLineItem",
        "Room_price_catalog__c",
        "ServiceAppointment",
        "ServiceContract",
        "ServiceResource",
        "ServiceResourceSkill",
        "ServiceTerritory",
        "ServiceTerritoryMember",
        "ServiceTerritoryWorkType",
        "Site",
        "SkillRequirement",
        "Solution",
        "Task",
        "Topic",
        "User",
        "WorkOrder",
        "WorkOrderLineItem",
        "WorkType",
        "WorkTypeGroup",
        "WorkTypeGroupMember"
      ],
      "relationshipName": "LinkedEntity",
      "sortable": true,
      "type": "reference"
    },
    {
      "aggregatable": true,
      "custom": false,
      "defaultValue": null,
      "extraTypeInfo": null,
      "filterable": true,
      "groupable": true,
      "inlineHelpText": null,
      "label": "ContentDocument ID",
      "name": "ContentDocumentId",
      "nillable": false,
      "picklistValues": [],
      "referenceTo": [
        "ContentDocument"
      ],
      "relationshipName": "ContentDocument",
      "sortable": true,
      "type": "reference"
    },
    {
      "aggregatable": false,
      "custom": false,
      "defaultValue": false,
      "extraTypeInfo": null,
      "filterable": true,
      "groupable": true,
      "inlineHelpText": null,
      "label": "Is Deleted",
      "name": "IsDeleted",
      "nillable": false,
      "picklistValues": [],
      "referenceTo": [],
      "relationshipName": null,
      "sortable": true,
      "type": "boolean"
    },
    {
      "aggregatable": true,
      "custom": false,
      "defaultValue": null,
      "extraTypeInfo": null,
      "filterable": true,
      "groupable": false,
      "inlineHelpText": null,
      "label": "System Modstamp",
      "name": "SystemModstamp",
      "nillable": false,
      "picklistValues": [],
      "referenceTo": [],
      "relationshipName": null,
      "sortable": true,
      "type": "datetime"
    },
    {
      "aggregatable": true,
      "custom": false,
      "defaultValue": null,
      "extraTypeInfo": null,
      "filterable": true,
      "groupable": true,
      "inlineHelpText": null,
      "label": "Share Type",
      "name": "ShareType",
      "nillable": true,
      "picklistValues": [
        {
          "active": true,
          "defaultValue": false,
          "label": "Viewer",
          "validFor": null,
          "value": "V"
        },
        {
          "active": true,
          "defaultValue": false,
          "label": "Collaborator",
          "validFor": null,
          "value": "C"
        },
        {
          "active": true,
          "defaultValue": false,
          "label": "Inferred",
          "validFor": null,
          "value": "I"
        }
      ],
      "referenceTo": [],
      "relationshipName": null,
      "sortable": true,
      "type": "picklist"
    },
    {
      "aggregatable": true,
      "custom": false,
      "defaultValue": null,
      "extraTypeInfo": null,
      "filterable": true,
      "groupable": true,
      "inlineHelpText": null,
      "label": "Visibility",
      "name": "Visibility",
      "nillable": true,
      "picklistValues": [
        {
          "active": true,
          "defaultValue": false,
          "label": "All Users",
          "validFor": null,
          "value": "AllUsers"
        },
        {
          "active": true,
          "defaultValue": false,
          "label": "Standard Users",
          "validFor": null,
          "value": "InternalUsers"
        },
        {
          "active": true,
          "defaultValue": false,
          "label": "Shared Users",
          "validFor": null,
          "value": "SharedUsers"
        }
      ],
      "referenceTo": [],
      "relationshipName": null,
      "sortable": true,
      "type": "picklist"
    }
  ],
  "label": "Content Document Link",
  "childRelationships": [
    {
      "cascadeDelete": false,
      "childSObject": "FlowRecordRelation",
      "deprecatedAndHidden": false,
      "field": "RelatedRecordId",
      "junctionIdListNames": [],
      "junctionReferenceTo": [],
      "relationshipName": null,
      "restrictedDelete": false
    }
  ],
  "custom": false,
  "name": "ContentDocumentLink",
  "queryable": true
}