{
  "fields": [
    {
      "aggregatable": true,
      "custom": false,
      "defaultValue": null,
      "extraTypeInfo": null,
      "filterable": true,
      "groupable": true,
      "inlineHelpText": null,
      "label": "Contact Point Email ID",
      "name": "Id",
      "nillable": false,
      "picklistValues": [],
      "referenceTo": [],
      "relationshipName": null,
      "sortable": true,
      "type": "id"
    },
    {
      "aggregatable": true,
      "custom": false,
      "defaultValue": null,
      "extraTypeInfo": null,
      "filterable": true,
      "groupable": true,
      "inlineHelpText": null,
      "label": "Owner ID",
      "name": "OwnerId",
      "nillable": false,
      "picklistValues": [],
      "referenceTo": [
        "Group",
        "User"
      ],
      "relationshipName": "Owner",
      "sortable": true,
      "type": "reference"
    },
    {
      "aggregatable": false,
      "custom": false,
      "defaultValue": false,
      "extraTypeInfo": null,
      "filterable": true,
      "groupable": true,
      "inlineHelpText": null,
      "label": "Deleted",
      "name": "IsDeleted",
      "nillable": false,
      "picklistValues": [],
      "referenceTo": [],
      "relationshipName": null,
      "sortable": true,
      "type": "boolean"
    },
    {
      "aggregatable": true,
      "custom": false,
      "defaultValue": null,
      "extraTypeInfo": null,
      "filterable": true,
      "groupable": true,
      "inlineHelpText": null,
      "label": "Name",
      "name": "Name",
      "nillable": true,
      "picklistValues": [],
      "referenceTo": [],
      "relationshipName": null,
      "sortable": true,
      "type": "string"
    },
    {
      "aggregatable": true,
      "custom": false,
      "defaultValue": null,
      "extraTypeInfo": null,
      "filterable": true,
      "groupable": false,
      "inlineHelpText": null,
      "label": "Created Date",
      "name": "CreatedDate",
      "nillable": false,
      "picklistValues": [],
      "referenceTo": [],
      "relationshipName": null,
      "sortable": true,
      "type": "datetime"
    },
    {
      "aggregatable": true,
      "custom": false,
      "defaultValue": null,
      "extraTypeInfo": null,
      "filterable": true,
      "groupable": true,
      "inlineHelpText": null,
      "label": "Created By ID",
      "name": "CreatedById",
      "nillable": false,
      "picklistValues": [],
      "referenceTo": [
        "User"
      ],
      "relationshipName": "CreatedBy",
      "sortable": true,
      "type": "reference"
    },
    {
      "aggregatable": true,
      "custom": false,
      "defaultValue": null,
      "extraTypeInfo": null,
      "filterable": true,
      "groupable": false,
      "inlineHelpText": null,
      "label": "Last Modified Date",
      "name": "LastModifiedDate",
      "nillable": false,
      "picklistValues": [],
      "referenceTo": [],
      "relationshipName": null,
      "sortable": true,
      "type": "datetime"
    },
    {
      "aggregatable": true,
      "custom": false,
      "defaultValue": null,
      "extraTypeInfo": null,
      "filterable": true,
      "groupable": true,
      "inlineHelpText": null,
      "label": "Last Modified By ID",
      "name": "LastModifiedById",
      "nillable": false,
      "picklistValues": [],
      "referenceTo": [
        "User"
      ],
      "relationshipName": "LastModifiedBy",
      "sortable": true,
      "type": "reference"
    },
    {
      "aggregatable": true,
      "custom": false,
      "defaultValue": null,
      "extraTypeInfo": null,
      "filterable": true,
      "groupable": false,
      "inlineHelpText": null,
      "label": "System Modstamp",
      "name": "SystemModstamp",
      "nillable": false,
      "picklistValues": [],
      "referenceTo": [],
      "relationshipName": null,
      "sortable": true,
      "type": "datetime"
    },
    {
      "aggregatable": true,
      "custom": false,
      "defaultValue": null,
      "extraTypeInfo": null,
      "filterable": true,
      "groupable": false,
      "inlineHelpText": null,
      "label": "Last Viewed Date",
      "name": "LastViewedDate",
      "nillable": true,
      "picklistValues": [],
      "referenceTo": [],
      "relationshipName": null,
      "sortable": true,
      "type": "datetime"
    },
    {
      "aggregatable": true,
      "custom": false,
      "defaultValue": null,
      "extraTypeInfo": null,
      "filterable": true,
      "groupable": false,
      "inlineHelpText": null,
      "label": "Last Referenced Date",
      "name": "LastReferencedDate",
      "nillable": true,
      "picklistValues": [],
      "referenceTo": [],
      "relationshipName": null,
      "sortable": true,
      "type": "datetime"
    },
    {
      "aggregatable": true,
      "custom": false,
      "defaultValue": null,
      "extraTypeInfo": null,
      "filterable": true,
      "groupable": true,
      "inlineHelpText": null,
      "label": "Parent ID",
      "name": "ParentId",
      "nillable": true,
      "picklistValues": [],
      "referenceTo": [
        "Account",
        "Individual"
      ],
      "relationshipName": "Parent",
      "sortable": true,
      "type": "reference"
    },
    {
      "aggregatable": true,
      "custom": false,
      "defaultValue": null,
      "extraTypeInfo": null,
      "filterable": true,
      "groupable": true,
      "inlineHelpText": null,
      "label": "Active from Date",
      "name": "ActiveFromDate",
      "nillable": true,
      "picklistValues": [],
      "referenceTo": [],
      "relationshipName": null,
      "sortable": true,
      "type": "date"
    },
    {
      "aggregatable": true,
      "custom": false,
      "defaultValue": null,
      "extraTypeInfo": null,
      "filterable": true,
      "groupable": true,
      "inlineHelpText": null,
      "label": "Active to Date",
      "name": "ActiveToDate",
      "nillable": true,
      "picklistValues": [],
      "referenceTo": [],
      "relationshipName": null,
      "sortable": true,
      "type": "date"
    },
    {
      "aggregatable": false,
      "custom": false,
      "defaultValue": null,
      "extraTypeInfo": null,
      "filterable": true,
      "groupable": false,
      "inlineHelpText": null,
      "label": "Best time to contact end time",
      "name": "BestTimeToContactEndTime",
      "nillable": true,
      "picklistValues": [],
      "referenceTo": [],
      "relationshipName": null,
      "sortable": true,
      "type": "time"
    },
    {
      "aggregatable": false,
      "custom": false,
      "defaultValue": null,
      "extraTypeInfo": null,
      "filterable": true,
      "groupable": false,
      "inlineHelpText": null,
      "label": "Best time to contact start time",
      "name": "BestTimeToContactStartTime",
      "nillable": true,
      "picklistValues": [],
      "referenceTo": [],
      "relationshipName": null,
      "sortable": true,
      "type": "time"
    },
    {
      "aggregatable": true,
      "custom": false,
      "defaultValue": null,
      "extraTypeInfo": null,
      "filterable": true,
      "groupable": true,
      "inlineHelpText": null,
      "label": "Best time to contact time zone",
      "name": "BestTimeToContactTimezone",
      "nillable": true,
      "picklistValues": [
        {
          "active": true,
          "defaultValue": false,
          "label": "(GMT+14:00) Line Islands Time (Pacific/Kiritimati)",
          "validFor": null,
          "value": "Pacific/Kiritimati"
        },
        {
          "active": true,
          "defaultValue": false,
          "label": "(GMT+13:00) Phoenix Islands Time (Pacific/Enderbury)",
          "validFor": null,
          "value": "Pacific/Enderbury"
        },
        {
          "active": true,
          "defaultValue": false,
          "label": "(GMT+13:00) Tonga Standard Time (Pacific/Tongatapu)",
          "validFor": null,
          "value": "Pacific/Tongatapu"
        },
        {
          "active": true,
          "defaultValue": false,
          "label": "(GMT+12:45) Chatham Standard Time (Pacific/Chatham)",
          "validFor": null,
          "value": "Pacific/Chatham"
        },
        {
          "active": true,
          "defaultValue": false,
          "label": "(GMT+12:00) Petropavlovsk-Kamchatski Standard Time (Asia/Kamchatka)",
          "validFor": null,
          "value": "Asia/Kamchatka"
        },
        {
          "active": true,
          "defaultValue": false,
          "label": "(GMT+12:00) New Zealand Standard Time (Pacific/Auckland)",
          "validFor": null,
          "value": "Pacific/Auckland"
        },
        {
          "active": true,
          "defaultValue": false,
          "label": "(GMT+12:00) Fiji Standard Time (Pacific/Fiji)",
          "validFor": null,
          "value": "Pacific/Fiji"
        },
        {
          "active": true,
          "defaultValue": false,
          "label": "(GMT+11:00) Solomon Islands Time (Pacific/Guadalcanal)",
          "validFor": null,
          "value": "Pacific/Guadalcanal"
        },
        {
          "active": true,
          "defaultValue": false,
          "label": "(GMT+11:00) Norfolk Island Standard Time (Pacific/Norfolk)",
          "validFor": null,
          "value": "Pacific/Norfolk"
        },
        {
          "active": true,
          "defaultValue": false,
          "label": "(GMT+10:30) Lord Howe Standard Time (Australia/Lord_Howe)",
          "validFor": null,
          "value": "Australia/Lord_Howe"
        },
        {
          "active": true,
          "defaultValue": false,
          "label": "(GMT+10:00) Australian Eastern Standard Time (Australia/Brisbane)",
          "validFor": null,
          "value": "Australia/Brisbane"
        },
        {
          "active": true,
          "defaultValue": false,
          "label": "(GMT+10:00) Australian Eastern Standard Time (Australia/Sydney)",
          "validFor": null,
          "value": "Australia/Sydney"
        },
        {
          "active": true,
          "defaultValue": false,
          "label": "(GMT+09:30) Australian Central Standard Time (Australia/Adelaide)",
          "validFor": null,
          "value": "Australia/Adelaide"
        },
        {
          "active": true,
          "defaultValue": false,
          "label": "(GMT+09:30) Australian Central Standard Time (Australia/Darwin)",
          "validFor": null,
          "value": "Australia/Darwin"
        },
        {
          "active": true,
          "defaultValue": false,
          "label": "(GMT+09:00) Korean Standard Time (Asia/Seoul)",
          "validFor": null,
          "value": "Asia/Seoul"
        },
        {
          "active": true,
          "defaultValue": false,
          "label": "(GMT+09:00) Japan Standard Time (Asia/Tokyo)",
          "validFor": null,
          "value": "Asia/Tokyo"
        },
        {
          "active": true,
          "defaultValue": false,
          "label": "(GMT+08:00) Hong Kong Standard Time (Asia/Hong_Kong)",
          "validFor": null,
          "value": "Asia/Hong_Kong"
        },
        {
          "active": true,
          "defaultValue": false,
          "label": "(GMT+08:00) Malaysia Time (Asia/Kuala_Lumpur)",
          "validFor": null,
          "value": "Asia/Kuala_Lumpur"
        },
        {
          "active": true,
          "defaultValue": false,
          "label": "(GMT+08:00) Philippine Standard Time (Asia/Manila)",
          "validFor": null,
          "value": "Asia/Manila"
        },
        {
          "active": true,
          "defaultValue": false,
          "label": "(GMT+08:00) China Standard Time (Asia/Shanghai)",
          "validFor": null,
          "value": "Asia/Shanghai"
        },
        {
          "active": true,
          "defaultValue": false,
          "label": "(GMT+08:00) Singapore Standard Time (Asia/Singapore)",
          "validFor": null,
          "value": "Asia/Singapore"
        },
        {
          "active": true,
          "defaultValue": false,
          "label": "(GMT+08:00) Taipei Standard Time (Asia/Taipei)",
          "validFor": null,
          "value": "Asia/Taipei"
        },
        {
          "active": true,
          "defaultValue": false,
          "label": "(GMT+08:00) Australian Western Standard Time (Australia/Perth)",
          "validFor": null,
          "value": "Australia/Perth"
        },
        {
          "active": true,
          "defaultValue": false,
          "label": "(GMT+07:00) Indochina Time (Asia/Bangkok)",
          "validFor": null,
          "value": "Asia/Bangkok"
        },
        {
          "active": true,
          "defaultValue": false,
          "label": "(GMT+07:00) Indochina Time (Asia/Ho_Chi_Minh)",
          "validFor": null,
          "value": "Asia/Ho_Chi_Minh"
        },
        {
          "active": true,
          "defaultValue": false,
          "label": "(GMT+07:00) Western Indonesia Time (Asia/Jakarta)",
          "validFor": null,
          "value": "Asia/Jakarta"
        },
        {
          "active": true,
          "defaultValue": false,
          "label": "(GMT+06:30) Myanmar Time (Asia/Rangoon)",
          "validFor": null,
          "value": "Asia/Rangoon"
        },
        {
          "active": true,
          "defaultValue": false,
          "label": "(GMT+06:00) Bangladesh Standard Time (Asia/Dhaka)",
          "validFor": null,
          "value": "Asia/Dhaka"
        },
        {
          "active": true,
          "defaultValue": false,
          "label": "(GMT+05:45) Nepal Time (Asia/Kathmandu)",
          "validFor": null,
          "value": "Asia/Kathmandu"
        },
        {
          "active": true,
          "defaultValue": false,
          "label": "(GMT+05:30) India Standard Time (Asia/Colombo)",
          "validFor": null,
          "value": "Asia/Colombo"
        },
        {
          "active": true,
          "defaultValue": false,
          "label": "(GMT+05:30) India Standard Time (Asia/Kolkata)",
          "validFor": null,
          "value": "Asia/Kolkata"
        },
        {
          "active": true,
          "defaultValue": false,
          "label": "(GMT+05:00) Pakistan Standard Time (Asia/Karachi)",
          "validFor": null,
          "value": "Asia/Karachi"
        },
        {
          "active": true,
          "defaultValue": false,
          "label": "(GMT+05:00) Uzbekistan Standard Time (Asia/Tashkent)",
          "validFor": null,
          "value": "Asia/Tashkent"
        },
        {
          "active": true,
          "defaultValue": false,
          "label": "(GMT+05:00) Yekaterinburg Standard Time (Asia/Yekaterinburg)",
          "validFor": null,
          "value": "Asia/Yekaterinburg"
        },
        {
          "active": true,
          "defaultValue": false,
          "label": "(GMT+04:30) Afghanistan Time (Asia/Kabul)",
          "validFor": null,
          "value": "Asia/Kabul"
        },
        {
          "active": true,
          "defaultValue": false,
          "label": "(GMT+04:30) Iran Daylight Time (Asia/Tehran)",
          "validFor": null,
          "value": "Asia/Tehran"
        },
        {
          "active": true,
          "defaultValue": false,
          "label": "(GMT+04:00) Azerbaijan Standard Time (Asia/Baku)",
          "validFor": null,
          "value": "Asia/Baku"
        },
        {
          "active": true,
          "defaultValue": false,
          "label": "(GMT+04:00) Gulf Standard Time (Asia/Dubai)",
          "validFor": null,
          "value": "Asia/Dubai"
        },
        {
          "active": true,
          "defaultValue": false,
          "label": "(GMT+04:00) Georgia Standard Time (Asia/Tbilisi)",
          "validFor": null,
          "value": "Asia/Tbilisi"
        },
        {
          "active": true,
          "defaultValue": false,
          "label": "(GMT+04:00) Armenia Standard Time (Asia/Yerevan)",
          "validFor": null,
          "value": "Asia/Yerevan"
        },
        {
          "active": true,
          "defaultValue": false,
          "label": "(GMT+03:00) East Africa Time (Africa/Nairobi)",
          "validFor": null,
          "value": "Africa/Nairobi"
        },
        {
          "active": true,
          "defaultValue": false,
          "label": "(GMT+03:00) Arabian Standard Time (Asia/Baghdad)",
          "validFor": null,
          "value": "Asia/Baghdad"
        },
        {
          "active": true,
          "defaultValue": false,
          "label": "(GMT+03:00) Eastern European Summer Time (Asia/Beirut)",
          "validFor": null,
          "value": "Asia/Beirut"
        },
        {
          "active": true,
          "defaultValue": false,
          "label": "(GMT+03:00) Israel Daylight Time (Asia/Jerusalem)",
          "validFor": null,
          "value": "Asia/Jerusalem"
        },
        {
          "active": true,
          "defaultValue": false,
          "label": "(GMT+03:00) Arabian Standard Time (Asia/Kuwait)",
          "validFor": null,
          "value": "Asia/Kuwait"
        },
        {
          "active": true,
          "defaultValue": false,
          "label": "(GMT+03:00) Arabian Standard Time (Asia/Riyadh)",
          "validFor": null,
          "value": "Asia/Riyadh"
        },
        {
          "active": true,
          "defaultValue": false,
          "label": "(GMT+03:00) Eastern European Summer Time (Europe/Athens)",
          "validFor": null,
          "value": "Europe/Athens"
        },
        {
          "active": true,
          "defaultValue": false,
          "label": "(GMT+03:00) Eastern European Summer Time (Europe/Bucharest)",
          "validFor": null,
          "value": "Europe/Bucharest"
        },
        {
          "active": true,
          "defaultValue": false,
          "label": "(GMT+03:00) Eastern European Summer Time (Europe/Helsinki)",
          "validFor": null,
          "value": "Europe/Helsinki"
        },
        {
          "active": true,
          "defaultValue": false,
          "label": "(GMT+03:00) Eastern European Standard Time (Europe/Istanbul)",
          "validFor": null,
          "value": "Europe/Istanbul"
        },
        {
          "active": true,
          "defaultValue": false,
          "label": "(GMT+03:00) Moscow Standard Time (Europe/Minsk)",
          "validFor": null,
          "value": "Europe/Minsk"
        },
        {
          "active": true,
          "defaultValue": false,
          "label": "(GMT+03:00) Moscow Standard Time (Europe/Moscow)",
          "validFor": null,
          "value": "Europe/Moscow"
        },
        {
          "active": true,
          "defaultValue": false,
          "label": "(GMT+02:00) Eastern European Standard Time (Africa/Cairo)",
          "validFor": null,
          "value": "Africa/Cairo"
        },
        {
          "active": true,
          "defaultValue": false,
          "label": "(GMT+02:00) South Africa Standard Time (Africa/Johannesburg)",
          "validFor": null,
          "value": "Africa/Johannesburg"
        },
        {
          "active": true,
          "defaultValue": false,
          "label": "(GMT+02:00) Central European Summer Time (Europe/Amsterdam)",
          "validFor": null,
          "value": "Europe/Amsterdam"
        },
        {
          "active": true,
          "defaultValue": false,
          "label": "(GMT+02:00) Central European Summer Time (Europe/Berlin)",
          "validFor": null,
          "value": "Europe/Berlin"
        },
        {
          "active": true,
          "defaultValue": false,
          "label": "(GMT+02:00) Central European Summer Time (Europe/Brussels)",
          "validFor": null,
          "value": "Europe/Brussels"
        },
        {
          "active": true,
          "defaultValue": false,
          "label": "(GMT+02:00) Central European Summer Time (Europe/Paris)",
          "validFor": null,
          "value": "Europe/Paris"
        },
        {
          "active": true,
          "defaultValue": false,
          "label": "(GMT+02:00) Central European Summer Time (Europe/Prague)",
          "validFor": null,
          "value": "Europe/Prague"
        },
        {
          "active": true,
          "defaultValue": false,
          "label": "(GMT+02:00) Central European Summer Time (Europe/Rome)",
          "validFor": null,
          "value": "Europe/Rome"
        },
        {
          "active": true,
          "defaultValue": false,
          "label": "(GMT+01:00) Central European Standard Time (Africa/Algiers)",
          "validFor": null,
          "value": "Africa/Algiers"
        },
        {
          "active": true,
          "defaultValue": false,
          "label": "(GMT+01:00) Western European Summer Time (Africa/Casablanca)",
          "validFor": null,
          "value": "Africa/Casablanca"
        },
        {
          "active": true,
          "defaultValue": false,
          "label": "(GMT+01:00) Irish Standard Time (Europe/Dublin)",
          "validFor": null,
          "value": "Europe/Dublin"
        },
        {
          "active": true,
          "defaultValue": false,
          "label": "(GMT+01:00) Western European Summer Time (Europe/Lisbon)",
          "validFor": null,
          "value": "Europe/Lisbon"
        },
        {
          "active": true,
          "defaultValue": false,
          "label": "(GMT+01:00) British Summer Time (Europe/London)",
          "validFor": null,
          "value": "Europe/London"
        },
        {
          "active": true,
          "defaultValue": false,
          "label": "(GMT+00:00) East Greenland Summer Time (America/Scoresbysund)",
          "validFor": null,
          "value": "America/Scoresbysund"
        },
        {
          "active": true,
          "defaultValue": false,
          "label": "(GMT+00:00) Azores Summer Time (Atlantic/Azores)",
          "validFor": null,
          "value": "Atlantic/Azores"
        },
        {
          "active": true,
          "defaultValue": false,
          "label": "(GMT+00:00) Greenwich Mean Time (GMT)",
          "validFor": null,
          "value": "GMT"
        },
        {
          "active": true,
          "defaultValue": false,
          "label": "(GMT-01:00) Cape Verde Standard Time (Atlantic/Cape_Verde)",
          "validFor": null,
          "value": "Atlantic/Cape_Verde"
        },
        {
          "active": true,
          "defaultValue": false,
          "label": "(GMT-02:00) South Georgia Time (Atlantic/South_Georgia)",
          "validFor": null,
          "value": "Atlantic/South_Georgia"
        },
        {
          "active": true,
          "defaultValue": false,
          "label": "(GMT-02:30) Newfoundland Daylight Time (America/St_Johns)",
          "validFor": null,
          "value": "America/St_Johns"
        },
        {
          "active": true,
          "defaultValue": false,
          "label": "(GMT-03:00) Argentina Standard Time (America/Argentina/Buenos_Aires)",
          "validFor": null,
          "value": "America/Argentina/Buenos_Aires"
        },
        {
          "active": true,
          "defaultValue": false,
          "label": "(GMT-03:00) Atlantic Daylight Time (America/Halifax)",
          "validFor": null,
          "value": "America/Halifax"
        },
        {
          "active": true,
          "defaultValue": false,
          "label": "(GMT-03:00) Brasilia Standard Time (America/Sao_Paulo)",
          "validFor": null,
          "value": "America/Sao_Paulo"
        },
        {
          "active": true,
          "defaultValue": false,
          "label": "(GMT-03:00) Atlantic Daylight Time (Atlantic/Bermuda)",
          "validFor": null,
          "value": "Atlantic/Bermuda"
        },
        {
          "active": true,
          "defaultValue": false,
          "label": "(GMT-04:00) Venezuela Time (America/Caracas)",
          "validFor": null,
          "value": "America/Caracas"
        },
        {
          "active": true,
          "defaultValue": false,
          "label": "(GMT-04:00) Eastern Daylight Time (America/Indiana/Indianapolis)",
          "validFor": null,
          "value": "America/Indiana/Indianapolis"
        },
        {
          "active": true,
          "defaultValue": false,
          "label": "(GMT-04:00) Eastern Daylight Time (America/New_York)",
          "validFor": null,
          "value": "America/New_York"
        },
        {
          "active": true,
          "defaultValue": false,
          "label": "(GMT-04:00) Atlantic Standard Time (America/Puerto_Rico)",
          "validFor": null,
          "value": "America/Puerto_Rico"
        },
        {
          "active": true,
          "defaultValue": false,
          "label": "(GMT-04:00) Chile Standard Time (America/Santiago)",
          "validFor": null,
          "value": "America/Santiago"
        },
        {
          "active": true,
          "defaultValue": false,
          "label": "(GMT-05:00) Colombia Standard Time (America/Bogota)",
          "validFor": null,
          "value": "America/Bogota"
        },
        {
          "active": true,
          "defaultValue": false,
          "label": "(GMT-05:00) Central Daylight Time (America/Chicago)",
          "validFor": null,
          "value": "America/Chicago"
        },
        {
          "active": true,
          "defaultValue": false,
          "label": "(GMT-05:00) Peru Standard Time (America/Lima)",
          "validFor": null,
          "value": "America/Lima"
        },
        {
          "active": true,
          "defaultValue": false,
          "label": "(GMT-05:00) Central Daylight Time (America/Mexico_City)",
          "validFor": null,
          "value": "America/Mexico_City"
        },
        {
          "active": true,
          "defaultValue": false,
          "label": "(GMT-05:00) Eastern Standard Time (America/Panama)",
          "validFor": null,
          "value": "America/Panama"
        },
        {
          "active": true,
          "defaultValue": false,
          "label": "(GMT-06:00) Mountain Daylight Time (America/Denver)",
          "validFor": null,
          "value": "America/Denver"
        },
        {
          "active": true,
          "defaultValue": false,
          "label": "(GMT-06:00) Central Standard Time (America/El_Salvador)",
          "validFor": null,
          "value": "America/El_Salvador"
        },
        {
          "active": true,
          "defaultValue": false,
          "label": "(GMT-06:00) Mexican Pacific Daylight Time (America/Mazatlan)",
          "validFor": null,
          "value": "America/Mazatlan"
        },
        {
          "active": true,
          "defaultValue": false,
          "label": "(GMT-07:00) Pacific Daylight Time (America/Los_Angeles)",
          "validFor": null,
          "value": "America/Los_Angeles"
        },
        {
          "active": true,
          "defaultValue": false,
          "label": "(GMT-07:00) Mountain Standard Time (America/Phoenix)",
          "validFor": null,
          "value": "America/Phoenix"
        },
        {
          "active": true,
          "defaultValue": false,
          "label": "(GMT-07:00) Pacific Daylight Time (America/Tijuana)",
          "validFor": null,
          "value": "America/Tijuana"
        },
        {
          "active": true,
          "defaultValue": false,
          "label": "(GMT-08:00) Alaska Daylight Time (America/Anchorage)",
          "validFor": null,
          "value": "America/Anchorage"
        },
        {
          "active": true,
          "defaultValue": false,
          "label": "(GMT-08:00) Pitcairn Time (Pacific/Pitcairn)",
          "validFor": null,
          "value": "Pacific/Pitcairn"
        },
        {
          "active": true,
          "defaultValue": false,
          "label": "(GMT-09:00) Hawaii-Aleutian Daylight Time (America/Adak)",
          "validFor": null,
          "value": "America/Adak"
        },
        {
          "active": true,
          "defaultValue": false,
          "label": "(GMT-09:00) Gambier Time (Pacific/Gambier)",
          "validFor": null,
          "value": "Pacific/Gambier"
        },
        {
          "active": true,
          "defaultValue": false,
          "label": "(GMT-09:30) Marquesas Time (Pacific/Marquesas)",
          "validFor": null,
          "value": "Pacific/Marquesas"
        },
        {
          "active": true,
          "defaultValue": false,
          "label": "(GMT-10:00) Hawaii-Aleutian Standard Time (Pacific/Honolulu)",
          "validFor": null,
          "value": "Pacific/Honolulu"
        },
        {
          "active": true,
          "defaultValue": false,
          "label": "(GMT-11:00) Niue Time (Pacific/Niue)",
          "validFor": null,
          "value": "Pacific/Niue"
        },
        {
          "active": true,
          "defaultValue": false,
          "label": "(GMT-11:00) Samoa Standard Time (Pacific/Pago_Pago)",
          "validFor": null,
          "value": "Pacific/Pago_Pago"
        }
      ],
      "referenceTo": [],
      "relationshipName": null,
      "sortable": true,
      "type": "picklist"
    },
    {
      "aggregatable": false,
      "custom": false,
      "defaultValue": false,
      "extraTypeInfo": null,
      "filterable": true,
      "groupable": true,
      "inlineHelpText": null,
      "label": "Is Primary",
      "name": "IsPrimary",
      "nillable": false,
      "picklistValues": [],
      "referenceTo": [],
      "relationshipName": null,
      "sortable": true,
      "type": "boolean"
    },
    {
      "aggregatable": true,
      "custom": false,
      "defaultValue": null,
      "extraTypeInfo": null,
      "filterable": true,
      "groupable": true,
      "inlineHelpText": null,
      "label": "Email address",
      "name": "EmailAddress",
      "nillable": false,
      "picklistValues": [],
      "referenceTo": [],
      "relationshipName": null,
      "sortable": true,
      "type": "email"
    },
    {
      "aggregatable": true,
      "custom": false,
      "defaultValue": null,
      "extraTypeInfo": null,
      "filterable": true,
      "groupable": true,
      "inlineHelpText": null,
      "label": "Email mail box",
      "name": "EmailMailBox",
      "nillable": true,
      "picklistValues": [],
      "referenceTo": [],
      "relationshipName": null,
      "sortable": true,
      "type": "string"
    },
    {
      "aggregatable": true,
      "custom": false,
      "defaultValue": null,
      "extraTypeInfo": null,
      "filterable": true,
      "groupable": true,
      "inlineHelpText": null,
      "label": "Email domain",
      "name": "EmailDomain",
      "nillable": true,
      "picklistValues": [],
      "referenceTo": [],
      "relationshipName": null,
      "sortable": true,
      "type": "string"
    },
    {
      "aggregatable": true,
      "custom": false,
      "defaultValue": null,
      "extraTypeInfo": null,
      "filterable": true,
      "groupable": false,
      "inlineHelpText": null,
      "label": "Email latest bounce date time",
      "name": "EmailLatestBounceDateTime",
      "nillable": true,
      "picklistValues": [],
      "referenceTo": [],
      "relationshipName": null,
      "sortable": true,
      "type": "datetime"
    },
    {
      "aggregatable": true,
      "custom": false,
      "defaultValue": null,
      "extraTypeInfo": null,
      "filterable": true,
      "groupable": true,
      "inlineHelpText": null,
      "label": "Email latest bounce reason text",
      "name": "EmailLatestBounceReasonText",
      "nillable": true,
      "picklistValues": [],
      "referenceTo": [],
      "relationshipName": null,
      "sortable": true,
      "type": "string"
    }
  ],
  "label": "Contact Point Email",
  "childRelationships": [
    {
      "cascadeDelete": false,
      "childSObject": "ContactPointConsent",
      "deprecatedAndHidden": false,
      "field": "ContactPointId",
      "junctionIdListNames": [],
      "junctionReferenceTo": [],
      "relationshipName": "ContactPointConsents",
      "restrictedDelete": true
    },
    {
      "cascadeDelete": true,
      "childSObject": "ContactPointEmailHistory",
      "deprecatedAndHidden": false,
      "field": "ContactPointEmailId",
      "junctionIdListNames": [],
      "junctionReferenceTo": [],
      "relationshipName": "Histories",
      "restrictedDelete": false
    },
    {
      "cascadeDelete": true,
      "childSObject": "ContactPointEmailShare",
      "deprecatedAndHidden": false,
      "field": "ParentId",
      "junctionIdListNames": [],
      "junctionReferenceTo": [],
      "relationshipName": "Shares",
      "restrictedDelete": false
    },
    {
      "cascadeDelete": false,
      "childSObject": "FlowRecordRelation",
      "deprecatedAndHidden": false,
      "field": "RelatedRecordId",
      "junctionIdListNames": [],
      "junctionReferenceTo": [],
      "relationshipName": null,
      "restrictedDelete": false
    },
    {
      "cascadeDelete": true,
      "childSObject": "ProcessInstance",
      "deprecatedAndHidden": false,
      "field": "TargetObjectId",
      "junctionIdListNames": [],
      "junctionReferenceTo": [],
      "relationshipName": "ProcessInstances",
      "restrictedDelete": false
    },
    {
      "cascadeDelete": false,
      "childSObject": "ProcessInstanceHistory",
      "deprecatedAndHidden": false,
      "field": "TargetObjectId",
      "junctionIdListNames": [],
      "junctionReferenceTo": [],
      "relationshipName": "ProcessSteps",
      "restrictedDelete": false
    }
  ],
  "custom": false,
  "name": "ContactPointEmail",
  "queryable": true
}