{
  "fields": [
    {
      "aggregatable": true,
      "custom": false,
      "defaultValue": null,
      "extraTypeInfo": null,
      "filterable": true,
      "groupable": true,
      "inlineHelpText": null,
      "label": "Feed Poll Vote ID",
      "name": "Id",
      "nillable": false,
      "picklistValues": [],
      "referenceTo": [],
      "relationshipName": null,
      "sortable": true,
      "type": "id"
    },
    {
      "aggregatable": true,
      "custom": false,
      "defaultValue": null,
      "extraTypeInfo": null,
      "filterable": true,
      "groupable": true,
      "inlineHelpText": null,
      "label": "Feed Item ID",
      "name": "FeedItemId",
      "nillable": false,
      "picklistValues": [],
      "referenceTo": [
        "AccountFeed",
        "AssetFeed",
        "AssetRelationshipFeed",
        "AssignedResourceFeed",
        "CampaignFeed",
        "CaseFeed",
        "CollaborationGroupFeed",
        "ConsumptionScheduleFeed",
        "ContactFeed",
        "ContentDocumentFeed",
        "ContractFeed",
        "DashboardComponentFeed",
        "DashboardFeed",
        "EnhancedLetterheadFeed",
        "EntitlementFeed",
        "EntityMilestoneFeed",
        "EventFeed",
        "FeedItem",
        "LeadFeed",
        "LocationFeed",
        "MessagingSessionFeed",
        "OperatingHoursFeed",
        "OpportunityFeed",
        "OrderFeed",
        "OrderItemFeed",
        "Product2Feed",
        "ReportFeed",
        "ResourceAbsenceFeed",
        "ResourcePreferenceFeed",
        "ReturnOrderFeed",
        "ReturnOrderLineItemFeed",
        "ServiceAppointmentFeed",
        "ServiceContractFeed",
        "ServiceResourceFeed",
        "ServiceResourceSkillFeed",
        "ServiceTerritoryFeed",
        "ServiceTerritoryMemberFeed",
        "ServiceTerritoryWorkTypeFeed",
        "SiteFeed",
        "SkillRequirementFeed",
        "SolutionFeed",
        "TaskFeed",
        "TopicFeed",
        "UserFeed",
        "WorkOrderFeed",
        "WorkOrderLineItemFeed",
        "WorkTypeFeed",
        "WorkTypeGroupFeed",
        "WorkTypeGroupMemberFeed"
      ],
      "relationshipName": null,
      "sortable": true,
      "type": "reference"
    },
    {
      "aggregatable": true,
      "custom": false,
      "defaultValue": null,
      "extraTypeInfo": null,
      "filterable": true,
      "groupable": true,
      "inlineHelpText": null,
      "label": "Feed Poll Choice ID",
      "name": "ChoiceId",
      "nillable": false,
      "picklistValues": [],
      "referenceTo": [
        "FeedPollChoice"
      ],
      "relationshipName": "Choice",
      "sortable": false,
      "type": "reference"
    },
    {
      "aggregatable": true,
      "custom": false,
      "defaultValue": null,
      "extraTypeInfo": null,
      "filterable": true,
      "groupable": true,
      "inlineHelpText": null,
      "label": "Created By ID",
      "name": "CreatedById",
      "nillable": false,
      "picklistValues": [],
      "referenceTo": [
        "User"
      ],
      "relationshipName": "CreatedBy",
      "sortable": true,
      "type": "reference"
    },
    {
      "aggregatable": true,
      "custom": false,
      "defaultValue": null,
      "extraTypeInfo": null,
      "filterable": true,
      "groupable": false,
      "inlineHelpText": null,
      "label": "Created Date",
      "name": "CreatedDate",
      "nillable": false,
      "picklistValues": [],
      "referenceTo": [],
      "relationshipName": null,
      "sortable": true,
      "type": "datetime"
    },
    {
      "aggregatable": true,
      "custom": false,
      "defaultValue": null,
      "extraTypeInfo": null,
      "filterable": true,
      "groupable": false,
      "inlineHelpText": null,
      "label": "Last Modified Date",
      "name": "LastModifiedDate",
      "nillable": false,
      "picklistValues": [],
      "referenceTo": [],
      "relationshipName": null,
      "sortable": true,
      "type": "datetime"
    },
    {
      "aggregatable": false,
      "custom": false,
      "defaultValue": false,
      "extraTypeInfo": null,
      "filterable": true,
      "groupable": true,
      "inlineHelpText": null,
      "label": "Deleted",
      "name": "IsDeleted",
      "nillable": false,
      "picklistValues": [],
      "referenceTo": [],
      "relationshipName": null,
      "sortable": true,
      "type": "boolean"
    }
  ],
  "label": "Feed Poll Vote",
  "childRelationships": [
    {
      "cascadeDelete": false,
      "childSObject": "FlowRecordRelation",
      "deprecatedAndHidden": false,
      "field": "RelatedRecordId",
      "junctionIdListNames": [],
      "junctionReferenceTo": [],
      "relationshipName": null,
      "restrictedDelete": false
    }
  ],
  "custom": false,
  "name": "FeedPollVote",
  "queryable": true
}