{
  "fields": [
    {
      "aggregatable": true,
      "custom": false,
      "defaultValue": null,
      "extraTypeInfo": null,
      "filterable": true,
      "groupable": true,
      "inlineHelpText": null,
      "label": "Feed Signal ID",
      "name": "Id",
      "nillable": false,
      "picklistValues": [],
      "referenceTo": [],
      "relationshipName": null,
      "sortable": true,
      "type": "id"
    },
    {
      "aggregatable": true,
      "custom": false,
      "defaultValue": null,
      "extraTypeInfo": null,
      "filterable": true,
      "groupable": true,
      "inlineHelpText": null,
      "label": "Feed Item ID",
      "name": "FeedItemId",
      "nillable": true,
      "picklistValues": [],
      "referenceTo": [
        "AccountFeed",
        "AssetFeed",
        "AssetRelationshipFeed",
        "AssignedResourceFeed",
        "CampaignFeed",
        "CaseFeed",
        "CollaborationGroupFeed",
        "ConsumptionScheduleFeed",
        "ContactFeed",
        "ContentDocumentFeed",
        "ContractFeed",
        "DashboardComponentFeed",
        "DashboardFeed",
        "EnhancedLetterheadFeed",
        "EntitlementFeed",
        "EntityMilestoneFeed",
        "EventFeed",
        "FeedItem",
        "LeadFeed",
        "LocationFeed",
        "MessagingSessionFeed",
        "OperatingHoursFeed",
        "OpportunityFeed",
        "OrderFeed",
        "OrderItemFeed",
        "Product2Feed",
        "ReportFeed",
        "ResourceAbsenceFeed",
        "ResourcePreferenceFeed",
        "ReturnOrderFeed",
        "ReturnOrderLineItemFeed",
        "ServiceAppointmentFeed",
        "ServiceContractFeed",
        "ServiceResourceFeed",
        "ServiceResourceSkillFeed",
        "ServiceTerritoryFeed",
        "ServiceTerritoryMemberFeed",
        "ServiceTerritoryWorkTypeFeed",
        "SiteFeed",
        "SkillRequirementFeed",
        "SolutionFeed",
        "TaskFeed",
        "TopicFeed",
        "UserFeed",
        "WorkOrderFeed",
        "WorkOrderLineItemFeed",
        "WorkTypeFeed",
        "WorkTypeGroupFeed",
        "WorkTypeGroupMemberFeed"
      ],
      "relationshipName": null,
      "sortable": true,
      "type": "reference"
    },
    {
      "aggregatable": true,
      "custom": false,
      "defaultValue": null,
      "extraTypeInfo": null,
      "filterable": true,
      "groupable": true,
      "inlineHelpText": null,
      "label": "Feed Item ID",
      "name": "FeedEntityId",
      "nillable": true,
      "picklistValues": [],
      "referenceTo": [
        "AccountFeed",
        "AssetFeed",
        "AssetRelationshipFeed",
        "AssignedResourceFeed",
        "CampaignFeed",
        "CaseFeed",
        "CollaborationGroupFeed",
        "ConsumptionScheduleFeed",
        "ContactFeed",
        "ContentDocumentFeed",
        "ContractFeed",
        "DashboardComponentFeed",
        "DashboardFeed",
        "EnhancedLetterheadFeed",
        "EntitlementFeed",
        "EntityMilestoneFeed",
        "EventFeed",
        "FeedComment",
        "FeedItem",
        "LeadFeed",
        "LocationFeed",
        "MessagingSessionFeed",
        "OperatingHoursFeed",
        "OpportunityFeed",
        "OrderFeed",
        "OrderItemFeed",
        "Product2Feed",
        "ReportFeed",
        "ResourceAbsenceFeed",
        "ResourcePreferenceFeed",
        "ReturnOrderFeed",
        "ReturnOrderLineItemFeed",
        "ServiceAppointmentFeed",
        "ServiceContractFeed",
        "ServiceResourceFeed",
        "ServiceResourceSkillFeed",
        "ServiceTerritoryFeed",
        "ServiceTerritoryMemberFeed",
        "ServiceTerritoryWorkTypeFeed",
        "SiteFeed",
        "SkillRequirementFeed",
        "SolutionFeed",
        "TaskFeed",
        "TopicFeed",
        "UserFeed",
        "WorkOrderFeed",
        "WorkOrderLineItemFeed",
        "WorkTypeFeed",
        "WorkTypeGroupFeed",
        "WorkTypeGroupMemberFeed"
      ],
      "relationshipName": null,
      "sortable": true,
      "type": "reference"
    },
    {
      "aggregatable": true,
      "custom": false,
      "defaultValue": null,
      "extraTypeInfo": null,
      "filterable": true,
      "groupable": true,
      "inlineHelpText": null,
      "label": "Signal value",
      "name": "SignalValue",
      "nillable": true,
      "picklistValues": [],
      "referenceTo": [],
      "relationshipName": null,
      "sortable": true,
      "type": "int"
    },
    {
      "aggregatable": true,
      "custom": false,
      "defaultValue": null,
      "extraTypeInfo": null,
      "filterable": true,
      "groupable": true,
      "inlineHelpText": null,
      "label": "Signal type",
      "name": "SignalType",
      "nillable": true,
      "picklistValues": [
        {
          "active": true,
          "defaultValue": false,
          "label": null,
          "validFor": null,
          "value": "UpDownVote"
        },
        {
          "active": true,
          "defaultValue": false,
          "label": null,
          "validFor": null,
          "value": "Verified"
        },
        {
          "active": true,
          "defaultValue": false,
          "label": null,
          "validFor": null,
          "value": "UserVerified"
        }
      ],
      "referenceTo": [],
      "relationshipName": null,
      "sortable": true,
      "type": "picklist"
    },
    {
      "aggregatable": true,
      "custom": false,
      "defaultValue": null,
      "extraTypeInfo": null,
      "filterable": true,
      "groupable": true,
      "inlineHelpText": null,
      "label": "Created By ID",
      "name": "CreatedById",
      "nillable": false,
      "picklistValues": [],
      "referenceTo": [
        "User"
      ],
      "relationshipName": "CreatedBy",
      "sortable": true,
      "type": "reference"
    },
    {
      "aggregatable": true,
      "custom": false,
      "defaultValue": null,
      "extraTypeInfo": null,
      "filterable": true,
      "groupable": false,
      "inlineHelpText": null,
      "label": "Created Date",
      "name": "CreatedDate",
      "nillable": false,
      "picklistValues": [],
      "referenceTo": [],
      "relationshipName": null,
      "sortable": true,
      "type": "datetime"
    },
    {
      "aggregatable": false,
      "custom": false,
      "defaultValue": false,
      "extraTypeInfo": null,
      "filterable": true,
      "groupable": true,
      "inlineHelpText": null,
      "label": "Deleted",
      "name": "IsDeleted",
      "nillable": false,
      "picklistValues": [],
      "referenceTo": [],
      "relationshipName": null,
      "sortable": true,
      "type": "boolean"
    },
    {
      "aggregatable": true,
      "custom": false,
      "defaultValue": null,
      "extraTypeInfo": null,
      "filterable": true,
      "groupable": true,
      "inlineHelpText": null,
      "label": "InsertedBy ID",
      "name": "InsertedById",
      "nillable": false,
      "picklistValues": [],
      "referenceTo": [
        "User"
      ],
      "relationshipName": "InsertedBy",
      "sortable": true,
      "type": "reference"
    }
  ],
  "label": "Feed Signal",
  "childRelationships": [],
  "custom": false,
  "name": "FeedSignal",
  "queryable": false
}