{
  "fields": [
    {
      "aggregatable": true,
      "custom": false,
      "defaultValue": null,
      "extraTypeInfo": null,
      "filterable": true,
      "groupable": true,
      "inlineHelpText": null,
      "label": "Feed Attachment ID",
      "name": "Id",
      "nillable": false,
      "picklistValues": [],
      "referenceTo": [],
      "relationshipName": null,
      "sortable": true,
      "type": "id"
    },
    {
      "aggregatable": true,
      "custom": false,
      "defaultValue": null,
      "extraTypeInfo": null,
      "filterable": true,
      "groupable": true,
      "inlineHelpText": null,
      "label": "Feed Entity ID",
      "name": "FeedEntityId",
      "nillable": false,
      "picklistValues": [],
      "referenceTo": [
        "AccountFeed",
        "AssetFeed",
        "AssetRelationshipFeed",
        "AssignedResourceFeed",
        "CampaignFeed",
        "CaseFeed",
        "CollaborationGroupFeed",
        "ConsumptionScheduleFeed",
        "ContactFeed",
        "ContentDocumentFeed",
        "ContractFeed",
        "DashboardComponentFeed",
        "DashboardFeed",
        "EnhancedLetterheadFeed",
        "EntitlementFeed",
        "EntityMilestoneFeed",
        "EventFeed",
        "FeedComment",
        "FeedItem",
        "LeadFeed",
        "LocationFeed",
        "MessagingSessionFeed",
        "OperatingHoursFeed",
        "OpportunityFeed",
        "OrderFeed",
        "OrderItemFeed",
        "Product2Feed",
        "ReportFeed",
        "ResourceAbsenceFeed",
        "ResourcePreferenceFeed",
        "ReturnOrderFeed",
        "ReturnOrderLineItemFeed",
        "ServiceAppointmentFeed",
        "ServiceContractFeed",
        "ServiceResourceFeed",
        "ServiceResourceSkillFeed",
        "ServiceTerritoryFeed",
        "ServiceTerritoryMemberFeed",
        "ServiceTerritoryWorkTypeFeed",
        "SiteFeed",
        "SkillRequirementFeed",
        "SolutionFeed",
        "TaskFeed",
        "TopicFeed",
        "UserFeed",
        "WorkOrderFeed",
        "WorkOrderLineItemFeed",
        "WorkTypeFeed",
        "WorkTypeGroupFeed",
        "WorkTypeGroupMemberFeed"
      ],
      "relationshipName": null,
      "sortable": true,
      "type": "reference"
    },
    {
      "aggregatable": true,
      "custom": false,
      "defaultValue": null,
      "extraTypeInfo": null,
      "filterable": true,
      "groupable": true,
      "inlineHelpText": null,
      "label": "Feed Attachment Type",
      "name": "Type",
      "nillable": false,
      "picklistValues": [
        {
          "active": true,
          "defaultValue": false,
          "label": null,
          "validFor": null,
          "value": "Content"
        },
        {
          "active": true,
          "defaultValue": false,
          "label": null,
          "validFor": null,
          "value": "InlineImage"
        },
        {
          "active": true,
          "defaultValue": false,
          "label": null,
          "validFor": null,
          "value": "Link"
        },
        {
          "active": true,
          "defaultValue": false,
          "label": null,
          "validFor": null,
          "value": "FeedEntity"
        },
        {
          "active": true,
          "defaultValue": false,
          "label": null,
          "validFor": null,
          "value": "ChatterExtension"
        },
        {
          "active": true,
          "defaultValue": false,
          "label": null,
          "validFor": null,
          "value": "Record"
        }
      ],
      "referenceTo": [],
      "relationshipName": null,
      "sortable": true,
      "type": "picklist"
    },
    {
      "aggregatable": true,
      "custom": false,
      "defaultValue": null,
      "extraTypeInfo": null,
      "filterable": true,
      "groupable": true,
      "inlineHelpText": null,
      "label": "Attachment Record ID",
      "name": "RecordId",
      "nillable": true,
      "picklistValues": [],
      "referenceTo": [
        "ContentDocument",
        "ContentVersion",
        "FeedItem"
      ],
      "relationshipName": null,
      "sortable": true,
      "type": "reference"
    },
    {
      "aggregatable": true,
      "custom": false,
      "defaultValue": null,
      "extraTypeInfo": null,
      "filterable": true,
      "groupable": true,
      "inlineHelpText": null,
      "label": "Feed Attachment Title",
      "name": "Title",
      "nillable": true,
      "picklistValues": [],
      "referenceTo": [],
      "relationshipName": null,
      "sortable": true,
      "type": "string"
    },
    {
      "aggregatable": true,
      "custom": false,
      "defaultValue": null,
      "extraTypeInfo": null,
      "filterable": true,
      "groupable": false,
      "inlineHelpText": null,
      "label": "Feed Attachment Value",
      "name": "Value",
      "nillable": true,
      "picklistValues": [],
      "referenceTo": [],
      "relationshipName": null,
      "sortable": true,
      "type": "string"
    },
    {
      "aggregatable": false,
      "custom": false,
      "defaultValue": false,
      "extraTypeInfo": null,
      "filterable": true,
      "groupable": true,
      "inlineHelpText": null,
      "label": "Deleted",
      "name": "IsDeleted",
      "nillable": false,
      "picklistValues": [],
      "referenceTo": [],
      "relationshipName": null,
      "sortable": true,
      "type": "boolean"
    }
  ],
  "label": "Feed Attachment",
  "childRelationships": [
    {
      "cascadeDelete": false,
      "childSObject": "FlowRecordRelation",
      "deprecatedAndHidden": false,
      "field": "RelatedRecordId",
      "junctionIdListNames": [],
      "junctionReferenceTo": [],
      "relationshipName": null,
      "restrictedDelete": false
    }
  ],
  "custom": false,
  "name": "FeedAttachment",
  "queryable": true
}