{
  "fields": [
    {
      "aggregatable": true,
      "custom": false,
      "defaultValue": null,
      "extraTypeInfo": null,
      "filterable": true,
      "groupable": true,
      "inlineHelpText": null,
      "label": "Feed Tracked Change ID",
      "name": "Id",
      "nillable": false,
      "picklistValues": [],
      "referenceTo": [],
      "relationshipName": null,
      "sortable": true,
      "type": "id"
    },
    {
      "aggregatable": true,
      "custom": false,
      "defaultValue": null,
      "extraTypeInfo": null,
      "filterable": true,
      "groupable": true,
      "inlineHelpText": null,
      "label": "Feed Item ID",
      "name": "FeedItemId",
      "nillable": false,
      "picklistValues": [],
      "referenceTo": [
        "AccountFeed",
        "AssetFeed",
        "AssetRelationshipFeed",
        "AssignedResourceFeed",
        "CampaignFeed",
        "CaseFeed",
        "CollaborationGroupFeed",
        "ConsumptionScheduleFeed",
        "ContactFeed",
        "ContentDocumentFeed",
        "ContractFeed",
        "DashboardComponentFeed",
        "DashboardFeed",
        "EnhancedLetterheadFeed",
        "EntitlementFeed",
        "EntityMilestoneFeed",
        "EventFeed",
        "FeedItem",
        "LeadFeed",
        "LocationFeed",
        "MessagingSessionFeed",
        "OperatingHoursFeed",
        "OpportunityFeed",
        "OrderFeed",
        "OrderItemFeed",
        "Product2Feed",
        "ReportFeed",
        "ResourceAbsenceFeed",
        "ResourcePreferenceFeed",
        "ReturnOrderFeed",
        "ReturnOrderLineItemFeed",
        "ServiceAppointmentFeed",
        "ServiceContractFeed",
        "ServiceResourceFeed",
        "ServiceResourceSkillFeed",
        "ServiceTerritoryFeed",
        "ServiceTerritoryMemberFeed",
        "ServiceTerritoryWorkTypeFeed",
        "SiteFeed",
        "SkillRequirementFeed",
        "SolutionFeed",
        "TaskFeed",
        "TopicFeed",
        "UserFeed",
        "WorkOrderFeed",
        "WorkOrderLineItemFeed",
        "WorkTypeFeed",
        "WorkTypeGroupFeed",
        "WorkTypeGroupMemberFeed"
      ],
      "relationshipName": null,
      "sortable": true,
      "type": "reference"
    },
    {
      "aggregatable": true,
      "custom": false,
      "defaultValue": null,
      "extraTypeInfo": null,
      "filterable": false,
      "groupable": true,
      "inlineHelpText": null,
      "label": "Field",
      "name": "FieldName",
      "nillable": false,
      "picklistValues": [],
      "referenceTo": [],
      "relationshipName": null,
      "sortable": true,
      "type": "string"
    },
    {
      "aggregatable": false,
      "custom": false,
      "defaultValue": null,
      "extraTypeInfo": null,
      "filterable": false,
      "groupable": false,
      "inlineHelpText": null,
      "label": "Old Value",
      "name": "OldValue",
      "nillable": true,
      "picklistValues": [],
      "referenceTo": [],
      "relationshipName": null,
      "sortable": true,
      "type": "anyType"
    },
    {
      "aggregatable": false,
      "custom": false,
      "defaultValue": null,
      "extraTypeInfo": null,
      "filterable": false,
      "groupable": false,
      "inlineHelpText": null,
      "label": "New Value",
      "name": "NewValue",
      "nillable": true,
      "picklistValues": [],
      "referenceTo": [],
      "relationshipName": null,
      "sortable": true,
      "type": "anyType"
    }
  ],
  "label": "Feed Tracked Change",
  "childRelationships": [],
  "custom": false,
  "name": "FeedTrackedChange",
  "queryable": false
}