{
  "fields": [
    {
      "aggregatable": true,
      "custom": false,
      "defaultValue": null,
      "extraTypeInfo": null,
      "filterable": true,
      "groupable": true,
      "inlineHelpText": null,
      "label": "Feed Comment ID",
      "name": "Id",
      "nillable": false,
      "picklistValues": [],
      "referenceTo": [],
      "relationshipName": null,
      "sortable": true,
      "type": "id"
    },
    {
      "aggregatable": true,
      "custom": false,
      "defaultValue": null,
      "extraTypeInfo": null,
      "filterable": true,
      "groupable": true,
      "inlineHelpText": null,
      "label": "Feed Item ID",
      "name": "FeedItemId",
      "nillable": false,
      "picklistValues": [],
      "referenceTo": [
        "AccountFeed",
        "AssetFeed",
        "AssetRelationshipFeed",
        "AssignedResourceFeed",
        "CampaignFeed",
        "CaseFeed",
        "CollaborationGroupFeed",
        "ConsumptionScheduleFeed",
        "ContactFeed",
        "ContentDocumentFeed",
        "ContractFeed",
        "DashboardComponentFeed",
        "DashboardFeed",
        "EnhancedLetterheadFeed",
        "EntitlementFeed",
        "EntityMilestoneFeed",
        "EventFeed",
        "FeedItem",
        "LeadFeed",
        "LocationFeed",
        "MessagingSessionFeed",
        "OperatingHoursFeed",
        "OpportunityFeed",
        "OrderFeed",
        "OrderItemFeed",
        "Product2Feed",
        "ReportFeed",
        "ResourceAbsenceFeed",
        "ResourcePreferenceFeed",
        "ReturnOrderFeed",
        "ReturnOrderLineItemFeed",
        "ServiceAppointmentFeed",
        "ServiceContractFeed",
        "ServiceResourceFeed",
        "ServiceResourceSkillFeed",
        "ServiceTerritoryFeed",
        "ServiceTerritoryMemberFeed",
        "ServiceTerritoryWorkTypeFeed",
        "SiteFeed",
        "SkillRequirementFeed",
        "SolutionFeed",
        "TaskFeed",
        "TopicFeed",
        "UserFeed",
        "WorkOrderFeed",
        "WorkOrderLineItemFeed",
        "WorkTypeFeed",
        "WorkTypeGroupFeed",
        "WorkTypeGroupMemberFeed"
      ],
      "relationshipName": null,
      "sortable": true,
      "type": "reference"
    },
    {
      "aggregatable": true,
      "custom": false,
      "defaultValue": null,
      "extraTypeInfo": null,
      "filterable": true,
      "groupable": true,
      "inlineHelpText": null,
      "label": "Parent ID",
      "name": "ParentId",
      "nillable": true,
      "picklistValues": [],
      "referenceTo": [
        "Account",
        "Asset",
        "AssetRelationship",
        "AssignedResource",
        "AuthorizationFormText",
        "Booking_Line__c",
        "Campaign",
        "Case",
        "CollaborationGroup",
        "ConsumptionSchedule",
        "Contact",
        "ContentDocument",
        "Contract",
        "Dashboard",
        "DashboardComponent",
        "EnhancedLetterhead",
        "Entitlement",
        "EntityMilestone",
        "Error_Log__c",
        "Event",
        "Image",
        "Lead",
        "Location",
        "MessagingSession",
        "NTS1__Error_Log__c",
        "OperatingHours",
        "Opportunity",
        "Order",
        "OrderItem",
        "Product2",
        "Report",
        "ResourceAbsence",
        "ResourcePreference",
        "ReturnOrder",
        "ReturnOrderLineItem",
        "Room_price_catalog__c",
        "ServiceAppointment",
        "ServiceContract",
        "ServiceResource",
        "ServiceResourceSkill",
        "ServiceTerritory",
        "ServiceTerritoryMember",
        "ServiceTerritoryWorkType",
        "Site",
        "SkillRequirement",
        "Solution",
        "Task",
        "Topic",
        "User",
        "WorkOrder",
        "WorkOrderLineItem",
        "WorkType",
        "WorkTypeGroup",
        "WorkTypeGroupMember"
      ],
      "relationshipName": null,
      "sortable": true,
      "type": "reference"
    },
    {
      "aggregatable": true,
      "custom": false,
      "defaultValue": null,
      "extraTypeInfo": null,
      "filterable": true,
      "groupable": true,
      "inlineHelpText": null,
      "label": "Created By ID",
      "name": "CreatedById",
      "nillable": false,
      "picklistValues": [],
      "referenceTo": [
        "User"
      ],
      "relationshipName": "CreatedBy",
      "sortable": true,
      "type": "reference"
    },
    {
      "aggregatable": true,
      "custom": false,
      "defaultValue": null,
      "extraTypeInfo": null,
      "filterable": true,
      "groupable": false,
      "inlineHelpText": null,
      "label": "Created Date",
      "name": "CreatedDate",
      "nillable": false,
      "picklistValues": [],
      "referenceTo": [],
      "relationshipName": null,
      "sortable": true,
      "type": "datetime"
    },
    {
      "aggregatable": true,
      "custom": false,
      "defaultValue": null,
      "extraTypeInfo": null,
      "filterable": true,
      "groupable": false,
      "inlineHelpText": null,
      "label": "System Modstamp",
      "name": "SystemModstamp",
      "nillable": false,
      "picklistValues": [],
      "referenceTo": [],
      "relationshipName": null,
      "sortable": true,
      "type": "datetime"
    },
    {
      "aggregatable": true,
      "custom": false,
      "defaultValue": null,
      "extraTypeInfo": null,
      "filterable": true,
      "groupable": true,
      "inlineHelpText": null,
      "label": "Revision",
      "name": "Revision",
      "nillable": true,
      "picklistValues": [],
      "referenceTo": [],
      "relationshipName": null,
      "sortable": true,
      "type": "int"
    },
    {
      "aggregatable": true,
      "custom": false,
      "defaultValue": null,
      "extraTypeInfo": null,
      "filterable": true,
      "groupable": true,
      "inlineHelpText": null,
      "label": "Last Edit By ID",
      "name": "LastEditById",
      "nillable": true,
      "picklistValues": [],
      "referenceTo": [
        "User"
      ],
      "relationshipName": null,
      "sortable": true,
      "type": "reference"
    },
    {
      "aggregatable": true,
      "custom": false,
      "defaultValue": null,
      "extraTypeInfo": null,
      "filterable": true,
      "groupable": false,
      "inlineHelpText": null,
      "label": "Last Edit Date",
      "name": "LastEditDate",
      "nillable": true,
      "picklistValues": [],
      "referenceTo": [],
      "relationshipName": null,
      "sortable": true,
      "type": "datetime"
    },
    {
      "aggregatable": false,
      "custom": false,
      "defaultValue": null,
      "extraTypeInfo": "plaintextarea",
      "filterable": true,
      "groupable": false,
      "inlineHelpText": null,
      "label": "Comment Body",
      "name": "CommentBody",
      "nillable": false,
      "picklistValues": [],
      "referenceTo": [],
      "relationshipName": null,
      "sortable": true,
      "type": "textarea"
    },
    {
      "aggregatable": false,
      "custom": false,
      "defaultValue": false,
      "extraTypeInfo": null,
      "filterable": true,
      "groupable": true,
      "inlineHelpText": null,
      "label": "Deleted",
      "name": "IsDeleted",
      "nillable": false,
      "picklistValues": [],
      "referenceTo": [],
      "relationshipName": null,
      "sortable": true,
      "type": "boolean"
    },
    {
      "aggregatable": true,
      "custom": false,
      "defaultValue": null,
      "extraTypeInfo": null,
      "filterable": true,
      "groupable": true,
      "inlineHelpText": null,
      "label": "InsertedBy ID",
      "name": "InsertedById",
      "nillable": false,
      "picklistValues": [],
      "referenceTo": [
        "User"
      ],
      "relationshipName": "InsertedBy",
      "sortable": true,
      "type": "reference"
    },
    {
      "aggregatable": true,
      "custom": false,
      "defaultValue": null,
      "extraTypeInfo": null,
      "filterable": true,
      "groupable": true,
      "inlineHelpText": null,
      "label": "Comment Type",
      "name": "CommentType",
      "nillable": true,
      "picklistValues": [
        {
          "active": true,
          "defaultValue": false,
          "label": null,
          "validFor": null,
          "value": "TextComment"
        },
        {
          "active": true,
          "defaultValue": false,
          "label": null,
          "validFor": null,
          "value": "ContentComment"
        }
      ],
      "referenceTo": [],
      "relationshipName": null,
      "sortable": true,
      "type": "picklist"
    },
    {
      "aggregatable": true,
      "custom": false,
      "defaultValue": null,
      "extraTypeInfo": null,
      "filterable": false,
      "groupable": true,
      "inlineHelpText": null,
      "label": "Related Record ID",
      "name": "RelatedRecordId",
      "nillable": true,
      "picklistValues": [],
      "referenceTo": [
        "ContentVersion"
      ],
      "relationshipName": null,
      "sortable": true,
      "type": "reference"
    },
    {
      "aggregatable": false,
      "custom": false,
      "defaultValue": false,
      "extraTypeInfo": null,
      "filterable": true,
      "groupable": true,
      "inlineHelpText": null,
      "label": "Is Rich Text",
      "name": "IsRichText",
      "nillable": false,
      "picklistValues": [],
      "referenceTo": [],
      "relationshipName": null,
      "sortable": true,
      "type": "boolean"
    },
    {
      "aggregatable": false,
      "custom": false,
      "defaultValue": false,
      "extraTypeInfo": null,
      "filterable": true,
      "groupable": true,
      "inlineHelpText": null,
      "label": "Is a Verified Comment",
      "name": "IsVerified",
      "nillable": false,
      "picklistValues": [],
      "referenceTo": [],
      "relationshipName": null,
      "sortable": true,
      "type": "boolean"
    },
    {
      "aggregatable": false,
      "custom": false,
      "defaultValue": false,
      "extraTypeInfo": null,
      "filterable": true,
      "groupable": true,
      "inlineHelpText": null,
      "label": "Has entity links",
      "name": "HasEntityLinks",
      "nillable": false,
      "picklistValues": [],
      "referenceTo": [],
      "relationshipName": null,
      "sortable": true,
      "type": "boolean"
    },
    {
      "aggregatable": true,
      "custom": false,
      "defaultValue": null,
      "extraTypeInfo": null,
      "filterable": false,
      "groupable": true,
      "inlineHelpText": null,
      "label": "Status",
      "name": "Status",
      "nillable": true,
      "picklistValues": [
        {
          "active": true,
          "defaultValue": false,
          "label": "Published",
          "validFor": null,
          "value": "Published"
        },
        {
          "active": true,
          "defaultValue": false,
          "label": "PendingReview",
          "validFor": null,
          "value": "PendingReview"
        },
        {
          "active": true,
          "defaultValue": false,
          "label": "Draft",
          "validFor": null,
          "value": "Draft"
        }
      ],
      "referenceTo": [],
      "relationshipName": null,
      "sortable": true,
      "type": "picklist"
    },
    {
      "aggregatable": true,
      "custom": false,
      "defaultValue": null,
      "extraTypeInfo": null,
      "filterable": true,
      "groupable": true,
      "inlineHelpText": null,
      "label": "Feed Comment ID",
      "name": "ThreadParentId",
      "nillable": true,
      "picklistValues": [],
      "referenceTo": [
        "FeedComment"
      ],
      "relationshipName": "ThreadParent",
      "sortable": true,
      "type": "reference"
    },
    {
      "aggregatable": true,
      "custom": false,
      "defaultValue": null,
      "extraTypeInfo": null,
      "filterable": true,
      "groupable": true,
      "inlineHelpText": null,
      "label": "Thread Level",
      "name": "ThreadLevel",
      "nillable": true,
      "picklistValues": [],
      "referenceTo": [],
      "relationshipName": null,
      "sortable": true,
      "type": "int"
    },
    {
      "aggregatable": true,
      "custom": false,
      "defaultValue": null,
      "extraTypeInfo": null,
      "filterable": true,
      "groupable": true,
      "inlineHelpText": null,
      "label": "Thread Children Count",
      "name": "ThreadChildrenCount",
      "nillable": true,
      "picklistValues": [],
      "referenceTo": [],
      "relationshipName": null,
      "sortable": true,
      "type": "int"
    },
    {
      "aggregatable": true,
      "custom": false,
      "defaultValue": null,
      "extraTypeInfo": null,
      "filterable": true,
      "groupable": false,
      "inlineHelpText": null,
      "label": "Thread Last Updated Date",
      "name": "ThreadLastUpdatedDate",
      "nillable": true,
      "picklistValues": [],
      "referenceTo": [],
      "relationshipName": null,
      "sortable": true,
      "type": "datetime"
    }
  ],
  "label": "Feed Comment",
  "childRelationships": [
    {
      "cascadeDelete": false,
      "childSObject": "AccountFeed",
      "deprecatedAndHidden": false,
      "field": "BestCommentId",
      "junctionIdListNames": [],
      "junctionReferenceTo": [],
      "relationshipName": null,
      "restrictedDelete": false
    },
    {
      "cascadeDelete": false,
      "childSObject": "AssetFeed",
      "deprecatedAndHidden": false,
      "field": "BestCommentId",
      "junctionIdListNames": [],
      "junctionReferenceTo": [],
      "relationshipName": null,
      "restrictedDelete": false
    },
    {
      "cascadeDelete": false,
      "childSObject": "AssetRelationshipFeed",
      "deprecatedAndHidden": false,
      "field": "BestCommentId",
      "junctionIdListNames": [],
      "junctionReferenceTo": [],
      "relationshipName": null,
      "restrictedDelete": false
    },
    {
      "cascadeDelete": false,
      "childSObject": "AssignedResourceFeed",
      "deprecatedAndHidden": false,
      "field": "BestCommentId",
      "junctionIdListNames": [],
      "junctionReferenceTo": [],
      "relationshipName": null,
      "restrictedDelete": false
    },
    {
      "cascadeDelete": false,
      "childSObject": "CampaignFeed",
      "deprecatedAndHidden": false,
      "field": "BestCommentId",
      "junctionIdListNames": [],
      "junctionReferenceTo": [],
      "relationshipName": null,
      "restrictedDelete": false
    },
    {
      "cascadeDelete": false,
      "childSObject": "CaseFeed",
      "deprecatedAndHidden": false,
      "field": "BestCommentId",
      "junctionIdListNames": [],
      "junctionReferenceTo": [],
      "relationshipName": null,
      "restrictedDelete": false
    },
    {
      "cascadeDelete": false,
      "childSObject": "CollaborationGroupFeed",
      "deprecatedAndHidden": false,
      "field": "BestCommentId",
      "junctionIdListNames": [],
      "junctionReferenceTo": [],
      "relationshipName": null,
      "restrictedDelete": false
    },
    {
      "cascadeDelete": false,
      "childSObject": "ConsumptionScheduleFeed",
      "deprecatedAndHidden": false,
      "field": "BestCommentId",
      "junctionIdListNames": [],
      "junctionReferenceTo": [],
      "relationshipName": null,
      "restrictedDelete": false
    },
    {
      "cascadeDelete": false,
      "childSObject": "ContactFeed",
      "deprecatedAndHidden": false,
      "field": "BestCommentId",
      "junctionIdListNames": [],
      "junctionReferenceTo": [],
      "relationshipName": null,
      "restrictedDelete": false
    },
    {
      "cascadeDelete": false,
      "childSObject": "ContentDocumentFeed",
      "deprecatedAndHidden": false,
      "field": "BestCommentId",
      "junctionIdListNames": [],
      "junctionReferenceTo": [],
      "relationshipName": null,
      "restrictedDelete": false
    },
    {
      "cascadeDelete": false,
      "childSObject": "ContractFeed",
      "deprecatedAndHidden": false,
      "field": "BestCommentId",
      "junctionIdListNames": [],
      "junctionReferenceTo": [],
      "relationshipName": null,
      "restrictedDelete": false
    },
    {
      "cascadeDelete": false,
      "childSObject": "DashboardComponentFeed",
      "deprecatedAndHidden": false,
      "field": "BestCommentId",
      "junctionIdListNames": [],
      "junctionReferenceTo": [],
      "relationshipName": null,
      "restrictedDelete": false
    },
    {
      "cascadeDelete": false,
      "childSObject": "DashboardFeed",
      "deprecatedAndHidden": false,
      "field": "BestCommentId",
      "junctionIdListNames": [],
      "junctionReferenceTo": [],
      "relationshipName": null,
      "restrictedDelete": false
    },
    {
      "cascadeDelete": false,
      "childSObject": "EnhancedLetterheadFeed",
      "deprecatedAndHidden": false,
      "field": "BestCommentId",
      "junctionIdListNames": [],
      "junctionReferenceTo": [],
      "relationshipName": null,
      "restrictedDelete": false
    },
    {
      "cascadeDelete": false,
      "childSObject": "EntitlementFeed",
      "deprecatedAndHidden": false,
      "field": "BestCommentId",
      "junctionIdListNames": [],
      "junctionReferenceTo": [],
      "relationshipName": null,
      "restrictedDelete": false
    },
    {
      "cascadeDelete": false,
      "childSObject": "EntityMilestoneFeed",
      "deprecatedAndHidden": false,
      "field": "BestCommentId",
      "junctionIdListNames": [],
      "junctionReferenceTo": [],
      "relationshipName": null,
      "restrictedDelete": false
    },
    {
      "cascadeDelete": false,
      "childSObject": "EventFeed",
      "deprecatedAndHidden": false,
      "field": "BestCommentId",
      "junctionIdListNames": [],
      "junctionReferenceTo": [],
      "relationshipName": null,
      "restrictedDelete": false
    },
    {
      "cascadeDelete": true,
      "childSObject": "FeedAttachment",
      "deprecatedAndHidden": false,
      "field": "FeedEntityId",
      "junctionIdListNames": [],
      "junctionReferenceTo": [],
      "relationshipName": "FeedAttachments",
      "restrictedDelete": false
    },
    {
      "cascadeDelete": true,
      "childSObject": "FeedComment",
      "deprecatedAndHidden": false,
      "field": "ThreadParentId",
      "junctionIdListNames": [],
      "junctionReferenceTo": [],
      "relationshipName": "FeedThreadedComments",
      "restrictedDelete": false
    },
    {
      "cascadeDelete": false,
      "childSObject": "FeedItem",
      "deprecatedAndHidden": false,
      "field": "BestCommentId",
      "junctionIdListNames": [],
      "junctionReferenceTo": [],
      "relationshipName": null,
      "restrictedDelete": false
    },
    {
      "cascadeDelete": true,
      "childSObject": "FeedLike",
      "deprecatedAndHidden": false,
      "field": "FeedEntityId",
      "junctionIdListNames": [],
      "junctionReferenceTo": [],
      "relationshipName": null,
      "restrictedDelete": false
    },
    {
      "cascadeDelete": true,
      "childSObject": "FeedRevision",
      "deprecatedAndHidden": false,
      "field": "FeedEntityId",
      "junctionIdListNames": [],
      "junctionReferenceTo": [],
      "relationshipName": "FeedRevisions",
      "restrictedDelete": false
    },
    {
      "cascadeDelete": true,
      "childSObject": "FeedSignal",
      "deprecatedAndHidden": false,
      "field": "FeedEntityId",
      "junctionIdListNames": [],
      "junctionReferenceTo": [],
      "relationshipName": null,
      "restrictedDelete": false
    },
    {
      "cascadeDelete": false,
      "childSObject": "FlowRecordRelation",
      "deprecatedAndHidden": false,
      "field": "RelatedRecordId",
      "junctionIdListNames": [],
      "junctionReferenceTo": [],
      "relationshipName": null,
      "restrictedDelete": false
    },
    {
      "cascadeDelete": false,
      "childSObject": "LeadFeed",
      "deprecatedAndHidden": false,
      "field": "BestCommentId",
      "junctionIdListNames": [],
      "junctionReferenceTo": [],
      "relationshipName": null,
      "restrictedDelete": false
    },
    {
      "cascadeDelete": false,
      "childSObject": "LocationFeed",
      "deprecatedAndHidden": false,
      "field": "BestCommentId",
      "junctionIdListNames": [],
      "junctionReferenceTo": [],
      "relationshipName": null,
      "restrictedDelete": false
    },
    {
      "cascadeDelete": false,
      "childSObject": "MessagingSessionFeed",
      "deprecatedAndHidden": false,
      "field": "BestCommentId",
      "junctionIdListNames": [],
      "junctionReferenceTo": [],
      "relationshipName": null,
      "restrictedDelete": false
    },
    {
      "cascadeDelete": false,
      "childSObject": "OperatingHoursFeed",
      "deprecatedAndHidden": false,
      "field": "BestCommentId",
      "junctionIdListNames": [],
      "junctionReferenceTo": [],
      "relationshipName": null,
      "restrictedDelete": false
    },
    {
      "cascadeDelete": false,
      "childSObject": "OpportunityFeed",
      "deprecatedAndHidden": false,
      "field": "BestCommentId",
      "junctionIdListNames": [],
      "junctionReferenceTo": [],
      "relationshipName": null,
      "restrictedDelete": false
    },
    {
      "cascadeDelete": false,
      "childSObject": "OrderFeed",
      "deprecatedAndHidden": false,
      "field": "BestCommentId",
      "junctionIdListNames": [],
      "junctionReferenceTo": [],
      "relationshipName": null,
      "restrictedDelete": false
    },
    {
      "cascadeDelete": false,
      "childSObject": "OrderItemFeed",
      "deprecatedAndHidden": false,
      "field": "BestCommentId",
      "junctionIdListNames": [],
      "junctionReferenceTo": [],
      "relationshipName": null,
      "restrictedDelete": false
    },
    {
      "cascadeDelete": false,
      "childSObject": "Product2Feed",
      "deprecatedAndHidden": false,
      "field": "BestCommentId",
      "junctionIdListNames": [],
      "junctionReferenceTo": [],
      "relationshipName": null,
      "restrictedDelete": false
    },
    {
      "cascadeDelete": false,
      "childSObject": "ReportFeed",
      "deprecatedAndHidden": false,
      "field": "BestCommentId",
      "junctionIdListNames": [],
      "junctionReferenceTo": [],
      "relationshipName": null,
      "restrictedDelete": false
    },
    {
      "cascadeDelete": false,
      "childSObject": "ResourceAbsenceFeed",
      "deprecatedAndHidden": false,
      "field": "BestCommentId",
      "junctionIdListNames": [],
      "junctionReferenceTo": [],
      "relationshipName": null,
      "restrictedDelete": false
    },
    {
      "cascadeDelete": false,
      "childSObject": "ResourcePreferenceFeed",
      "deprecatedAndHidden": false,
      "field": "BestCommentId",
      "junctionIdListNames": [],
      "junctionReferenceTo": [],
      "relationshipName": null,
      "restrictedDelete": false
    },
    {
      "cascadeDelete": false,
      "childSObject": "ReturnOrderFeed",
      "deprecatedAndHidden": false,
      "field": "BestCommentId",
      "junctionIdListNames": [],
      "junctionReferenceTo": [],
      "relationshipName": null,
      "restrictedDelete": false
    },
    {
      "cascadeDelete": false,
      "childSObject": "ReturnOrderLineItemFeed",
      "deprecatedAndHidden": false,
      "field": "BestCommentId",
      "junctionIdListNames": [],
      "junctionReferenceTo": [],
      "relationshipName": null,
      "restrictedDelete": false
    },
    {
      "cascadeDelete": false,
      "childSObject": "ServiceAppointmentFeed",
      "deprecatedAndHidden": false,
      "field": "BestCommentId",
      "junctionIdListNames": [],
      "junctionReferenceTo": [],
      "relationshipName": null,
      "restrictedDelete": false
    },
    {
      "cascadeDelete": false,
      "childSObject": "ServiceContractFeed",
      "deprecatedAndHidden": false,
      "field": "BestCommentId",
      "junctionIdListNames": [],
      "junctionReferenceTo": [],
      "relationshipName": null,
      "restrictedDelete": false
    },
    {
      "cascadeDelete": false,
      "childSObject": "ServiceResourceFeed",
      "deprecatedAndHidden": false,
      "field": "BestCommentId",
      "junctionIdListNames": [],
      "junctionReferenceTo": [],
      "relationshipName": null,
      "restrictedDelete": false
    },
    {
      "cascadeDelete": false,
      "childSObject": "ServiceResourceSkillFeed",
      "deprecatedAndHidden": false,
      "field": "BestCommentId",
      "junctionIdListNames": [],
      "junctionReferenceTo": [],
      "relationshipName": null,
      "restrictedDelete": false
    },
    {
      "cascadeDelete": false,
      "childSObject": "ServiceTerritoryFeed",
      "deprecatedAndHidden": false,
      "field": "BestCommentId",
      "junctionIdListNames": [],
      "junctionReferenceTo": [],
      "relationshipName": null,
      "restrictedDelete": false
    },
    {
      "cascadeDelete": false,
      "childSObject": "ServiceTerritoryMemberFeed",
      "deprecatedAndHidden": false,
      "field": "BestCommentId",
      "junctionIdListNames": [],
      "junctionReferenceTo": [],
      "relationshipName": null,
      "restrictedDelete": false
    },
    {
      "cascadeDelete": false,
      "childSObject": "ServiceTerritoryWorkTypeFeed",
      "deprecatedAndHidden": false,
      "field": "BestCommentId",
      "junctionIdListNames": [],
      "junctionReferenceTo": [],
      "relationshipName": null,
      "restrictedDelete": false
    },
    {
      "cascadeDelete": false,
      "childSObject": "SiteFeed",
      "deprecatedAndHidden": false,
      "field": "BestCommentId",
      "junctionIdListNames": [],
      "junctionReferenceTo": [],
      "relationshipName": null,
      "restrictedDelete": false
    },
    {
      "cascadeDelete": false,
      "childSObject": "SkillRequirementFeed",
      "deprecatedAndHidden": false,
      "field": "BestCommentId",
      "junctionIdListNames": [],
      "junctionReferenceTo": [],
      "relationshipName": null,
      "restrictedDelete": false
    },
    {
      "cascadeDelete": false,
      "childSObject": "SolutionFeed",
      "deprecatedAndHidden": false,
      "field": "BestCommentId",
      "junctionIdListNames": [],
      "junctionReferenceTo": [],
      "relationshipName": null,
      "restrictedDelete": false
    },
    {
      "cascadeDelete": false,
      "childSObject": "TaskFeed",
      "deprecatedAndHidden": false,
      "field": "BestCommentId",
      "junctionIdListNames": [],
      "junctionReferenceTo": [],
      "relationshipName": null,
      "restrictedDelete": false
    },
    {
      "cascadeDelete": false,
      "childSObject": "TopicFeed",
      "deprecatedAndHidden": false,
      "field": "BestCommentId",
      "junctionIdListNames": [],
      "junctionReferenceTo": [],
      "relationshipName": null,
      "restrictedDelete": false
    },
    {
      "cascadeDelete": false,
      "childSObject": "UserFeed",
      "deprecatedAndHidden": false,
      "field": "BestCommentId",
      "junctionIdListNames": [],
      "junctionReferenceTo": [],
      "relationshipName": null,
      "restrictedDelete": false
    },
    {
      "cascadeDelete": false,
      "childSObject": "WorkOrderFeed",
      "deprecatedAndHidden": false,
      "field": "BestCommentId",
      "junctionIdListNames": [],
      "junctionReferenceTo": [],
      "relationshipName": null,
      "restrictedDelete": false
    },
    {
      "cascadeDelete": false,
      "childSObject": "WorkOrderLineItemFeed",
      "deprecatedAndHidden": false,
      "field": "BestCommentId",
      "junctionIdListNames": [],
      "junctionReferenceTo": [],
      "relationshipName": null,
      "restrictedDelete": false
    },
    {
      "cascadeDelete": false,
      "childSObject": "WorkTypeFeed",
      "deprecatedAndHidden": false,
      "field": "BestCommentId",
      "junctionIdListNames": [],
      "junctionReferenceTo": [],
      "relationshipName": null,
      "restrictedDelete": false
    },
    {
      "cascadeDelete": false,
      "childSObject": "WorkTypeGroupFeed",
      "deprecatedAndHidden": false,
      "field": "BestCommentId",
      "junctionIdListNames": [],
      "junctionReferenceTo": [],
      "relationshipName": null,
      "restrictedDelete": false
    },
    {
      "cascadeDelete": false,
      "childSObject": "WorkTypeGroupMemberFeed",
      "deprecatedAndHidden": false,
      "field": "BestCommentId",
      "junctionIdListNames": [],
      "junctionReferenceTo": [],
      "relationshipName": null,
      "restrictedDelete": false
    }
  ],
  "custom": false,
  "name": "FeedComment",
  "queryable": true
}