{
  "fields": [
    {
      "aggregatable": true,
      "custom": false,
      "defaultValue": null,
      "extraTypeInfo": null,
      "filterable": true,
      "groupable": true,
      "inlineHelpText": null,
      "label": "Fiscal Year Settings ID",
      "name": "Id",
      "nillable": false,
      "picklistValues": [],
      "referenceTo": [],
      "relationshipName": null,
      "sortable": true,
      "type": "id"
    },
    {
      "aggregatable": true,
      "custom": false,
      "defaultValue": null,
      "extraTypeInfo": null,
      "filterable": true,
      "groupable": true,
      "inlineHelpText": null,
      "label": "Period ID",
      "name": "PeriodId",
      "nillable": true,
      "picklistValues": [],
      "referenceTo": [
        "Period"
      ],
      "relationshipName": null,
      "sortable": true,
      "type": "reference"
    },
    {
      "aggregatable": true,
      "custom": false,
      "defaultValue": null,
      "extraTypeInfo": null,
      "filterable": true,
      "groupable": true,
      "inlineHelpText": null,
      "label": "Start Date",
      "name": "StartDate",
      "nillable": true,
      "picklistValues": [],
      "referenceTo": [],
      "relationshipName": null,
      "sortable": true,
      "type": "date"
    },
    {
      "aggregatable": true,
      "custom": false,
      "defaultValue": null,
      "extraTypeInfo": null,
      "filterable": true,
      "groupable": true,
      "inlineHelpText": null,
      "label": "End Date",
      "name": "EndDate",
      "nillable": true,
      "picklistValues": [],
      "referenceTo": [],
      "relationshipName": null,
      "sortable": true,
      "type": "date"
    },
    {
      "aggregatable": true,
      "custom": false,
      "defaultValue": null,
      "extraTypeInfo": null,
      "filterable": true,
      "groupable": true,
      "inlineHelpText": null,
      "label": "Name",
      "name": "Name",
      "nillable": false,
      "picklistValues": [],
      "referenceTo": [],
      "relationshipName": null,
      "sortable": true,
      "type": "string"
    },
    {
      "aggregatable": false,
      "custom": false,
      "defaultValue": false,
      "extraTypeInfo": null,
      "filterable": true,
      "groupable": true,
      "inlineHelpText": null,
      "label": "Is Standard Year",
      "name": "IsStandardYear",
      "nillable": false,
      "picklistValues": [],
      "referenceTo": [],
      "relationshipName": null,
      "sortable": true,
      "type": "boolean"
    },
    {
      "aggregatable": true,
      "custom": false,
      "defaultValue": null,
      "extraTypeInfo": null,
      "filterable": true,
      "groupable": true,
      "inlineHelpText": null,
      "label": "Year Type",
      "name": "YearType",
      "nillable": true,
      "picklistValues": [
        {
          "active": true,
          "defaultValue": false,
          "label": null,
          "validFor": null,
          "value": "Standard"
        },
        {
          "active": true,
          "defaultValue": false,
          "label": null,
          "validFor": null,
          "value": "Custom"
        },
        {
          "active": true,
          "defaultValue": false,
          "label": null,
          "validFor": null,
          "value": "Placeholder"
        }
      ],
      "referenceTo": [],
      "relationshipName": null,
      "sortable": true,
      "type": "picklist"
    },
    {
      "aggregatable": true,
      "custom": false,
      "defaultValue": null,
      "extraTypeInfo": null,
      "filterable": true,
      "groupable": true,
      "inlineHelpText": null,
      "label": "Quarter Name Scheme",
      "name": "QuarterLabelScheme",
      "nillable": true,
      "picklistValues": [
        {
          "active": true,
          "defaultValue": false,
          "label": "Numbered By Year",
          "validFor": null,
          "value": "NumberByYear"
        },
        {
          "active": true,
          "defaultValue": false,
          "label": "Custom Quarter Names",
          "validFor": null,
          "value": "Custom"
        }
      ],
      "referenceTo": [],
      "relationshipName": null,
      "sortable": true,
      "type": "picklist"
    },
    {
      "aggregatable": true,
      "custom": false,
      "defaultValue": null,
      "extraTypeInfo": null,
      "filterable": true,
      "groupable": true,
      "inlineHelpText": null,
      "label": "Period Name Scheme",
      "name": "PeriodLabelScheme",
      "nillable": true,
      "picklistValues": [
        {
          "active": true,
          "defaultValue": false,
          "label": "Numbered By Year",
          "validFor": null,
          "value": "NumberByYear"
        },
        {
          "active": true,
          "defaultValue": false,
          "label": "Numbered By Quarter",
          "validFor": null,
          "value": "NumberByQuarter"
        },
        {
          "active": true,
          "defaultValue": false,
          "label": "Standard Month Names",
          "validFor": null,
          "value": "StandardMonths"
        },
        {
          "active": true,
          "defaultValue": false,
          "label": "Custom Period Names",
          "validFor": null,
          "value": "Custom"
        }
      ],
      "referenceTo": [],
      "relationshipName": null,
      "sortable": true,
      "type": "picklist"
    },
    {
      "aggregatable": true,
      "custom": false,
      "defaultValue": null,
      "extraTypeInfo": null,
      "filterable": true,
      "groupable": true,
      "inlineHelpText": null,
      "label": "Week Name Scheme",
      "name": "WeekLabelScheme",
      "nillable": true,
      "picklistValues": [
        {
          "active": true,
          "defaultValue": false,
          "label": "Year",
          "validFor": null,
          "value": "NumberByYear"
        },
        {
          "active": true,
          "defaultValue": false,
          "label": "Quarter",
          "validFor": null,
          "value": "NumberByQuarter"
        },
        {
          "active": true,
          "defaultValue": false,
          "label": "Period",
          "validFor": null,
          "value": "NumberByPeriod"
        }
      ],
      "referenceTo": [],
      "relationshipName": null,
      "sortable": true,
      "type": "picklist"
    },
    {
      "aggregatable": true,
      "custom": false,
      "defaultValue": "Quarter",
      "extraTypeInfo": null,
      "filterable": true,
      "groupable": true,
      "inlineHelpText": null,
      "label": "Quarter Prefix",
      "name": "QuarterPrefix",
      "nillable": true,
      "picklistValues": [
        {
          "active": true,
          "defaultValue": true,
          "label": "Quarter",
          "validFor": null,
          "value": "Quarter"
        },
        {
          "active": true,
          "defaultValue": false,
          "label": "FQ",
          "validFor": null,
          "value": "FQ"
        },
        {
          "active": true,
          "defaultValue": false,
          "label": "Q",
          "validFor": null,
          "value": "Q"
        },
        {
          "active": true,
          "defaultValue": false,
          "label": "Trimester",
          "validFor": null,
          "value": "Trimester"
        }
      ],
      "referenceTo": [],
      "relationshipName": null,
      "sortable": true,
      "type": "picklist"
    },
    {
      "aggregatable": true,
      "custom": false,
      "defaultValue": "Period",
      "extraTypeInfo": null,
      "filterable": true,
      "groupable": true,
      "inlineHelpText": null,
      "label": "Period Prefix",
      "name": "PeriodPrefix",
      "nillable": true,
      "picklistValues": [
        {
          "active": true,
          "defaultValue": true,
          "label": "Period",
          "validFor": null,
          "value": "Period"
        },
        {
          "active": true,
          "defaultValue": false,
          "label": "FP",
          "validFor": null,
          "value": "FP"
        },
        {
          "active": true,
          "defaultValue": false,
          "label": "P",
          "validFor": null,
          "value": "P"
        },
        {
          "active": true,
          "defaultValue": false,
          "label": "Month",
          "validFor": null,
          "value": "Month"
        }
      ],
      "referenceTo": [],
      "relationshipName": null,
      "sortable": true,
      "type": "picklist"
    },
    {
      "aggregatable": true,
      "custom": false,
      "defaultValue": null,
      "extraTypeInfo": null,
      "filterable": true,
      "groupable": true,
      "inlineHelpText": null,
      "label": "Week Start Day",
      "name": "WeekStartDay",
      "nillable": true,
      "picklistValues": [],
      "referenceTo": [],
      "relationshipName": null,
      "sortable": true,
      "type": "int"
    },
    {
      "aggregatable": true,
      "custom": false,
      "defaultValue": null,
      "extraTypeInfo": null,
      "filterable": true,
      "groupable": true,
      "inlineHelpText": null,
      "label": "Description",
      "name": "Description",
      "nillable": true,
      "picklistValues": [],
      "referenceTo": [],
      "relationshipName": null,
      "sortable": true,
      "type": "string"
    },
    {
      "aggregatable": true,
      "custom": false,
      "defaultValue": null,
      "extraTypeInfo": null,
      "filterable": true,
      "groupable": false,
      "inlineHelpText": null,
      "label": "System Modstamp",
      "name": "SystemModstamp",
      "nillable": false,
      "picklistValues": [],
      "referenceTo": [],
      "relationshipName": null,
      "sortable": true,
      "type": "datetime"
    }
  ],
  "label": "Fiscal Year Settings",
  "childRelationships": [
    {
      "cascadeDelete": false,
      "childSObject": "Period",
      "deprecatedAndHidden": false,
      "field": "FiscalYearSettingsId",
      "junctionIdListNames": [],
      "junctionReferenceTo": [],
      "relationshipName": "Periods",
      "restrictedDelete": false
    }
  ],
  "custom": false,
  "name": "FiscalYearSettings",
  "queryable": true
}