{
  "fields": [
    {
      "aggregatable": true,
      "custom": false,
      "defaultValue": null,
      "extraTypeInfo": null,
      "filterable": true,
      "groupable": true,
      "inlineHelpText": null,
      "label": "Lead ID",
      "name": "Id",
      "nillable": false,
      "picklistValues": [],
      "referenceTo": [],
      "relationshipName": null,
      "sortable": true,
      "type": "id"
    },
    {
      "aggregatable": false,
      "custom": false,
      "defaultValue": false,
      "extraTypeInfo": null,
      "filterable": true,
      "groupable": true,
      "inlineHelpText": null,
      "label": "Deleted",
      "name": "IsDeleted",
      "nillable": false,
      "picklistValues": [],
      "referenceTo": [],
      "relationshipName": null,
      "sortable": true,
      "type": "boolean"
    },
    {
      "aggregatable": true,
      "custom": false,
      "defaultValue": null,
      "extraTypeInfo": null,
      "filterable": true,
      "groupable": true,
      "inlineHelpText": null,
      "label": "Master Record ID",
      "name": "MasterRecordId",
      "nillable": true,
      "picklistValues": [],
      "referenceTo": [
        "Lead"
      ],
      "relationshipName": "MasterRecord",
      "sortable": true,
      "type": "reference"
    },
    {
      "aggregatable": true,
      "custom": false,
      "defaultValue": null,
      "extraTypeInfo": "personname",
      "filterable": true,
      "groupable": true,
      "inlineHelpText": null,
      "label": "Last Name",
      "name": "LastName",
      "nillable": false,
      "picklistValues": [],
      "referenceTo": [],
      "relationshipName": null,
      "sortable": true,
      "type": "string"
    },
    {
      "aggregatable": true,
      "custom": false,
      "defaultValue": null,
      "extraTypeInfo": "personname",
      "filterable": true,
      "groupable": true,
      "inlineHelpText": null,
      "label": "First Name",
      "name": "FirstName",
      "nillable": true,
      "picklistValues": [],
      "referenceTo": [],
      "relationshipName": null,
      "sortable": true,
      "type": "string"
    },
    {
      "aggregatable": true,
      "custom": false,
      "defaultValue": null,
      "extraTypeInfo": "personname",
      "filterable": true,
      "groupable": true,
      "inlineHelpText": null,
      "label": "Salutation",
      "name": "Salutation",
      "nillable": true,
      "picklistValues": [
        {
          "active": true,
          "defaultValue": false,
          "label": "Mr.",
          "validFor": null,
          "value": "Mr."
        },
        {
          "active": true,
          "defaultValue": false,
          "label": "Ms.",
          "validFor": null,
          "value": "Ms."
        },
        {
          "active": true,
          "defaultValue": false,
          "label": "Mrs.",
          "validFor": null,
          "value": "Mrs."
        },
        {
          "active": true,
          "defaultValue": false,
          "label": "Dr.",
          "validFor": null,
          "value": "Dr."
        },
        {
          "active": true,
          "defaultValue": false,
          "label": "Prof.",
          "validFor": null,
          "value": "Prof."
        }
      ],
      "referenceTo": [],
      "relationshipName": null,
      "sortable": true,
      "type": "picklist"
    },
    {
      "aggregatable": true,
      "custom": false,
      "defaultValue": null,
      "extraTypeInfo": "personname",
      "filterable": true,
      "groupable": true,
      "inlineHelpText": null,
      "label": "Full Name",
      "name": "Name",
      "nillable": false,
      "picklistValues": [],
      "referenceTo": [],
      "relationshipName": null,
      "sortable": true,
      "type": "string"
    },
    {
      "aggregatable": true,
      "custom": false,
      "defaultValue": null,
      "extraTypeInfo": null,
      "filterable": true,
      "groupable": true,
      "inlineHelpText": null,
      "label": "Title",
      "name": "Title",
      "nillable": true,
      "picklistValues": [],
      "referenceTo": [],
      "relationshipName": null,
      "sortable": true,
      "type": "string"
    },
    {
      "aggregatable": true,
      "custom": false,
      "defaultValue": null,
      "extraTypeInfo": null,
      "filterable": true,
      "groupable": true,
      "inlineHelpText": null,
      "label": "Company",
      "name": "Company",
      "nillable": true,
      "picklistValues": [],
      "referenceTo": [],
      "relationshipName": null,
      "sortable": true,
      "type": "string"
    },
    {
      "aggregatable": true,
      "custom": false,
      "defaultValue": null,
      "extraTypeInfo": "plaintextarea",
      "filterable": true,
      "groupable": true,
      "inlineHelpText": null,
      "label": "Street",
      "name": "Street",
      "nillable": true,
      "picklistValues": [],
      "referenceTo": [],
      "relationshipName": null,
      "sortable": true,
      "type": "textarea"
    },
    {
      "aggregatable": true,
      "custom": false,
      "defaultValue": null,
      "extraTypeInfo": null,
      "filterable": true,
      "groupable": true,
      "inlineHelpText": null,
      "label": "City",
      "name": "City",
      "nillable": true,
      "picklistValues": [],
      "referenceTo": [],
      "relationshipName": null,
      "sortable": true,
      "type": "string"
    },
    {
      "aggregatable": true,
      "custom": false,
      "defaultValue": null,
      "extraTypeInfo": null,
      "filterable": true,
      "groupable": true,
      "inlineHelpText": null,
      "label": "State/Province",
      "name": "State",
      "nillable": true,
      "picklistValues": [],
      "referenceTo": [],
      "relationshipName": null,
      "sortable": true,
      "type": "string"
    },
    {
      "aggregatable": true,
      "custom": false,
      "defaultValue": null,
      "extraTypeInfo": null,
      "filterable": true,
      "groupable": true,
      "inlineHelpText": null,
      "label": "Zip/Postal Code",
      "name": "PostalCode",
      "nillable": true,
      "picklistValues": [],
      "referenceTo": [],
      "relationshipName": null,
      "sortable": true,
      "type": "string"
    },
    {
      "aggregatable": true,
      "custom": false,
      "defaultValue": null,
      "extraTypeInfo": null,
      "filterable": true,
      "groupable": true,
      "inlineHelpText": null,
      "label": "Country",
      "name": "Country",
      "nillable": true,
      "picklistValues": [],
      "referenceTo": [],
      "relationshipName": null,
      "sortable": true,
      "type": "string"
    },
    {
      "aggregatable": true,
      "custom": false,
      "defaultValue": null,
      "extraTypeInfo": null,
      "filterable": true,
      "groupable": true,
      "inlineHelpText": null,
      "label": "State/Province Code",
      "name": "StateCode",
      "nillable": true,
      "picklistValues": [],
      "referenceTo": [],
      "relationshipName": null,
      "sortable": true,
      "type": "picklist"
    },
    {
      "aggregatable": true,
      "custom": false,
      "defaultValue": "ES",
      "extraTypeInfo": null,
      "filterable": true,
      "groupable": true,
      "inlineHelpText": null,
      "label": "Country Code",
      "name": "CountryCode",
      "nillable": true,
      "picklistValues": [
        {
          "active": true,
          "defaultValue": true,
          "label": "España",
          "validFor": null,
          "value": "ES"
        },
        {
          "active": true,
          "defaultValue": false,
          "label": "Reino Unido",
          "validFor": null,
          "value": "GB"
        }
      ],
      "referenceTo": [],
      "relationshipName": null,
      "sortable": true,
      "type": "picklist"
    },
    {
      "aggregatable": true,
      "custom": false,
      "defaultValue": null,
      "extraTypeInfo": null,
      "filterable": true,
      "groupable": false,
      "inlineHelpText": null,
      "label": "Latitude",
      "name": "Latitude",
      "nillable": true,
      "picklistValues": [],
      "referenceTo": [],
      "relationshipName": null,
      "sortable": true,
      "type": "double"
    },
    {
      "aggregatable": true,
      "custom": false,
      "defaultValue": null,
      "extraTypeInfo": null,
      "filterable": true,
      "groupable": false,
      "inlineHelpText": null,
      "label": "Longitude",
      "name": "Longitude",
      "nillable": true,
      "picklistValues": [],
      "referenceTo": [],
      "relationshipName": null,
      "sortable": true,
      "type": "double"
    },
    {
      "aggregatable": true,
      "custom": false,
      "defaultValue": null,
      "extraTypeInfo": null,
      "filterable": true,
      "groupable": true,
      "inlineHelpText": null,
      "label": "Geocode Accuracy",
      "name": "GeocodeAccuracy",
      "nillable": true,
      "picklistValues": [
        {
          "active": true,
          "defaultValue": false,
          "label": "Address",
          "validFor": null,
          "value": "Address"
        },
        {
          "active": true,
          "defaultValue": false,
          "label": "NearAddress",
          "validFor": null,
          "value": "NearAddress"
        },
        {
          "active": true,
          "defaultValue": false,
          "label": "Block",
          "validFor": null,
          "value": "Block"
        },
        {
          "active": true,
          "defaultValue": false,
          "label": "Street",
          "validFor": null,
          "value": "Street"
        },
        {
          "active": true,
          "defaultValue": false,
          "label": "ExtendedZip",
          "validFor": null,
          "value": "ExtendedZip"
        },
        {
          "active": true,
          "defaultValue": false,
          "label": "Zip",
          "validFor": null,
          "value": "Zip"
        },
        {
          "active": true,
          "defaultValue": false,
          "label": "Neighborhood",
          "validFor": null,
          "value": "Neighborhood"
        },
        {
          "active": true,
          "defaultValue": false,
          "label": "City",
          "validFor": null,
          "value": "City"
        },
        {
          "active": true,
          "defaultValue": false,
          "label": "County",
          "validFor": null,
          "value": "County"
        },
        {
          "active": true,
          "defaultValue": false,
          "label": "State",
          "validFor": null,
          "value": "State"
        },
        {
          "active": true,
          "defaultValue": false,
          "label": "Unknown",
          "validFor": null,
          "value": "Unknown"
        }
      ],
      "referenceTo": [],
      "relationshipName": null,
      "sortable": true,
      "type": "picklist"
    },
    {
      "aggregatable": false,
      "custom": false,
      "defaultValue": null,
      "extraTypeInfo": null,
      "filterable": true,
      "groupable": false,
      "inlineHelpText": null,
      "label": "Address",
      "name": "Address",
      "nillable": true,
      "picklistValues": [],
      "referenceTo": [],
      "relationshipName": null,
      "sortable": false,
      "type": "address"
    },
    {
      "aggregatable": true,
      "custom": false,
      "defaultValue": null,
      "extraTypeInfo": null,
      "filterable": true,
      "groupable": true,
      "inlineHelpText": null,
      "label": "Phone",
      "name": "Phone",
      "nillable": true,
      "picklistValues": [],
      "referenceTo": [],
      "relationshipName": null,
      "sortable": true,
      "type": "phone"
    },
    {
      "aggregatable": true,
      "custom": false,
      "defaultValue": null,
      "extraTypeInfo": null,
      "filterable": true,
      "groupable": true,
      "inlineHelpText": null,
      "label": "Mobile Phone",
      "name": "MobilePhone",
      "nillable": true,
      "picklistValues": [],
      "referenceTo": [],
      "relationshipName": null,
      "sortable": true,
      "type": "phone"
    },
    {
      "aggregatable": true,
      "custom": false,
      "defaultValue": null,
      "extraTypeInfo": null,
      "filterable": true,
      "groupable": true,
      "inlineHelpText": null,
      "label": "Fax",
      "name": "Fax",
      "nillable": true,
      "picklistValues": [],
      "referenceTo": [],
      "relationshipName": null,
      "sortable": true,
      "type": "phone"
    },
    {
      "aggregatable": true,
      "custom": false,
      "defaultValue": null,
      "extraTypeInfo": null,
      "filterable": true,
      "groupable": true,
      "inlineHelpText": null,
      "label": "Email",
      "name": "Email",
      "nillable": true,
      "picklistValues": [],
      "referenceTo": [],
      "relationshipName": null,
      "sortable": true,
      "type": "email"
    },
    {
      "aggregatable": true,
      "custom": false,
      "defaultValue": null,
      "extraTypeInfo": null,
      "filterable": true,
      "groupable": true,
      "inlineHelpText": null,
      "label": "Website",
      "name": "Website",
      "nillable": true,
      "picklistValues": [],
      "referenceTo": [],
      "relationshipName": null,
      "sortable": true,
      "type": "url"
    },
    {
      "aggregatable": true,
      "custom": false,
      "defaultValue": null,
      "extraTypeInfo": "imageurl",
      "filterable": true,
      "groupable": true,
      "inlineHelpText": null,
      "label": "Photo URL",
      "name": "PhotoUrl",
      "nillable": true,
      "picklistValues": [],
      "referenceTo": [],
      "relationshipName": null,
      "sortable": true,
      "type": "url"
    },
    {
      "aggregatable": false,
      "custom": false,
      "defaultValue": null,
      "extraTypeInfo": "plaintextarea",
      "filterable": false,
      "groupable": false,
      "inlineHelpText": null,
      "label": "Description",
      "name": "Description",
      "nillable": true,
      "picklistValues": [],
      "referenceTo": [],
      "relationshipName": null,
      "sortable": false,
      "type": "textarea"
    },
    {
      "aggregatable": true,
      "custom": false,
      "defaultValue": null,
      "extraTypeInfo": null,
      "filterable": true,
      "groupable": true,
      "inlineHelpText": null,
      "label": "Lead Source",
      "name": "LeadSource",
      "nillable": true,
      "picklistValues": [
        {
          "active": true,
          "defaultValue": false,
          "label": "Web",
          "validFor": null,
          "value": "Web"
        },
        {
          "active": true,
          "defaultValue": false,
          "label": "Phone Inquiry",
          "validFor": null,
          "value": "Phone Inquiry"
        },
        {
          "active": true,
          "defaultValue": false,
          "label": "Partner Referral",
          "validFor": null,
          "value": "Partner Referral"
        },
        {
          "active": true,
          "defaultValue": false,
          "label": "Purchased List",
          "validFor": null,
          "value": "Purchased List"
        },
        {
          "active": true,
          "defaultValue": false,
          "label": "Other",
          "validFor": null,
          "value": "Other"
        }
      ],
      "referenceTo": [],
      "relationshipName": null,
      "sortable": true,
      "type": "picklist"
    },
    {
      "aggregatable": true,
      "custom": false,
      "defaultValue": "Open - Not Contacted",
      "extraTypeInfo": null,
      "filterable": true,
      "groupable": true,
      "inlineHelpText": null,
      "label": "Status",
      "name": "Status",
      "nillable": false,
      "picklistValues": [
        {
          "active": true,
          "defaultValue": true,
          "label": "Open - Not Contacted",
          "validFor": null,
          "value": "Open - Not Contacted"
        },
        {
          "active": true,
          "defaultValue": false,
          "label": "Working - Contacted",
          "validFor": null,
          "value": "Working - Contacted"
        },
        {
          "active": true,
          "defaultValue": false,
          "label": "Closed - Converted",
          "validFor": null,
          "value": "Closed - Converted"
        },
        {
          "active": true,
          "defaultValue": false,
          "label": "Closed - Not Converted",
          "validFor": null,
          "value": "Closed - Not Converted"
        }
      ],
      "referenceTo": [],
      "relationshipName": null,
      "sortable": true,
      "type": "picklist"
    },
    {
      "aggregatable": true,
      "custom": false,
      "defaultValue": null,
      "extraTypeInfo": null,
      "filterable": true,
      "groupable": true,
      "inlineHelpText": null,
      "label": "Industry",
      "name": "Industry",
      "nillable": true,
      "picklistValues": [
        {
          "active": true,
          "defaultValue": false,
          "label": "Agriculture",
          "validFor": null,
          "value": "Agriculture"
        },
        {
          "active": true,
          "defaultValue": false,
          "label": "Apparel",
          "validFor": null,
          "value": "Apparel"
        },
        {
          "active": true,
          "defaultValue": false,
          "label": "Banking",
          "validFor": null,
          "value": "Banking"
        },
        {
          "active": true,
          "defaultValue": false,
          "label": "Biotechnology",
          "validFor": null,
          "value": "Biotechnology"
        },
        {
          "active": true,
          "defaultValue": false,
          "label": "Chemicals",
          "validFor": null,
          "value": "Chemicals"
        },
        {
          "active": true,
          "defaultValue": false,
          "label": "Communications",
          "validFor": null,
          "value": "Communications"
        },
        {
          "active": true,
          "defaultValue": false,
          "label": "Construction",
          "validFor": null,
          "value": "Construction"
        },
        {
          "active": true,
          "defaultValue": false,
          "label": "Consulting",
          "validFor": null,
          "value": "Consulting"
        },
        {
          "active": true,
          "defaultValue": false,
          "label": "Education",
          "validFor": null,
          "value": "Education"
        },
        {
          "active": true,
          "defaultValue": false,
          "label": "Electronics",
          "validFor": null,
          "value": "Electronics"
        },
        {
          "active": true,
          "defaultValue": false,
          "label": "Energy",
          "validFor": null,
          "value": "Energy"
        },
        {
          "active": true,
          "defaultValue": false,
          "label": "Engineering",
          "validFor": null,
          "value": "Engineering"
        },
        {
          "active": true,
          "defaultValue": false,
          "label": "Entertainment",
          "validFor": null,
          "value": "Entertainment"
        },
        {
          "active": true,
          "defaultValue": false,
          "label": "Environmental",
          "validFor": null,
          "value": "Environmental"
        },
        {
          "active": true,
          "defaultValue": false,
          "label": "Finance",
          "validFor": null,
          "value": "Finance"
        },
        {
          "active": true,
          "defaultValue": false,
          "label": "Food & Beverage",
          "validFor": null,
          "value": "Food & Beverage"
        },
        {
          "active": true,
          "defaultValue": false,
          "label": "Government",
          "validFor": null,
          "value": "Government"
        },
        {
          "active": true,
          "defaultValue": false,
          "label": "Healthcare",
          "validFor": null,
          "value": "Healthcare"
        },
        {
          "active": true,
          "defaultValue": false,
          "label": "Hospitality",
          "validFor": null,
          "value": "Hospitality"
        },
        {
          "active": true,
          "defaultValue": false,
          "label": "Insurance",
          "validFor": null,
          "value": "Insurance"
        },
        {
          "active": true,
          "defaultValue": false,
          "label": "Machinery",
          "validFor": null,
          "value": "Machinery"
        },
        {
          "active": true,
          "defaultValue": false,
          "label": "Manufacturing",
          "validFor": null,
          "value": "Manufacturing"
        },
        {
          "active": true,
          "defaultValue": false,
          "label": "Media",
          "validFor": null,
          "value": "Media"
        },
        {
          "active": true,
          "defaultValue": false,
          "label": "Not For Profit",
          "validFor": null,
          "value": "Not For Profit"
        },
        {
          "active": true,
          "defaultValue": false,
          "label": "Recreation",
          "validFor": null,
          "value": "Recreation"
        },
        {
          "active": true,
          "defaultValue": false,
          "label": "Retail",
          "validFor": null,
          "value": "Retail"
        },
        {
          "active": true,
          "defaultValue": false,
          "label": "Shipping",
          "validFor": null,
          "value": "Shipping"
        },
        {
          "active": true,
          "defaultValue": false,
          "label": "Technology",
          "validFor": null,
          "value": "Technology"
        },
        {
          "active": true,
          "defaultValue": false,
          "label": "Telecommunications",
          "validFor": null,
          "value": "Telecommunications"
        },
        {
          "active": true,
          "defaultValue": false,
          "label": "Transportation",
          "validFor": null,
          "value": "Transportation"
        },
        {
          "active": true,
          "defaultValue": false,
          "label": "Utilities",
          "validFor": null,
          "value": "Utilities"
        },
        {
          "active": true,
          "defaultValue": false,
          "label": "Other",
          "validFor": null,
          "value": "Other"
        }
      ],
      "referenceTo": [],
      "relationshipName": null,
      "sortable": true,
      "type": "picklist"
    },
    {
      "aggregatable": true,
      "custom": false,
      "defaultValue": null,
      "extraTypeInfo": null,
      "filterable": true,
      "groupable": true,
      "inlineHelpText": null,
      "label": "Rating",
      "name": "Rating",
      "nillable": true,
      "picklistValues": [
        {
          "active": true,
          "defaultValue": false,
          "label": "Hot",
          "validFor": null,
          "value": "Hot"
        },
        {
          "active": true,
          "defaultValue": false,
          "label": "Warm",
          "validFor": null,
          "value": "Warm"
        },
        {
          "active": true,
          "defaultValue": false,
          "label": "Cold",
          "validFor": null,
          "value": "Cold"
        }
      ],
      "referenceTo": [],
      "relationshipName": null,
      "sortable": true,
      "type": "picklist"
    },
    {
      "aggregatable": true,
      "custom": false,
      "defaultValue": null,
      "extraTypeInfo": null,
      "filterable": true,
      "groupable": false,
      "inlineHelpText": null,
      "label": "Annual Revenue",
      "name": "AnnualRevenue",
      "nillable": true,
      "picklistValues": [],
      "referenceTo": [],
      "relationshipName": null,
      "sortable": true,
      "type": "currency"
    },
    {
      "aggregatable": true,
      "custom": false,
      "defaultValue": null,
      "extraTypeInfo": null,
      "filterable": true,
      "groupable": true,
      "inlineHelpText": null,
      "label": "Employees",
      "name": "NumberOfEmployees",
      "nillable": true,
      "picklistValues": [],
      "referenceTo": [],
      "relationshipName": null,
      "sortable": true,
      "type": "int"
    },
    {
      "aggregatable": true,
      "custom": false,
      "defaultValue": null,
      "extraTypeInfo": null,
      "filterable": true,
      "groupable": true,
      "inlineHelpText": null,
      "label": "Owner ID",
      "name": "OwnerId",
      "nillable": false,
      "picklistValues": [],
      "referenceTo": [
        "Group",
        "User"
      ],
      "relationshipName": "Owner",
      "sortable": true,
      "type": "reference"
    },
    {
      "aggregatable": false,
      "custom": false,
      "defaultValue": false,
      "extraTypeInfo": null,
      "filterable": true,
      "groupable": true,
      "inlineHelpText": null,
      "label": "Converted",
      "name": "IsConverted",
      "nillable": false,
      "picklistValues": [],
      "referenceTo": [],
      "relationshipName": null,
      "sortable": true,
      "type": "boolean"
    },
    {
      "aggregatable": true,
      "custom": false,
      "defaultValue": null,
      "extraTypeInfo": null,
      "filterable": true,
      "groupable": true,
      "inlineHelpText": null,
      "label": "Converted Date",
      "name": "ConvertedDate",
      "nillable": true,
      "picklistValues": [],
      "referenceTo": [],
      "relationshipName": null,
      "sortable": true,
      "type": "date"
    },
    {
      "aggregatable": true,
      "custom": false,
      "defaultValue": null,
      "extraTypeInfo": null,
      "filterable": true,
      "groupable": true,
      "inlineHelpText": null,
      "label": "Converted Account ID",
      "name": "ConvertedAccountId",
      "nillable": true,
      "picklistValues": [],
      "referenceTo": [
        "Account"
      ],
      "relationshipName": "ConvertedAccount",
      "sortable": true,
      "type": "reference"
    },
    {
      "aggregatable": true,
      "custom": false,
      "defaultValue": null,
      "extraTypeInfo": null,
      "filterable": true,
      "groupable": true,
      "inlineHelpText": null,
      "label": "Converted Contact ID",
      "name": "ConvertedContactId",
      "nillable": true,
      "picklistValues": [],
      "referenceTo": [
        "Contact"
      ],
      "relationshipName": "ConvertedContact",
      "sortable": true,
      "type": "reference"
    },
    {
      "aggregatable": true,
      "custom": false,
      "defaultValue": null,
      "extraTypeInfo": null,
      "filterable": true,
      "groupable": true,
      "inlineHelpText": null,
      "label": "Converted Opportunity ID",
      "name": "ConvertedOpportunityId",
      "nillable": true,
      "picklistValues": [],
      "referenceTo": [
        "Opportunity"
      ],
      "relationshipName": "ConvertedOpportunity",
      "sortable": true,
      "type": "reference"
    },
    {
      "aggregatable": false,
      "custom": false,
      "defaultValue": false,
      "extraTypeInfo": null,
      "filterable": true,
      "groupable": true,
      "inlineHelpText": null,
      "label": "Unread By Owner",
      "name": "IsUnreadByOwner",
      "nillable": false,
      "picklistValues": [],
      "referenceTo": [],
      "relationshipName": null,
      "sortable": true,
      "type": "boolean"
    },
    {
      "aggregatable": true,
      "custom": false,
      "defaultValue": null,
      "extraTypeInfo": null,
      "filterable": true,
      "groupable": false,
      "inlineHelpText": null,
      "label": "Created Date",
      "name": "CreatedDate",
      "nillable": false,
      "picklistValues": [],
      "referenceTo": [],
      "relationshipName": null,
      "sortable": true,
      "type": "datetime"
    },
    {
      "aggregatable": true,
      "custom": false,
      "defaultValue": null,
      "extraTypeInfo": null,
      "filterable": true,
      "groupable": true,
      "inlineHelpText": null,
      "label": "Created By ID",
      "name": "CreatedById",
      "nillable": false,
      "picklistValues": [],
      "referenceTo": [
        "User"
      ],
      "relationshipName": "CreatedBy",
      "sortable": true,
      "type": "reference"
    },
    {
      "aggregatable": true,
      "custom": false,
      "defaultValue": null,
      "extraTypeInfo": null,
      "filterable": true,
      "groupable": false,
      "inlineHelpText": null,
      "label": "Last Modified Date",
      "name": "LastModifiedDate",
      "nillable": false,
      "picklistValues": [],
      "referenceTo": [],
      "relationshipName": null,
      "sortable": true,
      "type": "datetime"
    },
    {
      "aggregatable": true,
      "custom": false,
      "defaultValue": null,
      "extraTypeInfo": null,
      "filterable": true,
      "groupable": true,
      "inlineHelpText": null,
      "label": "Last Modified By ID",
      "name": "LastModifiedById",
      "nillable": false,
      "picklistValues": [],
      "referenceTo": [
        "User"
      ],
      "relationshipName": "LastModifiedBy",
      "sortable": true,
      "type": "reference"
    },
    {
      "aggregatable": true,
      "custom": false,
      "defaultValue": null,
      "extraTypeInfo": null,
      "filterable": true,
      "groupable": false,
      "inlineHelpText": null,
      "label": "System Modstamp",
      "name": "SystemModstamp",
      "nillable": false,
      "picklistValues": [],
      "referenceTo": [],
      "relationshipName": null,
      "sortable": true,
      "type": "datetime"
    },
    {
      "aggregatable": true,
      "custom": false,
      "defaultValue": null,
      "extraTypeInfo": null,
      "filterable": true,
      "groupable": true,
      "inlineHelpText": null,
      "label": "Last Activity",
      "name": "LastActivityDate",
      "nillable": true,
      "picklistValues": [],
      "referenceTo": [],
      "relationshipName": null,
      "sortable": true,
      "type": "date"
    },
    {
      "aggregatable": true,
      "custom": false,
      "defaultValue": null,
      "extraTypeInfo": null,
      "filterable": true,
      "groupable": false,
      "inlineHelpText": null,
      "label": "Last Viewed Date",
      "name": "LastViewedDate",
      "nillable": true,
      "picklistValues": [],
      "referenceTo": [],
      "relationshipName": null,
      "sortable": true,
      "type": "datetime"
    },
    {
      "aggregatable": true,
      "custom": false,
      "defaultValue": null,
      "extraTypeInfo": null,
      "filterable": true,
      "groupable": false,
      "inlineHelpText": null,
      "label": "Last Referenced Date",
      "name": "LastReferencedDate",
      "nillable": true,
      "picklistValues": [],
      "referenceTo": [],
      "relationshipName": null,
      "sortable": true,
      "type": "datetime"
    },
    {
      "aggregatable": true,
      "custom": false,
      "defaultValue": null,
      "extraTypeInfo": null,
      "filterable": true,
      "groupable": true,
      "inlineHelpText": null,
      "label": "Data.com Key",
      "name": "Jigsaw",
      "nillable": true,
      "picklistValues": [],
      "referenceTo": [],
      "relationshipName": null,
      "sortable": true,
      "type": "string"
    },
    {
      "aggregatable": true,
      "custom": false,
      "defaultValue": null,
      "extraTypeInfo": null,
      "filterable": true,
      "groupable": true,
      "inlineHelpText": null,
      "label": "Jigsaw Contact ID",
      "name": "JigsawContactId",
      "nillable": true,
      "picklistValues": [],
      "referenceTo": [],
      "relationshipName": "JigsawContact",
      "sortable": true,
      "type": "string"
    },
    {
      "aggregatable": true,
      "custom": false,
      "defaultValue": null,
      "extraTypeInfo": null,
      "filterable": true,
      "groupable": true,
      "inlineHelpText": null,
      "label": "Clean Status",
      "name": "CleanStatus",
      "nillable": true,
      "picklistValues": [
        {
          "active": true,
          "defaultValue": false,
          "label": "In Sync",
          "validFor": null,
          "value": "Matched"
        },
        {
          "active": true,
          "defaultValue": false,
          "label": "Different",
          "validFor": null,
          "value": "Different"
        },
        {
          "active": true,
          "defaultValue": false,
          "label": "Reviewed",
          "validFor": null,
          "value": "Acknowledged"
        },
        {
          "active": true,
          "defaultValue": false,
          "label": "Not Found",
          "validFor": null,
          "value": "NotFound"
        },
        {
          "active": true,
          "defaultValue": false,
          "label": "Inactive",
          "validFor": null,
          "value": "Inactive"
        },
        {
          "active": true,
          "defaultValue": false,
          "label": "Not Compared",
          "validFor": null,
          "value": "Pending"
        },
        {
          "active": true,
          "defaultValue": false,
          "label": "Select Match",
          "validFor": null,
          "value": "SelectMatch"
        },
        {
          "active": true,
          "defaultValue": false,
          "label": "Skipped",
          "validFor": null,
          "value": "Skipped"
        }
      ],
      "referenceTo": [],
      "relationshipName": null,
      "sortable": true,
      "type": "picklist"
    },
    {
      "aggregatable": true,
      "custom": false,
      "defaultValue": null,
      "extraTypeInfo": null,
      "filterable": true,
      "groupable": true,
      "inlineHelpText": null,
      "label": "Company D-U-N-S Number",
      "name": "CompanyDunsNumber",
      "nillable": true,
      "picklistValues": [],
      "referenceTo": [],
      "relationshipName": null,
      "sortable": true,
      "type": "string"
    },
    {
      "aggregatable": true,
      "custom": false,
      "defaultValue": null,
      "extraTypeInfo": null,
      "filterable": true,
      "groupable": true,
      "inlineHelpText": null,
      "label": "D&B Company ID",
      "name": "DandbCompanyId",
      "nillable": true,
      "picklistValues": [],
      "referenceTo": [
        "DandBCompany"
      ],
      "relationshipName": "DandbCompany",
      "sortable": true,
      "type": "reference"
    },
    {
      "aggregatable": true,
      "custom": false,
      "defaultValue": null,
      "extraTypeInfo": null,
      "filterable": true,
      "groupable": true,
      "inlineHelpText": null,
      "label": "Email Bounced Reason",
      "name": "EmailBouncedReason",
      "nillable": true,
      "picklistValues": [],
      "referenceTo": [],
      "relationshipName": null,
      "sortable": true,
      "type": "string"
    },
    {
      "aggregatable": true,
      "custom": false,
      "defaultValue": null,
      "extraTypeInfo": null,
      "filterable": true,
      "groupable": false,
      "inlineHelpText": null,
      "label": "Email Bounced Date",
      "name": "EmailBouncedDate",
      "nillable": true,
      "picklistValues": [],
      "referenceTo": [],
      "relationshipName": null,
      "sortable": true,
      "type": "datetime"
    },
    {
      "aggregatable": true,
      "custom": false,
      "defaultValue": null,
      "extraTypeInfo": null,
      "filterable": true,
      "groupable": true,
      "inlineHelpText": null,
      "label": "Individual ID",
      "name": "IndividualId",
      "nillable": true,
      "picklistValues": [],
      "referenceTo": [
        "Individual"
      ],
      "relationshipName": "Individual",
      "sortable": true,
      "type": "reference"
    },
    {
      "aggregatable": true,
      "custom": true,
      "defaultValue": null,
      "extraTypeInfo": null,
      "filterable": true,
      "groupable": true,
      "inlineHelpText": null,
      "label": "SIC Code",
      "name": "SICCode__c",
      "nillable": true,
      "picklistValues": [],
      "referenceTo": [],
      "relationshipName": null,
      "sortable": true,
      "type": "string"
    },
    {
      "aggregatable": true,
      "custom": true,
      "defaultValue": null,
      "extraTypeInfo": null,
      "filterable": true,
      "groupable": true,
      "inlineHelpText": null,
      "label": "Product Interest",
      "name": "ProductInterest__c",
      "nillable": true,
      "picklistValues": [
        {
          "active": true,
          "defaultValue": false,
          "label": "GC1000 series",
          "validFor": null,
          "value": "GC1000 series"
        },
        {
          "active": true,
          "defaultValue": false,
          "label": "GC5000 series",
          "validFor": null,
          "value": "GC5000 series"
        },
        {
          "active": true,
          "defaultValue": false,
          "label": "GC3000 series",
          "validFor": null,
          "value": "GC3000 series"
        }
      ],
      "referenceTo": [],
      "relationshipName": null,
      "sortable": true,
      "type": "picklist"
    },
    {
      "aggregatable": true,
      "custom": true,
      "defaultValue": null,
      "extraTypeInfo": null,
      "filterable": true,
      "groupable": true,
      "inlineHelpText": null,
      "label": "Primary",
      "name": "Primary__c",
      "nillable": true,
      "picklistValues": [
        {
          "active": true,
          "defaultValue": false,
          "label": "No",
          "validFor": null,
          "value": "No"
        },
        {
          "active": true,
          "defaultValue": false,
          "label": "Yes",
          "validFor": null,
          "value": "Yes"
        }
      ],
      "referenceTo": [],
      "relationshipName": null,
      "sortable": true,
      "type": "picklist"
    },
    {
      "aggregatable": true,
      "custom": true,
      "defaultValue": null,
      "extraTypeInfo": null,
      "filterable": true,
      "groupable": true,
      "inlineHelpText": null,
      "label": "Current Generator(s)",
      "name": "CurrentGenerators__c",
      "nillable": true,
      "picklistValues": [],
      "referenceTo": [],
      "relationshipName": null,
      "sortable": true,
      "type": "string"
    },
    {
      "aggregatable": true,
      "custom": true,
      "defaultValue": null,
      "extraTypeInfo": null,
      "filterable": true,
      "groupable": false,
      "inlineHelpText": null,
      "label": "Number of Locations",
      "name": "NumberofLocations__c",
      "nillable": true,
      "picklistValues": [],
      "referenceTo": [],
      "relationshipName": null,
      "sortable": true,
      "type": "double"
    }
  ],
  "label": "Lead",
  "childRelationships": [
    {
      "cascadeDelete": false,
      "childSObject": "AcceptedEventRelation",
      "deprecatedAndHidden": false,
      "field": "RelationId",
      "junctionIdListNames": [],
      "junctionReferenceTo": [],
      "relationshipName": "AcceptedEventRelations",
      "restrictedDelete": false
    },
    {
      "cascadeDelete": true,
      "childSObject": "ActivityHistory",
      "deprecatedAndHidden": false,
      "field": "WhoId",
      "junctionIdListNames": [],
      "junctionReferenceTo": [],
      "relationshipName": "ActivityHistories",
      "restrictedDelete": false
    },
    {
      "cascadeDelete": true,
      "childSObject": "AttachedContentDocument",
      "deprecatedAndHidden": false,
      "field": "LinkedEntityId",
      "junctionIdListNames": [],
      "junctionReferenceTo": [],
      "relationshipName": "AttachedContentDocuments",
      "restrictedDelete": false
    },
    {
      "cascadeDelete": true,
      "childSObject": "Attachment",
      "deprecatedAndHidden": false,
      "field": "ParentId",
      "junctionIdListNames": [],
      "junctionReferenceTo": [],
      "relationshipName": "Attachments",
      "restrictedDelete": false
    },
    {
      "cascadeDelete": true,
      "childSObject": "CampaignMember",
      "deprecatedAndHidden": false,
      "field": "LeadId",
      "junctionIdListNames": [],
      "junctionReferenceTo": [],
      "relationshipName": "CampaignMembers",
      "restrictedDelete": false
    },
    {
      "cascadeDelete": false,
      "childSObject": "CampaignMember",
      "deprecatedAndHidden": false,
      "field": "LeadOrContactId",
      "junctionIdListNames": [],
      "junctionReferenceTo": [],
      "relationshipName": null,
      "restrictedDelete": false
    },
    {
      "cascadeDelete": false,
      "childSObject": "CampaignMemberChangeEvent",
      "deprecatedAndHidden": false,
      "field": "LeadId",
      "junctionIdListNames": [],
      "junctionReferenceTo": [],
      "relationshipName": null,
      "restrictedDelete": false
    },
    {
      "cascadeDelete": true,
      "childSObject": "CollaborationGroupRecord",
      "deprecatedAndHidden": false,
      "field": "RecordId",
      "junctionIdListNames": [],
      "junctionReferenceTo": [],
      "relationshipName": "RecordAssociatedGroups",
      "restrictedDelete": false
    },
    {
      "cascadeDelete": true,
      "childSObject": "CombinedAttachment",
      "deprecatedAndHidden": false,
      "field": "ParentId",
      "junctionIdListNames": [],
      "junctionReferenceTo": [],
      "relationshipName": "CombinedAttachments",
      "restrictedDelete": false
    },
    {
      "cascadeDelete": false,
      "childSObject": "ContactRequest",
      "deprecatedAndHidden": false,
      "field": "WhoId",
      "junctionIdListNames": [],
      "junctionReferenceTo": [],
      "relationshipName": "ContactRequests",
      "restrictedDelete": false
    },
    {
      "cascadeDelete": true,
      "childSObject": "ContentDistribution",
      "deprecatedAndHidden": false,
      "field": "RelatedRecordId",
      "junctionIdListNames": [],
      "junctionReferenceTo": [],
      "relationshipName": null,
      "restrictedDelete": false
    },
    {
      "cascadeDelete": true,
      "childSObject": "ContentDocumentLink",
      "deprecatedAndHidden": false,
      "field": "LinkedEntityId",
      "junctionIdListNames": [],
      "junctionReferenceTo": [],
      "relationshipName": "ContentDocumentLinks",
      "restrictedDelete": false
    },
    {
      "cascadeDelete": false,
      "childSObject": "ContentVersion",
      "deprecatedAndHidden": false,
      "field": "FirstPublishLocationId",
      "junctionIdListNames": [],
      "junctionReferenceTo": [],
      "relationshipName": null,
      "restrictedDelete": false
    },
    {
      "cascadeDelete": false,
      "childSObject": "DeclinedEventRelation",
      "deprecatedAndHidden": false,
      "field": "RelationId",
      "junctionIdListNames": [],
      "junctionReferenceTo": [],
      "relationshipName": "DeclinedEventRelations",
      "restrictedDelete": false
    },
    {
      "cascadeDelete": true,
      "childSObject": "DuplicateRecordItem",
      "deprecatedAndHidden": false,
      "field": "RecordId",
      "junctionIdListNames": [],
      "junctionReferenceTo": [],
      "relationshipName": "DuplicateRecordItems",
      "restrictedDelete": false
    },
    {
      "cascadeDelete": true,
      "childSObject": "EmailMessageRelation",
      "deprecatedAndHidden": false,
      "field": "RelationId",
      "junctionIdListNames": [],
      "junctionReferenceTo": [],
      "relationshipName": "EmailMessageRelations",
      "restrictedDelete": false
    },
    {
      "cascadeDelete": true,
      "childSObject": "EmailStatus",
      "deprecatedAndHidden": false,
      "field": "WhoId",
      "junctionIdListNames": [],
      "junctionReferenceTo": [],
      "relationshipName": "EmailStatuses",
      "restrictedDelete": false
    },
    {
      "cascadeDelete": true,
      "childSObject": "EntitySubscription",
      "deprecatedAndHidden": false,
      "field": "ParentId",
      "junctionIdListNames": [],
      "junctionReferenceTo": [],
      "relationshipName": "FeedSubscriptionsForEntity",
      "restrictedDelete": false
    },
    {
      "cascadeDelete": true,
      "childSObject": "Event",
      "deprecatedAndHidden": false,
      "field": "WhoId",
      "junctionIdListNames": [],
      "junctionReferenceTo": [],
      "relationshipName": "Events",
      "restrictedDelete": false
    },
    {
      "cascadeDelete": false,
      "childSObject": "EventChangeEvent",
      "deprecatedAndHidden": false,
      "field": "WhoId",
      "junctionIdListNames": [],
      "junctionReferenceTo": [],
      "relationshipName": null,
      "restrictedDelete": false
    },
    {
      "cascadeDelete": true,
      "childSObject": "EventRelation",
      "deprecatedAndHidden": false,
      "field": "RelationId",
      "junctionIdListNames": [],
      "junctionReferenceTo": [],
      "relationshipName": "EventRelations",
      "restrictedDelete": false
    },
    {
      "cascadeDelete": false,
      "childSObject": "EventRelationChangeEvent",
      "deprecatedAndHidden": false,
      "field": "RelationId",
      "junctionIdListNames": [],
      "junctionReferenceTo": [],
      "relationshipName": null,
      "restrictedDelete": false
    },
    {
      "cascadeDelete": false,
      "childSObject": "FeedComment",
      "deprecatedAndHidden": false,
      "field": "ParentId",
      "junctionIdListNames": [],
      "junctionReferenceTo": [],
      "relationshipName": null,
      "restrictedDelete": false
    },
    {
      "cascadeDelete": true,
      "childSObject": "FeedItem",
      "deprecatedAndHidden": false,
      "field": "ParentId",
      "junctionIdListNames": [],
      "junctionReferenceTo": [],
      "relationshipName": null,
      "restrictedDelete": false
    },
    {
      "cascadeDelete": false,
      "childSObject": "FlowRecordRelation",
      "deprecatedAndHidden": false,
      "field": "RelatedRecordId",
      "junctionIdListNames": [],
      "junctionReferenceTo": [],
      "relationshipName": null,
      "restrictedDelete": false
    },
    {
      "cascadeDelete": true,
      "childSObject": "LeadCleanInfo",
      "deprecatedAndHidden": false,
      "field": "LeadId",
      "junctionIdListNames": [],
      "junctionReferenceTo": [],
      "relationshipName": "LeadCleanInfos",
      "restrictedDelete": false
    },
    {
      "cascadeDelete": true,
      "childSObject": "LeadFeed",
      "deprecatedAndHidden": false,
      "field": "ParentId",
      "junctionIdListNames": [],
      "junctionReferenceTo": [],
      "relationshipName": "Feeds",
      "restrictedDelete": false
    },
    {
      "cascadeDelete": true,
      "childSObject": "LeadHistory",
      "deprecatedAndHidden": false,
      "field": "LeadId",
      "junctionIdListNames": [],
      "junctionReferenceTo": [],
      "relationshipName": "Histories",
      "restrictedDelete": false
    },
    {
      "cascadeDelete": true,
      "childSObject": "LeadShare",
      "deprecatedAndHidden": false,
      "field": "LeadId",
      "junctionIdListNames": [],
      "junctionReferenceTo": [],
      "relationshipName": "Shares",
      "restrictedDelete": false
    },
    {
      "cascadeDelete": true,
      "childSObject": "ListEmailIndividualRecipient",
      "deprecatedAndHidden": false,
      "field": "RecipientId",
      "junctionIdListNames": [],
      "junctionReferenceTo": [],
      "relationshipName": "ListEmailIndividualRecipients",
      "restrictedDelete": false
    },
    {
      "cascadeDelete": true,
      "childSObject": "Note",
      "deprecatedAndHidden": false,
      "field": "ParentId",
      "junctionIdListNames": [],
      "junctionReferenceTo": [],
      "relationshipName": "Notes",
      "restrictedDelete": false
    },
    {
      "cascadeDelete": true,
      "childSObject": "NoteAndAttachment",
      "deprecatedAndHidden": false,
      "field": "ParentId",
      "junctionIdListNames": [],
      "junctionReferenceTo": [],
      "relationshipName": "NotesAndAttachments",
      "restrictedDelete": false
    },
    {
      "cascadeDelete": true,
      "childSObject": "OpenActivity",
      "deprecatedAndHidden": false,
      "field": "WhoId",
      "junctionIdListNames": [],
      "junctionReferenceTo": [],
      "relationshipName": "OpenActivities",
      "restrictedDelete": false
    },
    {
      "cascadeDelete": false,
      "childSObject": "OutgoingEmail",
      "deprecatedAndHidden": false,
      "field": "WhoId",
      "junctionIdListNames": [],
      "junctionReferenceTo": [],
      "relationshipName": null,
      "restrictedDelete": false
    },
    {
      "cascadeDelete": false,
      "childSObject": "OutgoingEmailRelation",
      "deprecatedAndHidden": false,
      "field": "RelationId",
      "junctionIdListNames": [],
      "junctionReferenceTo": [],
      "relationshipName": "OutgoingEmailRelations",
      "restrictedDelete": false
    },
    {
      "cascadeDelete": true,
      "childSObject": "ProcessInstance",
      "deprecatedAndHidden": false,
      "field": "TargetObjectId",
      "junctionIdListNames": [],
      "junctionReferenceTo": [],
      "relationshipName": "ProcessInstances",
      "restrictedDelete": false
    },
    {
      "cascadeDelete": false,
      "childSObject": "ProcessInstanceHistory",
      "deprecatedAndHidden": false,
      "field": "TargetObjectId",
      "junctionIdListNames": [],
      "junctionReferenceTo": [],
      "relationshipName": "ProcessSteps",
      "restrictedDelete": false
    },
    {
      "cascadeDelete": true,
      "childSObject": "RecordAction",
      "deprecatedAndHidden": false,
      "field": "RecordId",
      "junctionIdListNames": [],
      "junctionReferenceTo": [],
      "relationshipName": "RecordActions",
      "restrictedDelete": false
    },
    {
      "cascadeDelete": false,
      "childSObject": "RecordActionHistory",
      "deprecatedAndHidden": false,
      "field": "ParentRecordId",
      "junctionIdListNames": [],
      "junctionReferenceTo": [],
      "relationshipName": "RecordActionHistories",
      "restrictedDelete": false
    },
    {
      "cascadeDelete": true,
      "childSObject": "ServiceAppointment",
      "deprecatedAndHidden": false,
      "field": "ParentRecordId",
      "junctionIdListNames": [],
      "junctionReferenceTo": [],
      "relationshipName": "ServiceAppointments",
      "restrictedDelete": false
    },
    {
      "cascadeDelete": true,
      "childSObject": "Task",
      "deprecatedAndHidden": false,
      "field": "WhoId",
      "junctionIdListNames": [],
      "junctionReferenceTo": [],
      "relationshipName": "Tasks",
      "restrictedDelete": false
    },
    {
      "cascadeDelete": false,
      "childSObject": "TaskChangeEvent",
      "deprecatedAndHidden": false,
      "field": "WhoId",
      "junctionIdListNames": [],
      "junctionReferenceTo": [],
      "relationshipName": null,
      "restrictedDelete": false
    },
    {
      "cascadeDelete": true,
      "childSObject": "TopicAssignment",
      "deprecatedAndHidden": false,
      "field": "EntityId",
      "junctionIdListNames": [],
      "junctionReferenceTo": [],
      "relationshipName": "TopicAssignments",
      "restrictedDelete": false
    },
    {
      "cascadeDelete": false,
      "childSObject": "UndecidedEventRelation",
      "deprecatedAndHidden": false,
      "field": "RelationId",
      "junctionIdListNames": [],
      "junctionReferenceTo": [],
      "relationshipName": "UndecidedEventRelations",
      "restrictedDelete": false
    },
    {
      "cascadeDelete": true,
      "childSObject": "UserEmailPreferredPerson",
      "deprecatedAndHidden": false,
      "field": "PersonRecordId",
      "junctionIdListNames": [],
      "junctionReferenceTo": [],
      "relationshipName": "PersonRecord",
      "restrictedDelete": false
    }
  ],
  "custom": false,
  "name": "Lead",
  "queryable": true
}