{
  "fields": [
    {
      "aggregatable": true,
      "custom": false,
      "defaultValue": null,
      "extraTypeInfo": null,
      "filterable": true,
      "groupable": true,
      "inlineHelpText": null,
      "label": "Location ID",
      "name": "Id",
      "nillable": false,
      "picklistValues": [],
      "referenceTo": [],
      "relationshipName": null,
      "sortable": true,
      "type": "id"
    },
    {
      "aggregatable": true,
      "custom": false,
      "defaultValue": null,
      "extraTypeInfo": null,
      "filterable": true,
      "groupable": true,
      "inlineHelpText": null,
      "label": "Owner ID",
      "name": "OwnerId",
      "nillable": false,
      "picklistValues": [],
      "referenceTo": [
        "Group",
        "User"
      ],
      "relationshipName": "Owner",
      "sortable": true,
      "type": "reference"
    },
    {
      "aggregatable": false,
      "custom": false,
      "defaultValue": false,
      "extraTypeInfo": null,
      "filterable": true,
      "groupable": true,
      "inlineHelpText": null,
      "label": "Deleted",
      "name": "IsDeleted",
      "nillable": false,
      "picklistValues": [],
      "referenceTo": [],
      "relationshipName": null,
      "sortable": true,
      "type": "boolean"
    },
    {
      "aggregatable": true,
      "custom": false,
      "defaultValue": null,
      "extraTypeInfo": null,
      "filterable": true,
      "groupable": true,
      "inlineHelpText": null,
      "label": "Location Name",
      "name": "Name",
      "nillable": false,
      "picklistValues": [],
      "referenceTo": [],
      "relationshipName": null,
      "sortable": true,
      "type": "string"
    },
    {
      "aggregatable": true,
      "custom": false,
      "defaultValue": null,
      "extraTypeInfo": null,
      "filterable": true,
      "groupable": false,
      "inlineHelpText": null,
      "label": "Created Date",
      "name": "CreatedDate",
      "nillable": false,
      "picklistValues": [],
      "referenceTo": [],
      "relationshipName": null,
      "sortable": true,
      "type": "datetime"
    },
    {
      "aggregatable": true,
      "custom": false,
      "defaultValue": null,
      "extraTypeInfo": null,
      "filterable": true,
      "groupable": true,
      "inlineHelpText": null,
      "label": "Created By ID",
      "name": "CreatedById",
      "nillable": false,
      "picklistValues": [],
      "referenceTo": [
        "User"
      ],
      "relationshipName": "CreatedBy",
      "sortable": true,
      "type": "reference"
    },
    {
      "aggregatable": true,
      "custom": false,
      "defaultValue": null,
      "extraTypeInfo": null,
      "filterable": true,
      "groupable": false,
      "inlineHelpText": null,
      "label": "Last Modified Date",
      "name": "LastModifiedDate",
      "nillable": false,
      "picklistValues": [],
      "referenceTo": [],
      "relationshipName": null,
      "sortable": true,
      "type": "datetime"
    },
    {
      "aggregatable": true,
      "custom": false,
      "defaultValue": null,
      "extraTypeInfo": null,
      "filterable": true,
      "groupable": true,
      "inlineHelpText": null,
      "label": "Last Modified By ID",
      "name": "LastModifiedById",
      "nillable": false,
      "picklistValues": [],
      "referenceTo": [
        "User"
      ],
      "relationshipName": "LastModifiedBy",
      "sortable": true,
      "type": "reference"
    },
    {
      "aggregatable": true,
      "custom": false,
      "defaultValue": null,
      "extraTypeInfo": null,
      "filterable": true,
      "groupable": false,
      "inlineHelpText": null,
      "label": "System Modstamp",
      "name": "SystemModstamp",
      "nillable": false,
      "picklistValues": [],
      "referenceTo": [],
      "relationshipName": null,
      "sortable": true,
      "type": "datetime"
    },
    {
      "aggregatable": true,
      "custom": false,
      "defaultValue": null,
      "extraTypeInfo": null,
      "filterable": true,
      "groupable": false,
      "inlineHelpText": null,
      "label": "Last Viewed Date",
      "name": "LastViewedDate",
      "nillable": true,
      "picklistValues": [],
      "referenceTo": [],
      "relationshipName": null,
      "sortable": true,
      "type": "datetime"
    },
    {
      "aggregatable": true,
      "custom": false,
      "defaultValue": null,
      "extraTypeInfo": null,
      "filterable": true,
      "groupable": false,
      "inlineHelpText": null,
      "label": "Last Referenced Date",
      "name": "LastReferencedDate",
      "nillable": true,
      "picklistValues": [],
      "referenceTo": [],
      "relationshipName": null,
      "sortable": true,
      "type": "datetime"
    },
    {
      "aggregatable": true,
      "custom": false,
      "defaultValue": null,
      "extraTypeInfo": null,
      "filterable": true,
      "groupable": true,
      "inlineHelpText": null,
      "label": "Location Type",
      "name": "LocationType",
      "nillable": false,
      "picklistValues": [],
      "referenceTo": [],
      "relationshipName": null,
      "sortable": true,
      "type": "picklist"
    },
    {
      "aggregatable": false,
      "custom": false,
      "defaultValue": false,
      "extraTypeInfo": null,
      "filterable": true,
      "groupable": true,
      "inlineHelpText": null,
      "label": "Mobile Location",
      "name": "IsMobile",
      "nillable": false,
      "picklistValues": [],
      "referenceTo": [],
      "relationshipName": null,
      "sortable": true,
      "type": "boolean"
    },
    {
      "aggregatable": false,
      "custom": false,
      "defaultValue": false,
      "extraTypeInfo": null,
      "filterable": true,
      "groupable": true,
      "inlineHelpText": null,
      "label": "Inventory Location",
      "name": "IsInventoryLocation",
      "nillable": false,
      "picklistValues": [],
      "referenceTo": [],
      "relationshipName": null,
      "sortable": true,
      "type": "boolean"
    },
    {
      "aggregatable": true,
      "custom": false,
      "defaultValue": null,
      "extraTypeInfo": null,
      "filterable": true,
      "groupable": true,
      "inlineHelpText": null,
      "label": "Root Location ID",
      "name": "RootLocationId",
      "nillable": true,
      "picklistValues": [],
      "referenceTo": [
        "Location"
      ],
      "relationshipName": "RootLocation",
      "sortable": true,
      "type": "reference"
    }
  ],
  "label": "Location",
  "childRelationships": [
    {
      "cascadeDelete": true,
      "childSObject": "ActivityHistory",
      "deprecatedAndHidden": false,
      "field": "WhatId",
      "junctionIdListNames": [],
      "junctionReferenceTo": [],
      "relationshipName": "ActivityHistories",
      "restrictedDelete": false
    },
    {
      "cascadeDelete": true,
      "childSObject": "AssociatedLocation",
      "deprecatedAndHidden": false,
      "field": "LocationId",
      "junctionIdListNames": [],
      "junctionReferenceTo": [],
      "relationshipName": "AssociatedLocations",
      "restrictedDelete": false
    },
    {
      "cascadeDelete": true,
      "childSObject": "AttachedContentDocument",
      "deprecatedAndHidden": false,
      "field": "LinkedEntityId",
      "junctionIdListNames": [],
      "junctionReferenceTo": [],
      "relationshipName": "AttachedContentDocuments",
      "restrictedDelete": false
    },
    {
      "cascadeDelete": true,
      "childSObject": "Attachment",
      "deprecatedAndHidden": false,
      "field": "ParentId",
      "junctionIdListNames": [],
      "junctionReferenceTo": [],
      "relationshipName": "Attachments",
      "restrictedDelete": false
    },
    {
      "cascadeDelete": true,
      "childSObject": "CombinedAttachment",
      "deprecatedAndHidden": false,
      "field": "ParentId",
      "junctionIdListNames": [],
      "junctionReferenceTo": [],
      "relationshipName": "CombinedAttachments",
      "restrictedDelete": false
    },
    {
      "cascadeDelete": true,
      "childSObject": "ContentDocumentLink",
      "deprecatedAndHidden": false,
      "field": "LinkedEntityId",
      "junctionIdListNames": [],
      "junctionReferenceTo": [],
      "relationshipName": "ContentDocumentLinks",
      "restrictedDelete": false
    },
    {
      "cascadeDelete": false,
      "childSObject": "ContentVersion",
      "deprecatedAndHidden": false,
      "field": "FirstPublishLocationId",
      "junctionIdListNames": [],
      "junctionReferenceTo": [],
      "relationshipName": null,
      "restrictedDelete": false
    },
    {
      "cascadeDelete": false,
      "childSObject": "EmailMessage",
      "deprecatedAndHidden": false,
      "field": "RelatedToId",
      "junctionIdListNames": [],
      "junctionReferenceTo": [],
      "relationshipName": "Emails",
      "restrictedDelete": false
    },
    {
      "cascadeDelete": true,
      "childSObject": "EntitySubscription",
      "deprecatedAndHidden": false,
      "field": "ParentId",
      "junctionIdListNames": [],
      "junctionReferenceTo": [],
      "relationshipName": "FeedSubscriptionsForEntity",
      "restrictedDelete": false
    },
    {
      "cascadeDelete": true,
      "childSObject": "Event",
      "deprecatedAndHidden": false,
      "field": "WhatId",
      "junctionIdListNames": [],
      "junctionReferenceTo": [],
      "relationshipName": "Events",
      "restrictedDelete": false
    },
    {
      "cascadeDelete": false,
      "childSObject": "EventChangeEvent",
      "deprecatedAndHidden": false,
      "field": "WhatId",
      "junctionIdListNames": [],
      "junctionReferenceTo": [],
      "relationshipName": null,
      "restrictedDelete": false
    },
    {
      "cascadeDelete": false,
      "childSObject": "EventRelationChangeEvent",
      "deprecatedAndHidden": false,
      "field": "RelationId",
      "junctionIdListNames": [],
      "junctionReferenceTo": [],
      "relationshipName": null,
      "restrictedDelete": false
    },
    {
      "cascadeDelete": false,
      "childSObject": "FeedComment",
      "deprecatedAndHidden": false,
      "field": "ParentId",
      "junctionIdListNames": [],
      "junctionReferenceTo": [],
      "relationshipName": null,
      "restrictedDelete": false
    },
    {
      "cascadeDelete": true,
      "childSObject": "FeedItem",
      "deprecatedAndHidden": false,
      "field": "ParentId",
      "junctionIdListNames": [],
      "junctionReferenceTo": [],
      "relationshipName": null,
      "restrictedDelete": false
    },
    {
      "cascadeDelete": false,
      "childSObject": "FlowRecordRelation",
      "deprecatedAndHidden": false,
      "field": "RelatedRecordId",
      "junctionIdListNames": [],
      "junctionReferenceTo": [],
      "relationshipName": null,
      "restrictedDelete": false
    },
    {
      "cascadeDelete": false,
      "childSObject": "Location",
      "deprecatedAndHidden": false,
      "field": "RootLocationId",
      "junctionIdListNames": [],
      "junctionReferenceTo": [],
      "relationshipName": null,
      "restrictedDelete": false
    },
    {
      "cascadeDelete": true,
      "childSObject": "LocationFeed",
      "deprecatedAndHidden": false,
      "field": "ParentId",
      "junctionIdListNames": [],
      "junctionReferenceTo": [],
      "relationshipName": "Feeds",
      "restrictedDelete": false
    },
    {
      "cascadeDelete": true,
      "childSObject": "LocationHistory",
      "deprecatedAndHidden": false,
      "field": "LocationId",
      "junctionIdListNames": [],
      "junctionReferenceTo": [],
      "relationshipName": "Histories",
      "restrictedDelete": false
    },
    {
      "cascadeDelete": true,
      "childSObject": "LocationShare",
      "deprecatedAndHidden": false,
      "field": "ParentId",
      "junctionIdListNames": [],
      "junctionReferenceTo": [],
      "relationshipName": "Shares",
      "restrictedDelete": false
    },
    {
      "cascadeDelete": true,
      "childSObject": "Note",
      "deprecatedAndHidden": false,
      "field": "ParentId",
      "junctionIdListNames": [],
      "junctionReferenceTo": [],
      "relationshipName": "Notes",
      "restrictedDelete": false
    },
    {
      "cascadeDelete": true,
      "childSObject": "NoteAndAttachment",
      "deprecatedAndHidden": false,
      "field": "ParentId",
      "junctionIdListNames": [],
      "junctionReferenceTo": [],
      "relationshipName": "NotesAndAttachments",
      "restrictedDelete": false
    },
    {
      "cascadeDelete": true,
      "childSObject": "OpenActivity",
      "deprecatedAndHidden": false,
      "field": "WhatId",
      "junctionIdListNames": [],
      "junctionReferenceTo": [],
      "relationshipName": "OpenActivities",
      "restrictedDelete": false
    },
    {
      "cascadeDelete": false,
      "childSObject": "OutgoingEmail",
      "deprecatedAndHidden": false,
      "field": "RelatedToId",
      "junctionIdListNames": [],
      "junctionReferenceTo": [],
      "relationshipName": null,
      "restrictedDelete": false
    },
    {
      "cascadeDelete": true,
      "childSObject": "ProcessInstance",
      "deprecatedAndHidden": false,
      "field": "TargetObjectId",
      "junctionIdListNames": [],
      "junctionReferenceTo": [],
      "relationshipName": "ProcessInstances",
      "restrictedDelete": false
    },
    {
      "cascadeDelete": false,
      "childSObject": "ProcessInstanceHistory",
      "deprecatedAndHidden": false,
      "field": "TargetObjectId",
      "junctionIdListNames": [],
      "junctionReferenceTo": [],
      "relationshipName": "ProcessSteps",
      "restrictedDelete": false
    },
    {
      "cascadeDelete": true,
      "childSObject": "RecordAction",
      "deprecatedAndHidden": false,
      "field": "RecordId",
      "junctionIdListNames": [],
      "junctionReferenceTo": [],
      "relationshipName": "RecordActions",
      "restrictedDelete": false
    },
    {
      "cascadeDelete": false,
      "childSObject": "RecordActionHistory",
      "deprecatedAndHidden": false,
      "field": "ParentRecordId",
      "junctionIdListNames": [],
      "junctionReferenceTo": [],
      "relationshipName": "RecordActionHistories",
      "restrictedDelete": false
    },
    {
      "cascadeDelete": false,
      "childSObject": "ReturnOrder",
      "deprecatedAndHidden": false,
      "field": "DestinationLocationId",
      "junctionIdListNames": [],
      "junctionReferenceTo": [],
      "relationshipName": "DestinationReturnOrders",
      "restrictedDelete": false
    },
    {
      "cascadeDelete": false,
      "childSObject": "ReturnOrder",
      "deprecatedAndHidden": false,
      "field": "SourceLocationId",
      "junctionIdListNames": [],
      "junctionReferenceTo": [],
      "relationshipName": "SourceReturnOrders",
      "restrictedDelete": false
    },
    {
      "cascadeDelete": false,
      "childSObject": "ReturnOrderLineItem",
      "deprecatedAndHidden": false,
      "field": "DestinationLocationId",
      "junctionIdListNames": [],
      "junctionReferenceTo": [],
      "relationshipName": "DestinationReturnOrderLineItems",
      "restrictedDelete": false
    },
    {
      "cascadeDelete": false,
      "childSObject": "ReturnOrderLineItem",
      "deprecatedAndHidden": false,
      "field": "SourceLocationId",
      "junctionIdListNames": [],
      "junctionReferenceTo": [],
      "relationshipName": "SourceReturnOrderLineItems",
      "restrictedDelete": false
    },
    {
      "cascadeDelete": false,
      "childSObject": "ServiceResource",
      "deprecatedAndHidden": false,
      "field": "LocationId",
      "junctionIdListNames": [],
      "junctionReferenceTo": [],
      "relationshipName": "ServiceResources",
      "restrictedDelete": false
    },
    {
      "cascadeDelete": true,
      "childSObject": "Task",
      "deprecatedAndHidden": false,
      "field": "WhatId",
      "junctionIdListNames": [],
      "junctionReferenceTo": [],
      "relationshipName": "Tasks",
      "restrictedDelete": false
    },
    {
      "cascadeDelete": false,
      "childSObject": "TaskChangeEvent",
      "deprecatedAndHidden": false,
      "field": "WhatId",
      "junctionIdListNames": [],
      "junctionReferenceTo": [],
      "relationshipName": null,
      "restrictedDelete": false
    },
    {
      "cascadeDelete": false,
      "childSObject": "WorkOrder",
      "deprecatedAndHidden": false,
      "field": "LocationId",
      "junctionIdListNames": [],
      "junctionReferenceTo": [],
      "relationshipName": "WorkOrders",
      "restrictedDelete": false
    },
    {
      "cascadeDelete": false,
      "childSObject": "WorkOrderLineItem",
      "deprecatedAndHidden": false,
      "field": "LocationId",
      "junctionIdListNames": [],
      "junctionReferenceTo": [],
      "relationshipName": "WorkOrderLineItems",
      "restrictedDelete": false
    }
  ],
  "custom": false,
  "name": "Location",
  "queryable": true
}