{
  "fields": [
    {
      "aggregatable": false,
      "custom": false,
      "defaultValue": null,
      "extraTypeInfo": null,
      "filterable": false,
      "groupable": false,
      "inlineHelpText": null,
      "label": "Replay ID",
      "name": "ReplayId",
      "nillable": true,
      "picklistValues": [],
      "referenceTo": [],
      "relationshipName": null,
      "sortable": false,
      "type": "string"
    },
    {
      "aggregatable": false,
      "custom": false,
      "defaultValue": null,
      "extraTypeInfo": null,
      "filterable": false,
      "groupable": false,
      "inlineHelpText": null,
      "label": "Created Date",
      "name": "CreatedDate",
      "nillable": false,
      "picklistValues": [],
      "referenceTo": [],
      "relationshipName": null,
      "sortable": false,
      "type": "datetime"
    },
    {
      "aggregatable": false,
      "custom": false,
      "defaultValue": null,
      "extraTypeInfo": null,
      "filterable": false,
      "groupable": false,
      "inlineHelpText": null,
      "label": "Event Identifier",
      "name": "EventIdentifier",
      "nillable": false,
      "picklistValues": [],
      "referenceTo": [],
      "relationshipName": null,
      "sortable": false,
      "type": "string"
    },
    {
      "aggregatable": false,
      "custom": false,
      "defaultValue": null,
      "extraTypeInfo": null,
      "filterable": false,
      "groupable": false,
      "inlineHelpText": null,
      "label": "User ID",
      "name": "UserId",
      "nillable": true,
      "picklistValues": [],
      "referenceTo": [
        "User"
      ],
      "relationshipName": "User",
      "sortable": false,
      "type": "reference"
    },
    {
      "aggregatable": false,
      "custom": false,
      "defaultValue": null,
      "extraTypeInfo": null,
      "filterable": false,
      "groupable": false,
      "inlineHelpText": null,
      "label": "Username",
      "name": "Username",
      "nillable": true,
      "picklistValues": [],
      "referenceTo": [],
      "relationshipName": null,
      "sortable": false,
      "type": "string"
    },
    {
      "aggregatable": false,
      "custom": false,
      "defaultValue": null,
      "extraTypeInfo": null,
      "filterable": false,
      "groupable": false,
      "inlineHelpText": null,
      "label": "Event Date",
      "name": "EventDate",
      "nillable": true,
      "picklistValues": [],
      "referenceTo": [],
      "relationshipName": null,
      "sortable": false,
      "type": "datetime"
    },
    {
      "aggregatable": false,
      "custom": false,
      "defaultValue": null,
      "extraTypeInfo": null,
      "filterable": false,
      "groupable": false,
      "inlineHelpText": null,
      "label": "Related Event Identifier",
      "name": "RelatedEventIdentifier",
      "nillable": true,
      "picklistValues": [],
      "referenceTo": [],
      "relationshipName": null,
      "sortable": false,
      "type": "string"
    },
    {
      "aggregatable": false,
      "custom": false,
      "defaultValue": null,
      "extraTypeInfo": null,
      "filterable": false,
      "groupable": false,
      "inlineHelpText": null,
      "label": "Transaction Security Policy ID",
      "name": "PolicyId",
      "nillable": true,
      "picklistValues": [],
      "referenceTo": [
        "TransactionSecurityPolicy"
      ],
      "relationshipName": "Policy",
      "sortable": false,
      "type": "reference"
    },
    {
      "aggregatable": false,
      "custom": false,
      "defaultValue": null,
      "extraTypeInfo": null,
      "filterable": false,
      "groupable": false,
      "inlineHelpText": null,
      "label": "Policy Outcome",
      "name": "PolicyOutcome",
      "nillable": true,
      "picklistValues": [
        {
          "active": true,
          "defaultValue": false,
          "label": "Block",
          "validFor": null,
          "value": "Block"
        },
        {
          "active": true,
          "defaultValue": false,
          "label": "FreezeUser",
          "validFor": null,
          "value": "FreezeUser"
        },
        {
          "active": true,
          "defaultValue": false,
          "label": "EndSession",
          "validFor": null,
          "value": "EndSession"
        },
        {
          "active": true,
          "defaultValue": false,
          "label": "Notified",
          "validFor": null,
          "value": "Notified"
        },
        {
          "active": true,
          "defaultValue": false,
          "label": "NoAction",
          "validFor": null,
          "value": "NoAction"
        },
        {
          "active": true,
          "defaultValue": false,
          "label": "TwoFAInitiated",
          "validFor": null,
          "value": "TwoFAInitiated"
        },
        {
          "active": true,
          "defaultValue": false,
          "label": "TwoFASucceeded",
          "validFor": null,
          "value": "TwoFASucceeded"
        },
        {
          "active": true,
          "defaultValue": false,
          "label": "TwoFADenied",
          "validFor": null,
          "value": "TwoFADenied"
        },
        {
          "active": true,
          "defaultValue": false,
          "label": "Error",
          "validFor": null,
          "value": "Error"
        },
        {
          "active": true,
          "defaultValue": false,
          "label": "TwoFAInProgress",
          "validFor": null,
          "value": "TwoFAInProgress"
        },
        {
          "active": true,
          "defaultValue": false,
          "label": "TwoFARecoverableError",
          "validFor": null,
          "value": "TwoFARecoverableError"
        },
        {
          "active": true,
          "defaultValue": false,
          "label": "TwoFAFailedGeneralError",
          "validFor": null,
          "value": "TwoFAFailedGeneralError"
        },
        {
          "active": true,
          "defaultValue": false,
          "label": "TwoFAFailedInvalidCode",
          "validFor": null,
          "value": "TwoFAFailedInvalidCode"
        },
        {
          "active": true,
          "defaultValue": false,
          "label": "TwoFAFailedTooManyAttempts",
          "validFor": null,
          "value": "TwoFAFailedTooManyAttempts"
        },
        {
          "active": true,
          "defaultValue": false,
          "label": "TwoFAAutomatedSuccess",
          "validFor": null,
          "value": "TwoFAAutomatedSuccess"
        },
        {
          "active": true,
          "defaultValue": false,
          "label": "TwoFAReportedDenied",
          "validFor": null,
          "value": "TwoFAReportedDenied"
        },
        {
          "active": true,
          "defaultValue": false,
          "label": "TwoFANoAction",
          "validFor": null,
          "value": "TwoFANoAction"
        },
        {
          "active": true,
          "defaultValue": false,
          "label": "FailedPasswordLockout",
          "validFor": null,
          "value": "FailedPasswordLockout"
        },
        {
          "active": true,
          "defaultValue": false,
          "label": "FailedInvalidPassword",
          "validFor": null,
          "value": "FailedInvalidPassword"
        }
      ],
      "referenceTo": [],
      "relationshipName": null,
      "sortable": false,
      "type": "picklist"
    },
    {
      "aggregatable": false,
      "custom": false,
      "defaultValue": null,
      "extraTypeInfo": null,
      "filterable": false,
      "groupable": false,
      "inlineHelpText": null,
      "label": "Evaluation Time",
      "name": "EvaluationTime",
      "nillable": true,
      "picklistValues": [],
      "referenceTo": [],
      "relationshipName": null,
      "sortable": false,
      "type": "double"
    },
    {
      "aggregatable": false,
      "custom": false,
      "defaultValue": null,
      "extraTypeInfo": null,
      "filterable": false,
      "groupable": false,
      "inlineHelpText": null,
      "label": "Session Key",
      "name": "SessionKey",
      "nillable": true,
      "picklistValues": [],
      "referenceTo": [],
      "relationshipName": null,
      "sortable": false,
      "type": "string"
    },
    {
      "aggregatable": false,
      "custom": false,
      "defaultValue": null,
      "extraTypeInfo": null,
      "filterable": false,
      "groupable": false,
      "inlineHelpText": null,
      "label": "Login Key",
      "name": "LoginKey",
      "nillable": true,
      "picklistValues": [],
      "referenceTo": [],
      "relationshipName": null,
      "sortable": false,
      "type": "string"
    },
    {
      "aggregatable": false,
      "custom": false,
      "defaultValue": null,
      "extraTypeInfo": null,
      "filterable": false,
      "groupable": false,
      "inlineHelpText": null,
      "label": "Session Level",
      "name": "SessionLevel",
      "nillable": true,
      "picklistValues": [
        {
          "active": true,
          "defaultValue": false,
          "label": null,
          "validFor": null,
          "value": "LOW"
        },
        {
          "active": true,
          "defaultValue": false,
          "label": null,
          "validFor": null,
          "value": "STANDARD"
        },
        {
          "active": true,
          "defaultValue": false,
          "label": null,
          "validFor": null,
          "value": "HIGH_ASSURANCE"
        }
      ],
      "referenceTo": [],
      "relationshipName": null,
      "sortable": false,
      "type": "picklist"
    },
    {
      "aggregatable": false,
      "custom": false,
      "defaultValue": null,
      "extraTypeInfo": null,
      "filterable": false,
      "groupable": false,
      "inlineHelpText": null,
      "label": "Source IP",
      "name": "SourceIp",
      "nillable": true,
      "picklistValues": [],
      "referenceTo": [],
      "relationshipName": null,
      "sortable": false,
      "type": "string"
    },
    {
      "aggregatable": false,
      "custom": false,
      "defaultValue": null,
      "extraTypeInfo": null,
      "filterable": false,
      "groupable": false,
      "inlineHelpText": null,
      "label": "Additional Information",
      "name": "AdditionalInfo",
      "nillable": true,
      "picklistValues": [],
      "referenceTo": [],
      "relationshipName": null,
      "sortable": false,
      "type": "string"
    },
    {
      "aggregatable": false,
      "custom": false,
      "defaultValue": null,
      "extraTypeInfo": null,
      "filterable": false,
      "groupable": false,
      "inlineHelpText": null,
      "label": "API Type",
      "name": "ApiType",
      "nillable": true,
      "picklistValues": [],
      "referenceTo": [],
      "relationshipName": null,
      "sortable": false,
      "type": "string"
    },
    {
      "aggregatable": false,
      "custom": false,
      "defaultValue": null,
      "extraTypeInfo": null,
      "filterable": false,
      "groupable": false,
      "inlineHelpText": null,
      "label": "API Version",
      "name": "ApiVersion",
      "nillable": true,
      "picklistValues": [],
      "referenceTo": [],
      "relationshipName": null,
      "sortable": false,
      "type": "string"
    },
    {
      "aggregatable": false,
      "custom": false,
      "defaultValue": null,
      "extraTypeInfo": null,
      "filterable": false,
      "groupable": false,
      "inlineHelpText": null,
      "label": "Application",
      "name": "Application",
      "nillable": true,
      "picklistValues": [],
      "referenceTo": [],
      "relationshipName": null,
      "sortable": false,
      "type": "string"
    },
    {
      "aggregatable": false,
      "custom": false,
      "defaultValue": null,
      "extraTypeInfo": null,
      "filterable": false,
      "groupable": false,
      "inlineHelpText": null,
      "label": "Authentication Service ID",
      "name": "AuthServiceId",
      "nillable": true,
      "picklistValues": [],
      "referenceTo": [],
      "relationshipName": null,
      "sortable": false,
      "type": "string"
    },
    {
      "aggregatable": false,
      "custom": false,
      "defaultValue": null,
      "extraTypeInfo": null,
      "filterable": false,
      "groupable": false,
      "inlineHelpText": null,
      "label": "Browser",
      "name": "Browser",
      "nillable": true,
      "picklistValues": [],
      "referenceTo": [],
      "relationshipName": null,
      "sortable": false,
      "type": "string"
    },
    {
      "aggregatable": false,
      "custom": false,
      "defaultValue": null,
      "extraTypeInfo": null,
      "filterable": false,
      "groupable": false,
      "inlineHelpText": null,
      "label": "TLS Cipher Suite",
      "name": "CipherSuite",
      "nillable": true,
      "picklistValues": [
        {
          "active": true,
          "defaultValue": false,
          "label": "AES128-GCM-SHA256",
          "validFor": null,
          "value": "AES128-GCM-SHA256"
        },
        {
          "active": true,
          "defaultValue": false,
          "label": "AES128-SHA",
          "validFor": null,
          "value": "AES128-SHA"
        },
        {
          "active": true,
          "defaultValue": false,
          "label": "AES128-SHA256",
          "validFor": null,
          "value": "AES128-SHA256"
        },
        {
          "active": true,
          "defaultValue": false,
          "label": "AES256-GCM-SHA384",
          "validFor": null,
          "value": "AES256-GCM-SHA384"
        },
        {
          "active": true,
          "defaultValue": false,
          "label": "AES256-SHA",
          "validFor": null,
          "value": "AES256-SHA"
        },
        {
          "active": true,
          "defaultValue": false,
          "label": "AES256-SHA256",
          "validFor": null,
          "value": "AES256-SHA256"
        },
        {
          "active": true,
          "defaultValue": false,
          "label": "DES-CBC3-SHA",
          "validFor": null,
          "value": "DES-CBC3-SHA"
        },
        {
          "active": true,
          "defaultValue": false,
          "label": "DHE-RSA-AES128-GCM-SHA256",
          "validFor": null,
          "value": "DHE-RSA-AES128-GCM-SHA256"
        },
        {
          "active": true,
          "defaultValue": false,
          "label": "DHE-RSA-AES128-SHA",
          "validFor": null,
          "value": "DHE-RSA-AES128-SHA"
        },
        {
          "active": true,
          "defaultValue": false,
          "label": "DHE-RSA-AES256-GCM-SHA384",
          "validFor": null,
          "value": "DHE-RSA-AES256-GCM-SHA384"
        },
        {
          "active": true,
          "defaultValue": false,
          "label": "DHE-RSA-AES256-SHA",
          "validFor": null,
          "value": "DHE-RSA-AES256-SHA"
        },
        {
          "active": true,
          "defaultValue": false,
          "label": "DHE-RSA-DES-CBC3-SHA",
          "validFor": null,
          "value": "DHE-RSA-DES-CBC3-SHA"
        },
        {
          "active": true,
          "defaultValue": false,
          "label": "ECDH-ECDSA-AES128-GCM-SHA256",
          "validFor": null,
          "value": "ECDH-ECDSA-AES128-GCM-SHA256"
        },
        {
          "active": true,
          "defaultValue": false,
          "label": "ECDH-ECDSA-AES128-SHA256",
          "validFor": null,
          "value": "ECDH-ECDSA-AES128-SHA256"
        },
        {
          "active": true,
          "defaultValue": false,
          "label": "ECDH-ECDSA-AES256-GCM-SHA384",
          "validFor": null,
          "value": "ECDH-ECDSA-AES256-GCM-SHA384"
        },
        {
          "active": true,
          "defaultValue": false,
          "label": "ECDH-ECDSA-AES256-SHA384",
          "validFor": null,
          "value": "ECDH-ECDSA-AES256-SHA384"
        },
        {
          "active": true,
          "defaultValue": false,
          "label": "ECDH-RSA-AES128-GCM-SHA256",
          "validFor": null,
          "value": "ECDH-RSA-AES128-GCM-SHA256"
        },
        {
          "active": true,
          "defaultValue": false,
          "label": "ECDH-RSA-AES128-SHA256",
          "validFor": null,
          "value": "ECDH-RSA-AES128-SHA256"
        },
        {
          "active": true,
          "defaultValue": false,
          "label": "ECDH-RSA-AES256-GCM-SHA384",
          "validFor": null,
          "value": "ECDH-RSA-AES256-GCM-SHA384"
        },
        {
          "active": true,
          "defaultValue": false,
          "label": "ECDH-RSA-AES256-SHA384",
          "validFor": null,
          "value": "ECDH-RSA-AES256-SHA384"
        },
        {
          "active": true,
          "defaultValue": false,
          "label": "ECDHE-ECDSA-AES128-GCM-SHA256",
          "validFor": null,
          "value": "ECDHE-ECDSA-AES128-GCM-SHA256"
        },
        {
          "active": true,
          "defaultValue": false,
          "label": "ECDHE-ECDSA-AES128-SHA256",
          "validFor": null,
          "value": "ECDHE-ECDSA-AES128-SHA256"
        },
        {
          "active": true,
          "defaultValue": false,
          "label": "ECDHE-ECDSA-AES256-GCM-SHA384",
          "validFor": null,
          "value": "ECDHE-ECDSA-AES256-GCM-SHA384"
        },
        {
          "active": true,
          "defaultValue": false,
          "label": "ECDHE-ECDSA-AES256-SHA384",
          "validFor": null,
          "value": "ECDHE-ECDSA-AES256-SHA384"
        },
        {
          "active": true,
          "defaultValue": false,
          "label": "ECDHE-RSA-AES128-CBC-SHA",
          "validFor": null,
          "value": "ECDHE-RSA-AES128-CBC-SHA"
        },
        {
          "active": true,
          "defaultValue": false,
          "label": "ECDHE-RSA-AES128-GCM-SHA256",
          "validFor": null,
          "value": "ECDHE-RSA-AES128-GCM-SHA256"
        },
        {
          "active": true,
          "defaultValue": false,
          "label": "ECDHE-RSA-AES128-SHA",
          "validFor": null,
          "value": "ECDHE-RSA-AES128-SHA"
        },
        {
          "active": true,
          "defaultValue": false,
          "label": "ECDHE-RSA-AES128-SHA256",
          "validFor": null,
          "value": "ECDHE-RSA-AES128-SHA256"
        },
        {
          "active": true,
          "defaultValue": false,
          "label": "ECDHE-RSA-AES256-CBC-SHA",
          "validFor": null,
          "value": "ECDHE-RSA-AES256-CBC-SHA"
        },
        {
          "active": true,
          "defaultValue": false,
          "label": "ECDHE-RSA-AES256-GCM-SHA384",
          "validFor": null,
          "value": "ECDHE-RSA-AES256-GCM-SHA384"
        },
        {
          "active": true,
          "defaultValue": false,
          "label": "ECDHE-RSA-AES256-SHA",
          "validFor": null,
          "value": "ECDHE-RSA-AES256-SHA"
        },
        {
          "active": true,
          "defaultValue": false,
          "label": "ECDHE-RSA-AES256-SHA384",
          "validFor": null,
          "value": "ECDHE-RSA-AES256-SHA384"
        },
        {
          "active": true,
          "defaultValue": false,
          "label": "ECDHE-RSA-DES-CBC3-SHA",
          "validFor": null,
          "value": "ECDHE-RSA-DES-CBC3-SHA"
        },
        {
          "active": true,
          "defaultValue": false,
          "label": "TLS_AES_128_GCM_SHA256",
          "validFor": null,
          "value": "TLS_AES_128_GCM_SHA256"
        },
        {
          "active": true,
          "defaultValue": false,
          "label": "TLS_AES_256_GCM_SHA384",
          "validFor": null,
          "value": "TLS_AES_256_GCM_SHA384"
        },
        {
          "active": true,
          "defaultValue": false,
          "label": "TLS_CHACHA20_POLY1305_SHA256",
          "validFor": null,
          "value": "TLS_CHACHA20_POLY1305_SHA256"
        },
        {
          "active": true,
          "defaultValue": false,
          "label": "Unknown",
          "validFor": null,
          "value": "Unknown"
        }
      ],
      "referenceTo": [],
      "relationshipName": null,
      "sortable": false,
      "type": "picklist"
    },
    {
      "aggregatable": false,
      "custom": false,
      "defaultValue": null,
      "extraTypeInfo": null,
      "filterable": false,
      "groupable": false,
      "inlineHelpText": null,
      "label": "Client Version",
      "name": "ClientVersion",
      "nillable": true,
      "picklistValues": [],
      "referenceTo": [],
      "relationshipName": null,
      "sortable": false,
      "type": "string"
    },
    {
      "aggregatable": false,
      "custom": false,
      "defaultValue": null,
      "extraTypeInfo": null,
      "filterable": false,
      "groupable": false,
      "inlineHelpText": null,
      "label": "Login Geo Data ID",
      "name": "LoginGeoId",
      "nillable": true,
      "picklistValues": [],
      "referenceTo": [],
      "relationshipName": null,
      "sortable": false,
      "type": "string"
    },
    {
      "aggregatable": false,
      "custom": false,
      "defaultValue": null,
      "extraTypeInfo": null,
      "filterable": false,
      "groupable": false,
      "inlineHelpText": null,
      "label": "Login Type",
      "name": "LoginType",
      "nillable": true,
      "picklistValues": [],
      "referenceTo": [],
      "relationshipName": null,
      "sortable": false,
      "type": "picklist"
    },
    {
      "aggregatable": false,
      "custom": false,
      "defaultValue": null,
      "extraTypeInfo": null,
      "filterable": false,
      "groupable": false,
      "inlineHelpText": null,
      "label": "Login URL",
      "name": "LoginUrl",
      "nillable": true,
      "picklistValues": [],
      "referenceTo": [],
      "relationshipName": null,
      "sortable": false,
      "type": "string"
    },
    {
      "aggregatable": false,
      "custom": false,
      "defaultValue": null,
      "extraTypeInfo": null,
      "filterable": false,
      "groupable": false,
      "inlineHelpText": null,
      "label": "Platform",
      "name": "Platform",
      "nillable": true,
      "picklistValues": [],
      "referenceTo": [],
      "relationshipName": null,
      "sortable": false,
      "type": "string"
    },
    {
      "aggregatable": false,
      "custom": false,
      "defaultValue": null,
      "extraTypeInfo": null,
      "filterable": false,
      "groupable": false,
      "inlineHelpText": null,
      "label": "Status",
      "name": "Status",
      "nillable": true,
      "picklistValues": [],
      "referenceTo": [],
      "relationshipName": null,
      "sortable": false,
      "type": "string"
    },
    {
      "aggregatable": false,
      "custom": false,
      "defaultValue": null,
      "extraTypeInfo": null,
      "filterable": false,
      "groupable": false,
      "inlineHelpText": null,
      "label": "TLS Protocol",
      "name": "TlsProtocol",
      "nillable": true,
      "picklistValues": [
        {
          "active": true,
          "defaultValue": false,
          "label": "TLS 1.0",
          "validFor": null,
          "value": "TLS 1.0"
        },
        {
          "active": true,
          "defaultValue": false,
          "label": "TLS 1.1",
          "validFor": null,
          "value": "TLS 1.1"
        },
        {
          "active": true,
          "defaultValue": false,
          "label": "TLS 1.2",
          "validFor": null,
          "value": "TLS 1.2"
        },
        {
          "active": true,
          "defaultValue": false,
          "label": "TLS 1.3",
          "validFor": null,
          "value": "TLS 1.3"
        },
        {
          "active": true,
          "defaultValue": false,
          "label": "Unknown",
          "validFor": null,
          "value": "Unknown"
        }
      ],
      "referenceTo": [],
      "relationshipName": null,
      "sortable": false,
      "type": "picklist"
    },
    {
      "aggregatable": false,
      "custom": false,
      "defaultValue": null,
      "extraTypeInfo": null,
      "filterable": false,
      "groupable": false,
      "inlineHelpText": null,
      "label": "Login History ID",
      "name": "LoginHistoryId",
      "nillable": true,
      "picklistValues": [],
      "referenceTo": [
        "LoginHistory"
      ],
      "relationshipName": "LoginHistory",
      "sortable": false,
      "type": "reference"
    },
    {
      "aggregatable": false,
      "custom": false,
      "defaultValue": null,
      "extraTypeInfo": null,
      "filterable": false,
      "groupable": false,
      "inlineHelpText": null,
      "label": "User Type",
      "name": "UserType",
      "nillable": true,
      "picklistValues": [
        {
          "active": true,
          "defaultValue": false,
          "label": "Standard",
          "validFor": null,
          "value": "Standard"
        },
        {
          "active": true,
          "defaultValue": false,
          "label": "Partner",
          "validFor": null,
          "value": "PowerPartner"
        },
        {
          "active": true,
          "defaultValue": false,
          "label": "Customer Portal Manager",
          "validFor": null,
          "value": "PowerCustomerSuccess"
        },
        {
          "active": true,
          "defaultValue": false,
          "label": "Customer Portal User",
          "validFor": null,
          "value": "CustomerSuccess"
        },
        {
          "active": true,
          "defaultValue": false,
          "label": "Guest",
          "validFor": null,
          "value": "Guest"
        },
        {
          "active": true,
          "defaultValue": false,
          "label": "High Volume Portal",
          "validFor": null,
          "value": "CspLitePortal"
        },
        {
          "active": true,
          "defaultValue": false,
          "label": "CSN Only",
          "validFor": null,
          "value": "CsnOnly"
        },
        {
          "active": true,
          "defaultValue": false,
          "label": "Self Service",
          "validFor": null,
          "value": "SelfService"
        }
      ],
      "referenceTo": [],
      "relationshipName": null,
      "sortable": false,
      "type": "picklist"
    },
    {
      "aggregatable": false,
      "custom": false,
      "defaultValue": null,
      "extraTypeInfo": null,
      "filterable": false,
      "groupable": false,
      "inlineHelpText": null,
      "label": "Country Code",
      "name": "CountryIso",
      "nillable": true,
      "picklistValues": [],
      "referenceTo": [],
      "relationshipName": null,
      "sortable": false,
      "type": "string"
    },
    {
      "aggregatable": false,
      "custom": false,
      "defaultValue": null,
      "extraTypeInfo": null,
      "filterable": false,
      "groupable": false,
      "inlineHelpText": null,
      "label": "HTTP Method",
      "name": "HttpMethod",
      "nillable": true,
      "picklistValues": [
        {
          "active": true,
          "defaultValue": false,
          "label": "Unknown",
          "validFor": null,
          "value": "Unknown"
        },
        {
          "active": true,
          "defaultValue": false,
          "label": "GET",
          "validFor": null,
          "value": "GET"
        },
        {
          "active": true,
          "defaultValue": false,
          "label": "POST",
          "validFor": null,
          "value": "POST"
        }
      ],
      "referenceTo": [],
      "relationshipName": null,
      "sortable": false,
      "type": "picklist"
    }
  ],
  "label": "Login Event Stream",
  "childRelationships": [
    {
      "cascadeDelete": false,
      "childSObject": "AsyncOperationEvent",
      "deprecatedAndHidden": false,
      "field": "SourceEvent",
      "junctionIdListNames": [],
      "junctionReferenceTo": [],
      "relationshipName": null,
      "restrictedDelete": false
    }
  ],
  "custom": false,
  "name": "LoginEventStream",
  "queryable": false
}