{
  "fields": [
    {
      "aggregatable": true,
      "custom": false,
      "defaultValue": null,
      "extraTypeInfo": null,
      "filterable": true,
      "groupable": true,
      "inlineHelpText": null,
      "label": "Macro Instruction ID",
      "name": "Id",
      "nillable": false,
      "picklistValues": [],
      "referenceTo": [],
      "relationshipName": null,
      "sortable": true,
      "type": "id"
    },
    {
      "aggregatable": false,
      "custom": false,
      "defaultValue": false,
      "extraTypeInfo": null,
      "filterable": true,
      "groupable": true,
      "inlineHelpText": null,
      "label": "Deleted",
      "name": "IsDeleted",
      "nillable": false,
      "picklistValues": [],
      "referenceTo": [],
      "relationshipName": null,
      "sortable": true,
      "type": "boolean"
    },
    {
      "aggregatable": true,
      "custom": false,
      "defaultValue": null,
      "extraTypeInfo": null,
      "filterable": true,
      "groupable": false,
      "inlineHelpText": null,
      "label": "Macro Instruction Name",
      "name": "Name",
      "nillable": false,
      "picklistValues": [],
      "referenceTo": [],
      "relationshipName": null,
      "sortable": true,
      "type": "string"
    },
    {
      "aggregatable": true,
      "custom": false,
      "defaultValue": null,
      "extraTypeInfo": null,
      "filterable": true,
      "groupable": false,
      "inlineHelpText": null,
      "label": "Created Date",
      "name": "CreatedDate",
      "nillable": false,
      "picklistValues": [],
      "referenceTo": [],
      "relationshipName": null,
      "sortable": true,
      "type": "datetime"
    },
    {
      "aggregatable": true,
      "custom": false,
      "defaultValue": null,
      "extraTypeInfo": null,
      "filterable": true,
      "groupable": true,
      "inlineHelpText": null,
      "label": "Created By ID",
      "name": "CreatedById",
      "nillable": false,
      "picklistValues": [],
      "referenceTo": [
        "User"
      ],
      "relationshipName": "CreatedBy",
      "sortable": true,
      "type": "reference"
    },
    {
      "aggregatable": true,
      "custom": false,
      "defaultValue": null,
      "extraTypeInfo": null,
      "filterable": true,
      "groupable": false,
      "inlineHelpText": null,
      "label": "Last Modified Date",
      "name": "LastModifiedDate",
      "nillable": false,
      "picklistValues": [],
      "referenceTo": [],
      "relationshipName": null,
      "sortable": true,
      "type": "datetime"
    },
    {
      "aggregatable": true,
      "custom": false,
      "defaultValue": null,
      "extraTypeInfo": null,
      "filterable": true,
      "groupable": true,
      "inlineHelpText": null,
      "label": "Last Modified By ID",
      "name": "LastModifiedById",
      "nillable": false,
      "picklistValues": [],
      "referenceTo": [
        "User"
      ],
      "relationshipName": "LastModifiedBy",
      "sortable": true,
      "type": "reference"
    },
    {
      "aggregatable": true,
      "custom": false,
      "defaultValue": null,
      "extraTypeInfo": null,
      "filterable": true,
      "groupable": false,
      "inlineHelpText": null,
      "label": "System Modstamp",
      "name": "SystemModstamp",
      "nillable": false,
      "picklistValues": [],
      "referenceTo": [],
      "relationshipName": null,
      "sortable": true,
      "type": "datetime"
    },
    {
      "aggregatable": true,
      "custom": false,
      "defaultValue": null,
      "extraTypeInfo": null,
      "filterable": true,
      "groupable": true,
      "inlineHelpText": null,
      "label": "Macro ID",
      "name": "MacroId",
      "nillable": false,
      "picklistValues": [],
      "referenceTo": [
        "Macro"
      ],
      "relationshipName": "Macro",
      "sortable": true,
      "type": "reference"
    },
    {
      "aggregatable": true,
      "custom": false,
      "defaultValue": null,
      "extraTypeInfo": null,
      "filterable": true,
      "groupable": true,
      "inlineHelpText": null,
      "label": "Operation",
      "name": "Operation",
      "nillable": false,
      "picklistValues": [
        {
          "active": true,
          "defaultValue": false,
          "label": "select",
          "validFor": null,
          "value": "Select"
        },
        {
          "active": true,
          "defaultValue": false,
          "label": "set",
          "validFor": null,
          "value": "Set"
        },
        {
          "active": true,
          "defaultValue": false,
          "label": "insert",
          "validFor": null,
          "value": "Insert"
        },
        {
          "active": true,
          "defaultValue": false,
          "label": "submit",
          "validFor": null,
          "value": "Submit"
        },
        {
          "active": true,
          "defaultValue": false,
          "label": "close",
          "validFor": null,
          "value": "Close"
        },
        {
          "active": true,
          "defaultValue": false,
          "label": "if",
          "validFor": null,
          "value": "If"
        },
        {
          "active": true,
          "defaultValue": false,
          "label": "elseif",
          "validFor": null,
          "value": "ElseIf"
        },
        {
          "active": true,
          "defaultValue": false,
          "label": "else",
          "validFor": null,
          "value": "Else"
        },
        {
          "active": true,
          "defaultValue": false,
          "label": "endif",
          "validFor": null,
          "value": "EndIf"
        }
      ],
      "referenceTo": [],
      "relationshipName": null,
      "sortable": true,
      "type": "picklist"
    },
    {
      "aggregatable": true,
      "custom": false,
      "defaultValue": null,
      "extraTypeInfo": null,
      "filterable": true,
      "groupable": true,
      "inlineHelpText": null,
      "label": "Target",
      "name": "Target",
      "nillable": true,
      "picklistValues": [
        {
          "active": true,
          "defaultValue": false,
          "label": "Access Type",
          "validFor": null,
          "value": "Field.CollaborationGroup.CollaborationType"
        },
        {
          "active": true,
          "defaultValue": false,
          "label": "Active Account Tab",
          "validFor": null,
          "value": "Tab.Account"
        },
        {
          "active": true,
          "defaultValue": false,
          "label": "Active Alternative Payment Method Tab",
          "validFor": null,
          "value": "Tab.AlternativePaymentMethod"
        },
        {
          "active": true,
          "defaultValue": false,
          "label": "Active API Anomaly Event Store Tab",
          "validFor": null,
          "value": "Tab.ApiAnomalyEventStore"
        },
        {
          "active": true,
          "defaultValue": false,
          "label": "Active Appointment Topic Time Slot Tab",
          "validFor": null,
          "value": "Tab.AppointmentTopicTimeSlot"
        },
        {
          "active": true,
          "defaultValue": false,
          "label": "Active Asset Relationship Tab",
          "validFor": null,
          "value": "Tab.AssetRelationship"
        },
        {
          "active": true,
          "defaultValue": false,
          "label": "Active Asset Tab",
          "validFor": null,
          "value": "Tab.Asset"
        },
        {
          "active": true,
          "defaultValue": false,
          "label": "Active Assigned Resource Tab",
          "validFor": null,
          "value": "Tab.AssignedResource"
        },
        {
          "active": true,
          "defaultValue": false,
          "label": "Active Authorization Form Text Tab",
          "validFor": null,
          "value": "Tab.AuthorizationFormText"
        },
        {
          "active": true,
          "defaultValue": false,
          "label": "Active Booking Line Tab",
          "validFor": null,
          "value": "Tab.Booking_Line__c"
        },
        {
          "active": true,
          "defaultValue": false,
          "label": "Active Booking Tab",
          "validFor": null,
          "value": "Tab.Order"
        },
        {
          "active": true,
          "defaultValue": false,
          "label": "Active Card Payment Method Tab",
          "validFor": null,
          "value": "Tab.CardPaymentMethod"
        },
        {
          "active": true,
          "defaultValue": false,
          "label": "Active Case Tab",
          "validFor": null,
          "value": "Tab.Case"
        },
        {
          "active": true,
          "defaultValue": false,
          "label": "Active Communication Subscription Channel Type Tab",
          "validFor": null,
          "value": "Tab.CommSubscriptionChannelType"
        },
        {
          "active": true,
          "defaultValue": false,
          "label": "Active Communication Subscription Consent Tab",
          "validFor": null,
          "value": "Tab.CommSubscriptionConsent"
        },
        {
          "active": true,
          "defaultValue": false,
          "label": "Active Communication Subscription Tab",
          "validFor": null,
          "value": "Tab.CommSubscription"
        },
        {
          "active": true,
          "defaultValue": false,
          "label": "Active Communication Subscription Timing Tab",
          "validFor": null,
          "value": "Tab.CommSubscriptionTiming"
        },
        {
          "active": true,
          "defaultValue": false,
          "label": "Active Consumption Schedule Tab",
          "validFor": null,
          "value": "Tab.ConsumptionSchedule"
        },
        {
          "active": true,
          "defaultValue": false,
          "label": "Active Contact Point Address Tab",
          "validFor": null,
          "value": "Tab.ContactPointAddress"
        },
        {
          "active": true,
          "defaultValue": false,
          "label": "Active Contact Point Email Tab",
          "validFor": null,
          "value": "Tab.ContactPointEmail"
        },
        {
          "active": true,
          "defaultValue": false,
          "label": "Active Contact Point Phone Tab",
          "validFor": null,
          "value": "Tab.ContactPointPhone"
        },
        {
          "active": true,
          "defaultValue": false,
          "label": "Active Contact Tab",
          "validFor": null,
          "value": "Tab.Contact"
        },
        {
          "active": true,
          "defaultValue": false,
          "label": "Active Contract Line Item Tab",
          "validFor": null,
          "value": "Tab.ContractLineItem"
        },
        {
          "active": true,
          "defaultValue": false,
          "label": "Active Contract Tab",
          "validFor": null,
          "value": "Tab.Contract"
        },
        {
          "active": true,
          "defaultValue": false,
          "label": "Active Credential Stuffing Event Store Tab",
          "validFor": null,
          "value": "Tab.CredentialStuffingEventStore"
        },
        {
          "active": true,
          "defaultValue": false,
          "label": "Active Credit Memo Tab",
          "validFor": null,
          "value": "Tab.CreditMemo"
        },
        {
          "active": true,
          "defaultValue": false,
          "label": "Active Digital Wallet Tab",
          "validFor": null,
          "value": "Tab.DigitalWallet"
        },
        {
          "active": true,
          "defaultValue": false,
          "label": "Active Engagement Channel Type Tab",
          "validFor": null,
          "value": "Tab.EngagementChannelType"
        },
        {
          "active": true,
          "defaultValue": false,
          "label": "Active Error Log Tab",
          "validFor": null,
          "value": "Tab.NTS1__Error_Log__c"
        },
        {
          "active": true,
          "defaultValue": false,
          "label": "Active Error Log Tab",
          "validFor": null,
          "value": "Tab.Error_Log__c"
        },
        {
          "active": true,
          "defaultValue": false,
          "label": "Active Event Tab",
          "validFor": null,
          "value": "Tab.Event"
        },
        {
          "active": true,
          "defaultValue": false,
          "label": "Active Feed Item Tab",
          "validFor": null,
          "value": "Tab.FeedItem"
        },
        {
          "active": true,
          "defaultValue": false,
          "label": "Active Group Tab",
          "validFor": null,
          "value": "Tab.CollaborationGroup"
        },
        {
          "active": true,
          "defaultValue": false,
          "label": "Active Image Tab",
          "validFor": null,
          "value": "Tab.Image"
        },
        {
          "active": true,
          "defaultValue": false,
          "label": "Active Individual Tab",
          "validFor": null,
          "value": "Tab.Individual"
        },
        {
          "active": true,
          "defaultValue": false,
          "label": "Active Invoice Tab",
          "validFor": null,
          "value": "Tab.Invoice"
        },
        {
          "active": true,
          "defaultValue": false,
          "label": "Active Lead Tab",
          "validFor": null,
          "value": "Tab.Lead"
        },
        {
          "active": true,
          "defaultValue": false,
          "label": "Active Legal Entity Tab",
          "validFor": null,
          "value": "Tab.LegalEntity"
        },
        {
          "active": true,
          "defaultValue": false,
          "label": "Active Location Tab",
          "validFor": null,
          "value": "Tab.Location"
        },
        {
          "active": true,
          "defaultValue": false,
          "label": "Active Messaging Session Tab",
          "validFor": null,
          "value": "Tab.MessagingSession"
        },
        {
          "active": true,
          "defaultValue": false,
          "label": "Active Messaging User Tab",
          "validFor": null,
          "value": "Tab.MessagingEndUser"
        },
        {
          "active": true,
          "defaultValue": false,
          "label": "Active Object Milestone Tab",
          "validFor": null,
          "value": "Tab.EntityMilestone"
        },
        {
          "active": true,
          "defaultValue": false,
          "label": "Active Operating Hours Tab",
          "validFor": null,
          "value": "Tab.OperatingHours"
        },
        {
          "active": true,
          "defaultValue": false,
          "label": "Active Opportunity Contact Role Tab",
          "validFor": null,
          "value": "Tab.OpportunityContactRole"
        },
        {
          "active": true,
          "defaultValue": false,
          "label": "Active Opportunity Tab",
          "validFor": null,
          "value": "Tab.Opportunity"
        },
        {
          "active": true,
          "defaultValue": false,
          "label": "Active Party Consent Tab",
          "validFor": null,
          "value": "Tab.PartyConsent"
        },
        {
          "active": true,
          "defaultValue": false,
          "label": "Active Payment Authorization Adjustment Tab",
          "validFor": null,
          "value": "Tab.PaymentAuthAdjustment"
        },
        {
          "active": true,
          "defaultValue": false,
          "label": "Active Payment Authorization Tab",
          "validFor": null,
          "value": "Tab.PaymentAuthorization"
        },
        {
          "active": true,
          "defaultValue": false,
          "label": "Active Payment Gateway Log Tab",
          "validFor": null,
          "value": "Tab.PaymentGatewayLog"
        },
        {
          "active": true,
          "defaultValue": false,
          "label": "Active Payment Gateway Tab",
          "validFor": null,
          "value": "Tab.PaymentGateway"
        },
        {
          "active": true,
          "defaultValue": false,
          "label": "Active Payment Line Invoice Tab",
          "validFor": null,
          "value": "Tab.PaymentLineInvoice"
        },
        {
          "active": true,
          "defaultValue": false,
          "label": "Active Payment Tab",
          "validFor": null,
          "value": "Tab.Payment"
        },
        {
          "active": true,
          "defaultValue": false,
          "label": "Active Refund Line Payment Tab",
          "validFor": null,
          "value": "Tab.RefundLinePayment"
        },
        {
          "active": true,
          "defaultValue": false,
          "label": "Active Refund Tab",
          "validFor": null,
          "value": "Tab.Refund"
        },
        {
          "active": true,
          "defaultValue": false,
          "label": "Active Report Anomaly Event Store Tab",
          "validFor": null,
          "value": "Tab.ReportAnomalyEventStore"
        },
        {
          "active": true,
          "defaultValue": false,
          "label": "Active Resource Absence Tab",
          "validFor": null,
          "value": "Tab.ResourceAbsence"
        },
        {
          "active": true,
          "defaultValue": false,
          "label": "Active Return Order Line Item Tab",
          "validFor": null,
          "value": "Tab.ReturnOrderLineItem"
        },
        {
          "active": true,
          "defaultValue": false,
          "label": "Active Return Order Tab",
          "validFor": null,
          "value": "Tab.ReturnOrder"
        },
        {
          "active": true,
          "defaultValue": false,
          "label": "Active Room catalog Tab",
          "validFor": null,
          "value": "Tab.Product2"
        },
        {
          "active": true,
          "defaultValue": false,
          "label": "Active Room price catalog Tab",
          "validFor": null,
          "value": "Tab.Room_price_catalog__c"
        },
        {
          "active": true,
          "defaultValue": false,
          "label": "Active Service Appointment Tab",
          "validFor": null,
          "value": "Tab.ServiceAppointment"
        },
        {
          "active": true,
          "defaultValue": false,
          "label": "Active Service Contract Tab",
          "validFor": null,
          "value": "Tab.ServiceContract"
        },
        {
          "active": true,
          "defaultValue": false,
          "label": "Active Service Resource Tab",
          "validFor": null,
          "value": "Tab.ServiceResource"
        },
        {
          "active": true,
          "defaultValue": false,
          "label": "Active Service Territory Tab",
          "validFor": null,
          "value": "Tab.ServiceTerritory"
        },
        {
          "active": true,
          "defaultValue": false,
          "label": "Active Service Territory Work Type Tab",
          "validFor": null,
          "value": "Tab.ServiceTerritoryWorkType"
        },
        {
          "active": true,
          "defaultValue": false,
          "label": "Active Session Hijacking Event Store Tab",
          "validFor": null,
          "value": "Tab.SessionHijackingEventStore"
        },
        {
          "active": true,
          "defaultValue": false,
          "label": "Active Task Tab",
          "validFor": null,
          "value": "Tab.Task"
        },
        {
          "active": true,
          "defaultValue": false,
          "label": "Active Threat Detection Feedback Tab",
          "validFor": null,
          "value": "Tab.ThreatDetectionFeedback"
        },
        {
          "active": true,
          "defaultValue": false,
          "label": "Active User Tab",
          "validFor": null,
          "value": "Tab.User"
        },
        {
          "active": true,
          "defaultValue": false,
          "label": "Active Work Order Line Item Tab",
          "validFor": null,
          "value": "Tab.WorkOrderLineItem"
        },
        {
          "active": true,
          "defaultValue": false,
          "label": "Active Work Order Tab",
          "validFor": null,
          "value": "Tab.WorkOrder"
        },
        {
          "active": true,
          "defaultValue": false,
          "label": "Active Work Type Group Member Tab",
          "validFor": null,
          "value": "Tab.WorkTypeGroupMember"
        },
        {
          "active": true,
          "defaultValue": false,
          "label": "Active Work Type Group Tab",
          "validFor": null,
          "value": "Tab.WorkTypeGroup"
        },
        {
          "active": true,
          "defaultValue": false,
          "label": "Active Work Type Tab",
          "validFor": null,
          "value": "Tab.WorkType"
        },
        {
          "active": true,
          "defaultValue": false,
          "label": "Add Member Action",
          "validFor": null,
          "value": "QuickAction.CollaborationGroup.NewGroupMember"
        },
        {
          "active": true,
          "defaultValue": false,
          "label": "Add Record Action",
          "validFor": null,
          "value": "QuickAction.CollaborationGroup.NewGroupRecord"
        },
        {
          "active": true,
          "defaultValue": false,
          "label": "All-Day Event",
          "validFor": null,
          "value": "Field.Event.IsAllDayEvent"
        },
        {
          "active": true,
          "defaultValue": false,
          "label": "Allow customers",
          "validFor": null,
          "value": "Field.CollaborationGroup.CanHaveGuests"
        },
        {
          "active": true,
          "defaultValue": false,
          "label": "Amount",
          "validFor": null,
          "value": "Field.Opportunity.Amount"
        },
        {
          "active": true,
          "defaultValue": false,
          "label": "Assigned To",
          "validFor": null,
          "value": "Field.Task.OwnerId"
        },
        {
          "active": true,
          "defaultValue": false,
          "label": "Assigned To",
          "validFor": null,
          "value": "Field.Event.OwnerId"
        },
        {
          "active": true,
          "defaultValue": false,
          "label": "Attachments",
          "validFor": null,
          "value": "Field.OutgoingEmail.AttachmentIds.end"
        },
        {
          "active": true,
          "defaultValue": false,
          "label": "Attachments",
          "validFor": null,
          "value": "Field.OutgoingEmail.ContentDocumentIds.end"
        },
        {
          "active": true,
          "defaultValue": false,
          "label": "BCC",
          "validFor": null,
          "value": "Field.OutgoingEmail.BccAddress"
        },
        {
          "active": true,
          "defaultValue": false,
          "label": "BCC",
          "validFor": null,
          "value": "Field.OutgoingEmail.BccAddress.begin"
        },
        {
          "active": true,
          "defaultValue": false,
          "label": "BCC",
          "validFor": null,
          "value": "Field.OutgoingEmail.BccAddress.end"
        },
        {
          "active": true,
          "defaultValue": false,
          "label": "Body",
          "validFor": null,
          "value": "Field.Note.Body.end"
        },
        {
          "active": true,
          "defaultValue": false,
          "label": "Body",
          "validFor": null,
          "value": "Field.Note.Body.begin"
        },
        {
          "active": true,
          "defaultValue": false,
          "label": "Body",
          "validFor": null,
          "value": "Field.Note.Body.cursor"
        },
        {
          "active": true,
          "defaultValue": false,
          "label": "Body",
          "validFor": null,
          "value": "Field.Note.Body"
        },
        {
          "active": true,
          "defaultValue": false,
          "label": "Case Owner",
          "validFor": null,
          "value": "Field.Case.OwnerId"
        },
        {
          "active": true,
          "defaultValue": false,
          "label": "CC",
          "validFor": null,
          "value": "Field.OutgoingEmail.CcAddress.end"
        },
        {
          "active": true,
          "defaultValue": false,
          "label": "CC",
          "validFor": null,
          "value": "Field.OutgoingEmail.CcAddress.begin"
        },
        {
          "active": true,
          "defaultValue": false,
          "label": "CC",
          "validFor": null,
          "value": "Field.OutgoingEmail.CcAddress"
        },
        {
          "active": true,
          "defaultValue": false,
          "label": "Change Date Action",
          "validFor": null,
          "value": "QuickAction.Task.Defer"
        },
        {
          "active": true,
          "defaultValue": false,
          "label": "Change Date Action",
          "validFor": null,
          "value": "QuickAction.Task.Defer_0"
        },
        {
          "active": true,
          "defaultValue": false,
          "label": "Change Priority Action",
          "validFor": null,
          "value": "QuickAction.Task.UpdatePriority_0"
        },
        {
          "active": true,
          "defaultValue": false,
          "label": "Change Priority Action",
          "validFor": null,
          "value": "QuickAction.Task.UpdatePriority"
        },
        {
          "active": true,
          "defaultValue": false,
          "label": "Change Status Action",
          "validFor": null,
          "value": "QuickAction.Task.UpdateStatus"
        },
        {
          "active": true,
          "defaultValue": false,
          "label": "Change Status Action",
          "validFor": null,
          "value": "QuickAction.Task.UpdateStatus_0"
        },
        {
          "active": true,
          "defaultValue": false,
          "label": "Close Date",
          "validFor": null,
          "value": "Field.Opportunity.CloseDate"
        },
        {
          "active": true,
          "defaultValue": false,
          "label": "Comments",
          "validFor": null,
          "value": "Field.Task.Description.cursor"
        },
        {
          "active": true,
          "defaultValue": false,
          "label": "Comments",
          "validFor": null,
          "value": "Field.Task.Description"
        },
        {
          "active": true,
          "defaultValue": false,
          "label": "Comments",
          "validFor": null,
          "value": "Field.Task.Description.begin"
        },
        {
          "active": true,
          "defaultValue": false,
          "label": "Comments",
          "validFor": null,
          "value": "Field.Task.Description.end"
        },
        {
          "active": true,
          "defaultValue": false,
          "label": "Company",
          "validFor": null,
          "value": "Field.Lead.Company"
        },
        {
          "active": true,
          "defaultValue": false,
          "label": "Company",
          "validFor": null,
          "value": "Field.Lead.Company.begin"
        },
        {
          "active": true,
          "defaultValue": false,
          "label": "Company",
          "validFor": null,
          "value": "Field.Lead.Company.end"
        },
        {
          "active": true,
          "defaultValue": false,
          "label": "Contact Name",
          "validFor": null,
          "value": "Field.Case.ContactId"
        },
        {
          "active": true,
          "defaultValue": false,
          "label": "Create New Task Action",
          "validFor": null,
          "value": "QuickAction.FeedItem.NewTaskFromFeedItem"
        },
        {
          "active": true,
          "defaultValue": false,
          "label": "Description",
          "validFor": null,
          "value": "Field.CollaborationGroup.Description"
        },
        {
          "active": true,
          "defaultValue": false,
          "label": "Description",
          "validFor": null,
          "value": "Field.Case.Description.end"
        },
        {
          "active": true,
          "defaultValue": false,
          "label": "Description",
          "validFor": null,
          "value": "Field.Case.Description.begin"
        },
        {
          "active": true,
          "defaultValue": false,
          "label": "Description",
          "validFor": null,
          "value": "Field.CollaborationGroup.Description.begin"
        },
        {
          "active": true,
          "defaultValue": false,
          "label": "Description",
          "validFor": null,
          "value": "Field.Case.Description.cursor"
        },
        {
          "active": true,
          "defaultValue": false,
          "label": "Description",
          "validFor": null,
          "value": "Field.Case.Description"
        },
        {
          "active": true,
          "defaultValue": false,
          "label": "Description",
          "validFor": null,
          "value": "Field.CollaborationGroup.Description.cursor"
        },
        {
          "active": true,
          "defaultValue": false,
          "label": "Description",
          "validFor": null,
          "value": "Field.CollaborationGroup.Description.end"
        },
        {
          "active": true,
          "defaultValue": false,
          "label": "Due Date",
          "validFor": null,
          "value": "Field.Task.ActivityDate"
        },
        {
          "active": true,
          "defaultValue": false,
          "label": "Edit Comments Action",
          "validFor": null,
          "value": "QuickAction.Task.EditDescription_0"
        },
        {
          "active": true,
          "defaultValue": false,
          "label": "Edit Comments Action",
          "validFor": null,
          "value": "QuickAction.Task.EditDescription"
        },
        {
          "active": true,
          "defaultValue": false,
          "label": "Email",
          "validFor": null,
          "value": "Field.Lead.Email"
        },
        {
          "active": true,
          "defaultValue": false,
          "label": "Email",
          "validFor": null,
          "value": "Field.Contact.Email"
        },
        {
          "active": true,
          "defaultValue": false,
          "label": "Email Action",
          "validFor": null,
          "value": "QuickAction.SendEmail_old"
        },
        {
          "active": true,
          "defaultValue": false,
          "label": "Email Template",
          "validFor": null,
          "value": "Field.OutgoingEmail.EmailTemplateId"
        },
        {
          "active": true,
          "defaultValue": false,
          "label": "End",
          "validFor": null,
          "value": "Field.Event.EndDateTime"
        },
        {
          "active": true,
          "defaultValue": false,
          "label": "First Name",
          "validFor": null,
          "value": "Field.Contact.FirstName.end"
        },
        {
          "active": true,
          "defaultValue": false,
          "label": "First Name",
          "validFor": null,
          "value": "Field.Contact.FirstName.begin"
        },
        {
          "active": true,
          "defaultValue": false,
          "label": "First Name",
          "validFor": null,
          "value": "Field.Lead.FirstName"
        },
        {
          "active": true,
          "defaultValue": false,
          "label": "First Name",
          "validFor": null,
          "value": "Field.Contact.FirstName"
        },
        {
          "active": true,
          "defaultValue": false,
          "label": "First Name",
          "validFor": null,
          "value": "Field.Lead.FirstName.begin"
        },
        {
          "active": true,
          "defaultValue": false,
          "label": "First Name",
          "validFor": null,
          "value": "Field.Lead.FirstName.end"
        },
        {
          "active": true,
          "defaultValue": false,
          "label": "From",
          "validFor": null,
          "value": "Field.OutgoingEmail.ValidatedFromAddress"
        },
        {
          "active": true,
          "defaultValue": false,
          "label": "Group",
          "validFor": null,
          "value": "Field.CollaborationGroupRecord.CollaborationGroupId"
        },
        {
          "active": true,
          "defaultValue": false,
          "label": "Group",
          "validFor": null,
          "value": "Field.CollaborationGroupMember.CollaborationGroupId"
        },
        {
          "active": true,
          "defaultValue": false,
          "label": "Group Member Role",
          "validFor": null,
          "value": "Field.CollaborationGroupMember.CollaborationRole"
        },
        {
          "active": true,
          "defaultValue": false,
          "label": "HTML Body",
          "validFor": null,
          "value": "Field.OutgoingEmail.HtmlBody.begin"
        },
        {
          "active": true,
          "defaultValue": false,
          "label": "HTML Body",
          "validFor": null,
          "value": "Field.OutgoingEmail.HtmlBody.end"
        },
        {
          "active": true,
          "defaultValue": false,
          "label": "HTML Body",
          "validFor": null,
          "value": "Field.OutgoingEmail.HtmlBody"
        },
        {
          "active": true,
          "defaultValue": false,
          "label": "HTML Body",
          "validFor": null,
          "value": "Field.OutgoingEmail.HtmlBody.cursor"
        },
        {
          "active": true,
          "defaultValue": false,
          "label": "Last Name",
          "validFor": null,
          "value": "Field.Contact.LastName.begin"
        },
        {
          "active": true,
          "defaultValue": false,
          "label": "Last Name",
          "validFor": null,
          "value": "Field.Contact.LastName.end"
        },
        {
          "active": true,
          "defaultValue": false,
          "label": "Last Name",
          "validFor": null,
          "value": "Field.Lead.LastName.end"
        },
        {
          "active": true,
          "defaultValue": false,
          "label": "Last Name",
          "validFor": null,
          "value": "Field.Lead.LastName"
        },
        {
          "active": true,
          "defaultValue": false,
          "label": "Last Name",
          "validFor": null,
          "value": "Field.Contact.LastName"
        },
        {
          "active": true,
          "defaultValue": false,
          "label": "Last Name",
          "validFor": null,
          "value": "Field.Lead.LastName.begin"
        },
        {
          "active": true,
          "defaultValue": false,
          "label": "Location",
          "validFor": null,
          "value": "Field.Event.Location"
        },
        {
          "active": true,
          "defaultValue": false,
          "label": "Location",
          "validFor": null,
          "value": "Field.Event.Location.begin"
        },
        {
          "active": true,
          "defaultValue": false,
          "label": "Location",
          "validFor": null,
          "value": "Field.Event.Location.end"
        },
        {
          "active": true,
          "defaultValue": false,
          "label": "Log a Call Action",
          "validFor": null,
          "value": "QuickAction.LogACall_old"
        },
        {
          "active": true,
          "defaultValue": false,
          "label": "Log a Call Action",
          "validFor": null,
          "value": "QuickAction.Case.LogACall"
        },
        {
          "active": true,
          "defaultValue": false,
          "label": "Member",
          "validFor": null,
          "value": "Field.CollaborationGroupMember.MemberId"
        },
        {
          "active": true,
          "defaultValue": false,
          "label": "Messaging Consent Status",
          "validFor": null,
          "value": "Field.MessagingEndUser.MessagingConsentStatus"
        },
        {
          "active": true,
          "defaultValue": false,
          "label": "Messaging User Name",
          "validFor": null,
          "value": "Field.MessagingEndUser.Name.end"
        },
        {
          "active": true,
          "defaultValue": false,
          "label": "Messaging User Name",
          "validFor": null,
          "value": "Field.MessagingEndUser.Name"
        },
        {
          "active": true,
          "defaultValue": false,
          "label": "Messaging User Name",
          "validFor": null,
          "value": "Field.MessagingEndUser.Name.begin"
        },
        {
          "active": true,
          "defaultValue": false,
          "label": "Modify Service Appointment Action",
          "validFor": null,
          "value": "QuickAction.ServiceAppointment.runtime_appointmentbooking__Out_Modify"
        },
        {
          "active": true,
          "defaultValue": false,
          "label": "Name",
          "validFor": null,
          "value": "Field.CollaborationGroup.Name.end"
        },
        {
          "active": true,
          "defaultValue": false,
          "label": "Name",
          "validFor": null,
          "value": "Field.Task.WhoId"
        },
        {
          "active": true,
          "defaultValue": false,
          "label": "Name",
          "validFor": null,
          "value": "Field.CollaborationGroup.Name.begin"
        },
        {
          "active": true,
          "defaultValue": false,
          "label": "Name",
          "validFor": null,
          "value": "Field.Event.WhoId"
        },
        {
          "active": true,
          "defaultValue": false,
          "label": "Name",
          "validFor": null,
          "value": "Field.Contact.AccountId"
        },
        {
          "active": true,
          "defaultValue": false,
          "label": "Name",
          "validFor": null,
          "value": "Field.Opportunity.AccountId"
        },
        {
          "active": true,
          "defaultValue": false,
          "label": "Name",
          "validFor": null,
          "value": "Field.CollaborationGroup.Name"
        },
        {
          "active": true,
          "defaultValue": false,
          "label": "New Case Action",
          "validFor": null,
          "value": "QuickAction.NewCase_old"
        },
        {
          "active": true,
          "defaultValue": false,
          "label": "New Child Case Action",
          "validFor": null,
          "value": "QuickAction.Case.NewChildCase"
        },
        {
          "active": true,
          "defaultValue": false,
          "label": "New Contact Action",
          "validFor": null,
          "value": "QuickAction.NewContact_old"
        },
        {
          "active": true,
          "defaultValue": false,
          "label": "New Event Action",
          "validFor": null,
          "value": "QuickAction.NewEvent_old"
        },
        {
          "active": true,
          "defaultValue": false,
          "label": "New Group Action",
          "validFor": null,
          "value": "QuickAction.NewGroup"
        },
        {
          "active": true,
          "defaultValue": false,
          "label": "New Lead Action",
          "validFor": null,
          "value": "QuickAction.NewLead"
        },
        {
          "active": true,
          "defaultValue": false,
          "label": "New Note Action",
          "validFor": null,
          "value": "QuickAction.NewNote_old"
        },
        {
          "active": true,
          "defaultValue": false,
          "label": "New Opportunity Action",
          "validFor": null,
          "value": "QuickAction.NewOpportunity_old"
        },
        {
          "active": true,
          "defaultValue": false,
          "label": "New Task Action",
          "validFor": null,
          "value": "QuickAction.NewTask_old"
        },
        {
          "active": true,
          "defaultValue": false,
          "label": "Next Step",
          "validFor": null,
          "value": "Field.Opportunity.NextStep"
        },
        {
          "active": true,
          "defaultValue": false,
          "label": "Next Step",
          "validFor": null,
          "value": "Field.Opportunity.NextStep.begin"
        },
        {
          "active": true,
          "defaultValue": false,
          "label": "Next Step",
          "validFor": null,
          "value": "Field.Opportunity.NextStep.end"
        },
        {
          "active": true,
          "defaultValue": false,
          "label": "Opportunity Name",
          "validFor": null,
          "value": "Field.Opportunity.Name.begin"
        },
        {
          "active": true,
          "defaultValue": false,
          "label": "Opportunity Name",
          "validFor": null,
          "value": "Field.Opportunity.Name"
        },
        {
          "active": true,
          "defaultValue": false,
          "label": "Opportunity Name",
          "validFor": null,
          "value": "Field.Opportunity.Name.end"
        },
        {
          "active": true,
          "defaultValue": false,
          "label": "Parent Case",
          "validFor": null,
          "value": "Field.Case.ParentId"
        },
        {
          "active": true,
          "defaultValue": false,
          "label": "Phone",
          "validFor": null,
          "value": "Field.Contact.Phone"
        },
        {
          "active": true,
          "defaultValue": false,
          "label": "Phone",
          "validFor": null,
          "value": "Field.Lead.Phone"
        },
        {
          "active": true,
          "defaultValue": false,
          "label": "Priority",
          "validFor": null,
          "value": "Field.Task.Priority"
        },
        {
          "active": true,
          "defaultValue": false,
          "label": "Priority",
          "validFor": null,
          "value": "Field.Case.Priority"
        },
        {
          "active": true,
          "defaultValue": false,
          "label": "Private",
          "validFor": null,
          "value": "Field.Note.IsPrivate"
        },
        {
          "active": true,
          "defaultValue": false,
          "label": "Record",
          "validFor": null,
          "value": "Field.CollaborationGroupRecord.RecordId"
        },
        {
          "active": true,
          "defaultValue": false,
          "label": "Related To",
          "validFor": null,
          "value": "Field.Event.WhatId"
        },
        {
          "active": true,
          "defaultValue": false,
          "label": "Related To",
          "validFor": null,
          "value": "Field.OutgoingEmail.RelatedToId"
        },
        {
          "active": true,
          "defaultValue": false,
          "label": "Related To",
          "validFor": null,
          "value": "Field.Task.WhatId"
        },
        {
          "active": true,
          "defaultValue": false,
          "label": "Salutation",
          "validFor": null,
          "value": "Field.Lead.Salutation"
        },
        {
          "active": true,
          "defaultValue": false,
          "label": "Salutation",
          "validFor": null,
          "value": "Field.Contact.Salutation"
        },
        {
          "active": true,
          "defaultValue": false,
          "label": "Schedule Appointment Action",
          "validFor": null,
          "value": "QuickAction.Opportunity.runtime_appointmentbooking__Flow"
        },
        {
          "active": true,
          "defaultValue": false,
          "label": "Schedule Appointment Action",
          "validFor": null,
          "value": "QuickAction.Account.runtime_appointmentbooking__Flow"
        },
        {
          "active": true,
          "defaultValue": false,
          "label": "Schedule Appointment Action",
          "validFor": null,
          "value": "QuickAction.Lead.runtime_appointmentbooking__Flow"
        },
        {
          "active": true,
          "defaultValue": false,
          "label": "Stage",
          "validFor": null,
          "value": "Field.Opportunity.StageName"
        },
        {
          "active": true,
          "defaultValue": false,
          "label": "Start",
          "validFor": null,
          "value": "Field.Event.StartDateTime"
        },
        {
          "active": true,
          "defaultValue": false,
          "label": "Status",
          "validFor": null,
          "value": "Field.Case.Status"
        },
        {
          "active": true,
          "defaultValue": false,
          "label": "Status",
          "validFor": null,
          "value": "Field.Task.Status"
        },
        {
          "active": true,
          "defaultValue": false,
          "label": "Subject",
          "validFor": null,
          "value": "Field.OutgoingEmail.Subject"
        },
        {
          "active": true,
          "defaultValue": false,
          "label": "Subject",
          "validFor": null,
          "value": "Field.OutgoingEmail.Subject.begin"
        },
        {
          "active": true,
          "defaultValue": false,
          "label": "Subject",
          "validFor": null,
          "value": "Field.Case.Subject"
        },
        {
          "active": true,
          "defaultValue": false,
          "label": "Subject",
          "validFor": null,
          "value": "Field.Case.Subject.begin"
        },
        {
          "active": true,
          "defaultValue": false,
          "label": "Subject",
          "validFor": null,
          "value": "Field.Event.Subject"
        },
        {
          "active": true,
          "defaultValue": false,
          "label": "Subject",
          "validFor": null,
          "value": "Field.Case.Subject.end"
        },
        {
          "active": true,
          "defaultValue": false,
          "label": "Subject",
          "validFor": null,
          "value": "Field.OutgoingEmail.Subject.end"
        },
        {
          "active": true,
          "defaultValue": false,
          "label": "Subject",
          "validFor": null,
          "value": "Field.Task.Subject"
        },
        {
          "active": true,
          "defaultValue": false,
          "label": "Title",
          "validFor": null,
          "value": "Field.Contact.Title.end"
        },
        {
          "active": true,
          "defaultValue": false,
          "label": "Title",
          "validFor": null,
          "value": "Field.Lead.Title.begin"
        },
        {
          "active": true,
          "defaultValue": false,
          "label": "Title",
          "validFor": null,
          "value": "Field.Note.Title.begin"
        },
        {
          "active": true,
          "defaultValue": false,
          "label": "Title",
          "validFor": null,
          "value": "Field.Contact.Title"
        },
        {
          "active": true,
          "defaultValue": false,
          "label": "Title",
          "validFor": null,
          "value": "Field.Lead.Title.end"
        },
        {
          "active": true,
          "defaultValue": false,
          "label": "Title",
          "validFor": null,
          "value": "Field.Lead.Title"
        },
        {
          "active": true,
          "defaultValue": false,
          "label": "Title",
          "validFor": null,
          "value": "Field.Note.Title"
        },
        {
          "active": true,
          "defaultValue": false,
          "label": "Title",
          "validFor": null,
          "value": "Field.Contact.Title.begin"
        },
        {
          "active": true,
          "defaultValue": false,
          "label": "Title",
          "validFor": null,
          "value": "Field.Note.Title.end"
        },
        {
          "active": true,
          "defaultValue": false,
          "label": "To",
          "validFor": null,
          "value": "Field.OutgoingEmail.ToAddress.end"
        },
        {
          "active": true,
          "defaultValue": false,
          "label": "To",
          "validFor": null,
          "value": "Field.OutgoingEmail.ToAddress.begin"
        },
        {
          "active": true,
          "defaultValue": false,
          "label": "To",
          "validFor": null,
          "value": "Field.OutgoingEmail.ToAddress"
        },
        {
          "active": true,
          "defaultValue": false,
          "label": "Update Case Action",
          "validFor": null,
          "value": "QuickAction.Case._LightningUpdateCase"
        },
        {
          "active": true,
          "defaultValue": false,
          "label": "Update Contact Action",
          "validFor": null,
          "value": "QuickAction.Contact._LightningRelatedContact"
        },
        {
          "active": true,
          "defaultValue": false,
          "label": "Update Messaging User Action",
          "validFor": null,
          "value": "QuickAction.MessagingEndUser._UpdateMessagingEndUser"
        }
      ],
      "referenceTo": [],
      "relationshipName": null,
      "sortable": true,
      "type": "picklist"
    },
    {
      "aggregatable": false,
      "custom": false,
      "defaultValue": null,
      "extraTypeInfo": "plaintextarea",
      "filterable": true,
      "groupable": false,
      "inlineHelpText": null,
      "label": "Value",
      "name": "Value",
      "nillable": true,
      "picklistValues": [],
      "referenceTo": [],
      "relationshipName": null,
      "sortable": true,
      "type": "textarea"
    },
    {
      "aggregatable": true,
      "custom": false,
      "defaultValue": null,
      "extraTypeInfo": null,
      "filterable": true,
      "groupable": true,
      "inlineHelpText": null,
      "label": "Value Record ID",
      "name": "ValueRecord",
      "nillable": true,
      "picklistValues": [],
      "referenceTo": [],
      "relationshipName": null,
      "sortable": true,
      "type": "string"
    },
    {
      "aggregatable": true,
      "custom": false,
      "defaultValue": null,
      "extraTypeInfo": null,
      "filterable": true,
      "groupable": true,
      "inlineHelpText": null,
      "label": "Sort Order",
      "name": "SortOrder",
      "nillable": false,
      "picklistValues": [],
      "referenceTo": [],
      "relationshipName": null,
      "sortable": true,
      "type": "int"
    }
  ],
  "label": "Macro Instruction",
  "childRelationships": [
    {
      "cascadeDelete": true,
      "childSObject": "ExpressionFilter",
      "deprecatedAndHidden": false,
      "field": "ContextId",
      "junctionIdListNames": [],
      "junctionReferenceTo": [],
      "relationshipName": null,
      "restrictedDelete": false
    },
    {
      "cascadeDelete": false,
      "childSObject": "FlowRecordRelation",
      "deprecatedAndHidden": false,
      "field": "RelatedRecordId",
      "junctionIdListNames": [],
      "junctionReferenceTo": [],
      "relationshipName": null,
      "restrictedDelete": false
    }
  ],
  "custom": false,
  "name": "MacroInstruction",
  "queryable": true
}