{
  "fields": [
    {
      "aggregatable": true,
      "custom": false,
      "defaultValue": null,
      "extraTypeInfo": null,
      "filterable": true,
      "groupable": true,
      "inlineHelpText": null,
      "label": "Named Credential ID",
      "name": "Id",
      "nillable": false,
      "picklistValues": [],
      "referenceTo": [],
      "relationshipName": null,
      "sortable": true,
      "type": "id"
    },
    {
      "aggregatable": false,
      "custom": false,
      "defaultValue": false,
      "extraTypeInfo": null,
      "filterable": true,
      "groupable": true,
      "inlineHelpText": null,
      "label": "Deleted",
      "name": "IsDeleted",
      "nillable": false,
      "picklistValues": [],
      "referenceTo": [],
      "relationshipName": null,
      "sortable": true,
      "type": "boolean"
    },
    {
      "aggregatable": true,
      "custom": false,
      "defaultValue": null,
      "extraTypeInfo": null,
      "filterable": true,
      "groupable": true,
      "inlineHelpText": null,
      "label": "Name",
      "name": "DeveloperName",
      "nillable": false,
      "picklistValues": [],
      "referenceTo": [],
      "relationshipName": null,
      "sortable": true,
      "type": "string"
    },
    {
      "aggregatable": true,
      "custom": false,
      "defaultValue": null,
      "extraTypeInfo": null,
      "filterable": true,
      "groupable": true,
      "inlineHelpText": null,
      "label": "Master Language",
      "name": "Language",
      "nillable": false,
      "picklistValues": [
        {
          "active": true,
          "defaultValue": false,
          "label": "English",
          "validFor": null,
          "value": "en_US"
        },
        {
          "active": true,
          "defaultValue": false,
          "label": "German",
          "validFor": null,
          "value": "de"
        },
        {
          "active": true,
          "defaultValue": false,
          "label": "Spanish",
          "validFor": null,
          "value": "es"
        },
        {
          "active": true,
          "defaultValue": false,
          "label": "French",
          "validFor": null,
          "value": "fr"
        },
        {
          "active": true,
          "defaultValue": false,
          "label": "Italian",
          "validFor": null,
          "value": "it"
        },
        {
          "active": true,
          "defaultValue": false,
          "label": "Japanese",
          "validFor": null,
          "value": "ja"
        },
        {
          "active": true,
          "defaultValue": false,
          "label": "Swedish",
          "validFor": null,
          "value": "sv"
        },
        {
          "active": true,
          "defaultValue": false,
          "label": "Korean",
          "validFor": null,
          "value": "ko"
        },
        {
          "active": true,
          "defaultValue": false,
          "label": "Chinese (Traditional)",
          "validFor": null,
          "value": "zh_TW"
        },
        {
          "active": true,
          "defaultValue": false,
          "label": "Chinese (Simplified)",
          "validFor": null,
          "value": "zh_CN"
        },
        {
          "active": true,
          "defaultValue": false,
          "label": "Portuguese (Brazil)",
          "validFor": null,
          "value": "pt_BR"
        },
        {
          "active": true,
          "defaultValue": false,
          "label": "Dutch",
          "validFor": null,
          "value": "nl_NL"
        },
        {
          "active": true,
          "defaultValue": false,
          "label": "Danish",
          "validFor": null,
          "value": "da"
        },
        {
          "active": true,
          "defaultValue": false,
          "label": "Thai",
          "validFor": null,
          "value": "th"
        },
        {
          "active": true,
          "defaultValue": false,
          "label": "Finnish",
          "validFor": null,
          "value": "fi"
        },
        {
          "active": true,
          "defaultValue": false,
          "label": "Russian",
          "validFor": null,
          "value": "ru"
        },
        {
          "active": true,
          "defaultValue": false,
          "label": "Spanish (Mexico)",
          "validFor": null,
          "value": "es_MX"
        },
        {
          "active": true,
          "defaultValue": false,
          "label": "Norwegian",
          "validFor": null,
          "value": "no"
        }
      ],
      "referenceTo": [],
      "relationshipName": null,
      "sortable": true,
      "type": "picklist"
    },
    {
      "aggregatable": true,
      "custom": false,
      "defaultValue": null,
      "extraTypeInfo": null,
      "filterable": true,
      "groupable": true,
      "inlineHelpText": null,
      "label": "Label",
      "name": "MasterLabel",
      "nillable": false,
      "picklistValues": [],
      "referenceTo": [],
      "relationshipName": null,
      "sortable": true,
      "type": "string"
    },
    {
      "aggregatable": true,
      "custom": false,
      "defaultValue": null,
      "extraTypeInfo": null,
      "filterable": true,
      "groupable": true,
      "inlineHelpText": null,
      "label": "Namespace Prefix",
      "name": "NamespacePrefix",
      "nillable": true,
      "picklistValues": [],
      "referenceTo": [],
      "relationshipName": null,
      "sortable": true,
      "type": "string"
    },
    {
      "aggregatable": true,
      "custom": false,
      "defaultValue": null,
      "extraTypeInfo": null,
      "filterable": true,
      "groupable": false,
      "inlineHelpText": null,
      "label": "Created Date",
      "name": "CreatedDate",
      "nillable": false,
      "picklistValues": [],
      "referenceTo": [],
      "relationshipName": null,
      "sortable": true,
      "type": "datetime"
    },
    {
      "aggregatable": true,
      "custom": false,
      "defaultValue": null,
      "extraTypeInfo": null,
      "filterable": true,
      "groupable": true,
      "inlineHelpText": null,
      "label": "Created By ID",
      "name": "CreatedById",
      "nillable": false,
      "picklistValues": [],
      "referenceTo": [
        "User"
      ],
      "relationshipName": "CreatedBy",
      "sortable": true,
      "type": "reference"
    },
    {
      "aggregatable": true,
      "custom": false,
      "defaultValue": null,
      "extraTypeInfo": null,
      "filterable": true,
      "groupable": false,
      "inlineHelpText": null,
      "label": "Last Modified Date",
      "name": "LastModifiedDate",
      "nillable": false,
      "picklistValues": [],
      "referenceTo": [],
      "relationshipName": null,
      "sortable": true,
      "type": "datetime"
    },
    {
      "aggregatable": true,
      "custom": false,
      "defaultValue": null,
      "extraTypeInfo": null,
      "filterable": true,
      "groupable": true,
      "inlineHelpText": null,
      "label": "Last Modified By ID",
      "name": "LastModifiedById",
      "nillable": false,
      "picklistValues": [],
      "referenceTo": [
        "User"
      ],
      "relationshipName": "LastModifiedBy",
      "sortable": true,
      "type": "reference"
    },
    {
      "aggregatable": true,
      "custom": false,
      "defaultValue": null,
      "extraTypeInfo": null,
      "filterable": true,
      "groupable": false,
      "inlineHelpText": null,
      "label": "System Modstamp",
      "name": "SystemModstamp",
      "nillable": false,
      "picklistValues": [],
      "referenceTo": [],
      "relationshipName": null,
      "sortable": true,
      "type": "datetime"
    },
    {
      "aggregatable": false,
      "custom": false,
      "defaultValue": null,
      "extraTypeInfo": "plaintextarea",
      "filterable": false,
      "groupable": false,
      "inlineHelpText": "The URL for connecting to the external system.",
      "label": "URL",
      "name": "Endpoint",
      "nillable": true,
      "picklistValues": [],
      "referenceTo": [],
      "relationshipName": null,
      "sortable": false,
      "type": "textarea"
    },
    {
      "aggregatable": true,
      "custom": false,
      "defaultValue": null,
      "extraTypeInfo": null,
      "filterable": true,
      "groupable": true,
      "inlineHelpText": "Used to track users accessing the external server. Anonymous implies a user identity is not specified for external server access. Named Principal uses one user identity for all users to access the external server.",
      "label": "Identity Type",
      "name": "PrincipalType",
      "nillable": false,
      "picklistValues": [
        {
          "active": true,
          "defaultValue": false,
          "label": "Anonymous",
          "validFor": null,
          "value": "Anonymous"
        },
        {
          "active": true,
          "defaultValue": false,
          "label": "Per User",
          "validFor": null,
          "value": "PerUser"
        },
        {
          "active": true,
          "defaultValue": false,
          "label": "Named Principal",
          "validFor": null,
          "value": "NamedUser"
        }
      ],
      "referenceTo": [],
      "relationshipName": null,
      "sortable": true,
      "type": "picklist"
    },
    {
      "aggregatable": false,
      "custom": false,
      "defaultValue": null,
      "extraTypeInfo": null,
      "filterable": true,
      "groupable": false,
      "inlineHelpText": null,
      "label": "GenerateAuthorizationHeader",
      "name": "CalloutOptionsGenerateAuthorizationHeader",
      "nillable": false,
      "picklistValues": [],
      "referenceTo": [],
      "relationshipName": null,
      "sortable": false,
      "type": "boolean"
    },
    {
      "aggregatable": false,
      "custom": false,
      "defaultValue": null,
      "extraTypeInfo": null,
      "filterable": true,
      "groupable": false,
      "inlineHelpText": null,
      "label": "AllowMergeFieldsInHeader",
      "name": "CalloutOptionsAllowMergeFieldsInHeader",
      "nillable": false,
      "picklistValues": [],
      "referenceTo": [],
      "relationshipName": null,
      "sortable": false,
      "type": "boolean"
    },
    {
      "aggregatable": false,
      "custom": false,
      "defaultValue": null,
      "extraTypeInfo": null,
      "filterable": true,
      "groupable": false,
      "inlineHelpText": null,
      "label": "AllowMergeFieldsInBody",
      "name": "CalloutOptionsAllowMergeFieldsInBody",
      "nillable": false,
      "picklistValues": [],
      "referenceTo": [],
      "relationshipName": null,
      "sortable": false,
      "type": "boolean"
    },
    {
      "aggregatable": true,
      "custom": false,
      "defaultValue": null,
      "extraTypeInfo": null,
      "filterable": true,
      "groupable": true,
      "inlineHelpText": "This Salesforce or third-party service provides the login process and approves access to the external system.",
      "label": "Auth. Provider ID",
      "name": "AuthProviderId",
      "nillable": true,
      "picklistValues": [],
      "referenceTo": [
        "AuthProvider"
      ],
      "relationshipName": "AuthProvider",
      "sortable": true,
      "type": "reference"
    },
    {
      "aggregatable": true,
      "custom": false,
      "defaultValue": null,
      "extraTypeInfo": null,
      "filterable": true,
      "groupable": true,
      "inlineHelpText": null,
      "label": "JWT Issuer",
      "name": "JwtIssuer",
      "nillable": true,
      "picklistValues": [],
      "referenceTo": [],
      "relationshipName": null,
      "sortable": true,
      "type": "string"
    },
    {
      "aggregatable": true,
      "custom": false,
      "defaultValue": null,
      "extraTypeInfo": null,
      "filterable": true,
      "groupable": true,
      "inlineHelpText": null,
      "label": "JWT Formula Subject",
      "name": "JwtFormulaSubject",
      "nillable": true,
      "picklistValues": [],
      "referenceTo": [],
      "relationshipName": null,
      "sortable": true,
      "type": "string"
    },
    {
      "aggregatable": true,
      "custom": false,
      "defaultValue": null,
      "extraTypeInfo": null,
      "filterable": true,
      "groupable": true,
      "inlineHelpText": null,
      "label": "JWT Text Subject",
      "name": "JwtTextSubject",
      "nillable": true,
      "picklistValues": [],
      "referenceTo": [],
      "relationshipName": null,
      "sortable": true,
      "type": "string"
    },
    {
      "aggregatable": true,
      "custom": false,
      "defaultValue": null,
      "extraTypeInfo": null,
      "filterable": true,
      "groupable": true,
      "inlineHelpText": null,
      "label": "JWT Validity Period in Seconds",
      "name": "JwtValidityPeriodSeconds",
      "nillable": true,
      "picklistValues": [],
      "referenceTo": [],
      "relationshipName": null,
      "sortable": true,
      "type": "int"
    },
    {
      "aggregatable": false,
      "custom": false,
      "defaultValue": null,
      "extraTypeInfo": "plaintextarea",
      "filterable": false,
      "groupable": false,
      "inlineHelpText": null,
      "label": "JWT Audience(s)",
      "name": "JwtAudience",
      "nillable": true,
      "picklistValues": [],
      "referenceTo": [],
      "relationshipName": null,
      "sortable": false,
      "type": "textarea"
    },
    {
      "aggregatable": false,
      "custom": false,
      "defaultValue": null,
      "extraTypeInfo": "plaintextarea",
      "filterable": false,
      "groupable": false,
      "inlineHelpText": null,
      "label": "Auth Token Endpoint URL",
      "name": "AuthTokenEndpointUrl",
      "nillable": true,
      "picklistValues": [],
      "referenceTo": [],
      "relationshipName": null,
      "sortable": false,
      "type": "textarea"
    }
  ],
  "label": "Named Credential",
  "childRelationships": [
    {
      "cascadeDelete": true,
      "childSObject": "CustomHttpHeader",
      "deprecatedAndHidden": false,
      "field": "ParentId",
      "junctionIdListNames": [],
      "junctionReferenceTo": [],
      "relationshipName": "CustomHttpHeaders",
      "restrictedDelete": false
    },
    {
      "cascadeDelete": true,
      "childSObject": "ExternalDataUserAuth",
      "deprecatedAndHidden": false,
      "field": "ExternalDataSourceId",
      "junctionIdListNames": [],
      "junctionReferenceTo": [],
      "relationshipName": "UserAuths",
      "restrictedDelete": false
    },
    {
      "cascadeDelete": true,
      "childSObject": "SetupEntityAccess",
      "deprecatedAndHidden": false,
      "field": "SetupEntityId",
      "junctionIdListNames": [],
      "junctionReferenceTo": [],
      "relationshipName": "SetupEntityAccessItems",
      "restrictedDelete": false
    },
    {
      "cascadeDelete": false,
      "childSObject": "UserProvisioningConfig",
      "deprecatedAndHidden": false,
      "field": "NamedCredentialId",
      "junctionIdListNames": [],
      "junctionReferenceTo": [],
      "relationshipName": null,
      "restrictedDelete": true
    }
  ],
  "custom": false,
  "name": "NamedCredential",
  "queryable": true
}