{
  "fields": [
    {
      "aggregatable": true,
      "custom": false,
      "defaultValue": null,
      "extraTypeInfo": null,
      "filterable": true,
      "groupable": true,
      "inlineHelpText": null,
      "label": "Opportunity Partner ID",
      "name": "Id",
      "nillable": false,
      "picklistValues": [],
      "referenceTo": [],
      "relationshipName": null,
      "sortable": true,
      "type": "id"
    },
    {
      "aggregatable": true,
      "custom": false,
      "defaultValue": null,
      "extraTypeInfo": null,
      "filterable": true,
      "groupable": true,
      "inlineHelpText": null,
      "label": "Opportunity ID",
      "name": "OpportunityId",
      "nillable": false,
      "picklistValues": [],
      "referenceTo": [
        "Opportunity"
      ],
      "relationshipName": "Opportunity",
      "sortable": true,
      "type": "reference"
    },
    {
      "aggregatable": true,
      "custom": false,
      "defaultValue": null,
      "extraTypeInfo": null,
      "filterable": true,
      "groupable": true,
      "inlineHelpText": null,
      "label": "Account ID",
      "name": "AccountToId",
      "nillable": false,
      "picklistValues": [],
      "referenceTo": [
        "Account"
      ],
      "relationshipName": "AccountTo",
      "sortable": true,
      "type": "reference"
    },
    {
      "aggregatable": true,
      "custom": false,
      "defaultValue": null,
      "extraTypeInfo": null,
      "filterable": true,
      "groupable": true,
      "inlineHelpText": null,
      "label": "Role",
      "name": "Role",
      "nillable": true,
      "picklistValues": [
        {
          "active": true,
          "defaultValue": false,
          "label": "System Integrator",
          "validFor": null,
          "value": "System Integrator"
        },
        {
          "active": true,
          "defaultValue": false,
          "label": "Agency",
          "validFor": null,
          "value": "Agency"
        },
        {
          "active": true,
          "defaultValue": false,
          "label": "Advertiser",
          "validFor": null,
          "value": "Advertiser"
        },
        {
          "active": true,
          "defaultValue": false,
          "label": "VAR/Reseller",
          "validFor": null,
          "value": "VAR/Reseller"
        },
        {
          "active": true,
          "defaultValue": false,
          "label": "Distributor",
          "validFor": null,
          "value": "Distributor"
        },
        {
          "active": true,
          "defaultValue": false,
          "label": "Developer",
          "validFor": null,
          "value": "Developer"
        },
        {
          "active": true,
          "defaultValue": false,
          "label": "Broker",
          "validFor": null,
          "value": "Broker"
        },
        {
          "active": true,
          "defaultValue": false,
          "label": "Lender",
          "validFor": null,
          "value": "Lender"
        },
        {
          "active": true,
          "defaultValue": false,
          "label": "Supplier",
          "validFor": null,
          "value": "Supplier"
        },
        {
          "active": true,
          "defaultValue": false,
          "label": "Institution",
          "validFor": null,
          "value": "Institution"
        },
        {
          "active": true,
          "defaultValue": false,
          "label": "Contractor",
          "validFor": null,
          "value": "Contractor"
        },
        {
          "active": true,
          "defaultValue": false,
          "label": "Dealer",
          "validFor": null,
          "value": "Dealer"
        },
        {
          "active": true,
          "defaultValue": false,
          "label": "Consultant",
          "validFor": null,
          "value": "Consultant"
        }
      ],
      "referenceTo": [],
      "relationshipName": null,
      "sortable": true,
      "type": "picklist"
    },
    {
      "aggregatable": false,
      "custom": false,
      "defaultValue": false,
      "extraTypeInfo": null,
      "filterable": true,
      "groupable": true,
      "inlineHelpText": null,
      "label": "Primary",
      "name": "IsPrimary",
      "nillable": false,
      "picklistValues": [],
      "referenceTo": [],
      "relationshipName": null,
      "sortable": true,
      "type": "boolean"
    },
    {
      "aggregatable": true,
      "custom": false,
      "defaultValue": null,
      "extraTypeInfo": null,
      "filterable": true,
      "groupable": false,
      "inlineHelpText": null,
      "label": "Created Date",
      "name": "CreatedDate",
      "nillable": false,
      "picklistValues": [],
      "referenceTo": [],
      "relationshipName": null,
      "sortable": true,
      "type": "datetime"
    },
    {
      "aggregatable": true,
      "custom": false,
      "defaultValue": null,
      "extraTypeInfo": null,
      "filterable": true,
      "groupable": true,
      "inlineHelpText": null,
      "label": "Created By ID",
      "name": "CreatedById",
      "nillable": false,
      "picklistValues": [],
      "referenceTo": [
        "User"
      ],
      "relationshipName": "CreatedBy",
      "sortable": true,
      "type": "reference"
    },
    {
      "aggregatable": true,
      "custom": false,
      "defaultValue": null,
      "extraTypeInfo": null,
      "filterable": true,
      "groupable": false,
      "inlineHelpText": null,
      "label": "Last Modified Date",
      "name": "LastModifiedDate",
      "nillable": false,
      "picklistValues": [],
      "referenceTo": [],
      "relationshipName": null,
      "sortable": true,
      "type": "datetime"
    },
    {
      "aggregatable": true,
      "custom": false,
      "defaultValue": null,
      "extraTypeInfo": null,
      "filterable": true,
      "groupable": true,
      "inlineHelpText": null,
      "label": "Last Modified By ID",
      "name": "LastModifiedById",
      "nillable": false,
      "picklistValues": [],
      "referenceTo": [
        "User"
      ],
      "relationshipName": "LastModifiedBy",
      "sortable": true,
      "type": "reference"
    },
    {
      "aggregatable": true,
      "custom": false,
      "defaultValue": null,
      "extraTypeInfo": null,
      "filterable": true,
      "groupable": false,
      "inlineHelpText": null,
      "label": "System Modstamp",
      "name": "SystemModstamp",
      "nillable": false,
      "picklistValues": [],
      "referenceTo": [],
      "relationshipName": null,
      "sortable": true,
      "type": "datetime"
    },
    {
      "aggregatable": false,
      "custom": false,
      "defaultValue": false,
      "extraTypeInfo": null,
      "filterable": true,
      "groupable": true,
      "inlineHelpText": null,
      "label": "Deleted",
      "name": "IsDeleted",
      "nillable": false,
      "picklistValues": [],
      "referenceTo": [],
      "relationshipName": null,
      "sortable": true,
      "type": "boolean"
    },
    {
      "aggregatable": true,
      "custom": false,
      "defaultValue": null,
      "extraTypeInfo": null,
      "filterable": true,
      "groupable": true,
      "inlineHelpText": null,
      "label": "Reverse Partner ID",
      "name": "ReversePartnerId",
      "nillable": true,
      "picklistValues": [],
      "referenceTo": [
        "OpportunityPartner"
      ],
      "relationshipName": null,
      "sortable": true,
      "type": "reference"
    }
  ],
  "label": "Opportunity Partner",
  "childRelationships": [
    {
      "cascadeDelete": false,
      "childSObject": "FlowRecordRelation",
      "deprecatedAndHidden": false,
      "field": "RelatedRecordId",
      "junctionIdListNames": [],
      "junctionReferenceTo": [],
      "relationshipName": null,
      "restrictedDelete": false
    },
    {
      "cascadeDelete": false,
      "childSObject": "OpportunityPartner",
      "deprecatedAndHidden": false,
      "field": "ReversePartnerId",
      "junctionIdListNames": [],
      "junctionReferenceTo": [],
      "relationshipName": null,
      "restrictedDelete": false
    }
  ],
  "custom": false,
  "name": "OpportunityPartner",
  "queryable": true
}