{
  "fields": [
    {
      "aggregatable": true,
      "custom": false,
      "defaultValue": null,
      "extraTypeInfo": null,
      "filterable": true,
      "groupable": true,
      "inlineHelpText": null,
      "label": "Resource Territory ID",
      "name": "Id",
      "nillable": false,
      "picklistValues": [],
      "referenceTo": [],
      "relationshipName": null,
      "sortable": true,
      "type": "id"
    },
    {
      "aggregatable": false,
      "custom": false,
      "defaultValue": false,
      "extraTypeInfo": null,
      "filterable": true,
      "groupable": true,
      "inlineHelpText": null,
      "label": "Deleted",
      "name": "IsDeleted",
      "nillable": false,
      "picklistValues": [],
      "referenceTo": [],
      "relationshipName": null,
      "sortable": true,
      "type": "boolean"
    },
    {
      "aggregatable": true,
      "custom": false,
      "defaultValue": null,
      "extraTypeInfo": null,
      "filterable": true,
      "groupable": false,
      "inlineHelpText": null,
      "label": "Member Number",
      "name": "MemberNumber",
      "nillable": false,
      "picklistValues": [],
      "referenceTo": [],
      "relationshipName": null,
      "sortable": true,
      "type": "string"
    },
    {
      "aggregatable": true,
      "custom": false,
      "defaultValue": null,
      "extraTypeInfo": null,
      "filterable": true,
      "groupable": false,
      "inlineHelpText": null,
      "label": "Created Date",
      "name": "CreatedDate",
      "nillable": false,
      "picklistValues": [],
      "referenceTo": [],
      "relationshipName": null,
      "sortable": true,
      "type": "datetime"
    },
    {
      "aggregatable": true,
      "custom": false,
      "defaultValue": null,
      "extraTypeInfo": null,
      "filterable": true,
      "groupable": true,
      "inlineHelpText": null,
      "label": "Created By ID",
      "name": "CreatedById",
      "nillable": false,
      "picklistValues": [],
      "referenceTo": [
        "User"
      ],
      "relationshipName": "CreatedBy",
      "sortable": true,
      "type": "reference"
    },
    {
      "aggregatable": true,
      "custom": false,
      "defaultValue": null,
      "extraTypeInfo": null,
      "filterable": true,
      "groupable": false,
      "inlineHelpText": null,
      "label": "Last Modified Date",
      "name": "LastModifiedDate",
      "nillable": false,
      "picklistValues": [],
      "referenceTo": [],
      "relationshipName": null,
      "sortable": true,
      "type": "datetime"
    },
    {
      "aggregatable": true,
      "custom": false,
      "defaultValue": null,
      "extraTypeInfo": null,
      "filterable": true,
      "groupable": true,
      "inlineHelpText": null,
      "label": "Last Modified By ID",
      "name": "LastModifiedById",
      "nillable": false,
      "picklistValues": [],
      "referenceTo": [
        "User"
      ],
      "relationshipName": "LastModifiedBy",
      "sortable": true,
      "type": "reference"
    },
    {
      "aggregatable": true,
      "custom": false,
      "defaultValue": null,
      "extraTypeInfo": null,
      "filterable": true,
      "groupable": false,
      "inlineHelpText": null,
      "label": "System Modstamp",
      "name": "SystemModstamp",
      "nillable": false,
      "picklistValues": [],
      "referenceTo": [],
      "relationshipName": null,
      "sortable": true,
      "type": "datetime"
    },
    {
      "aggregatable": true,
      "custom": false,
      "defaultValue": null,
      "extraTypeInfo": null,
      "filterable": true,
      "groupable": false,
      "inlineHelpText": null,
      "label": "Last Viewed Date",
      "name": "LastViewedDate",
      "nillable": true,
      "picklistValues": [],
      "referenceTo": [],
      "relationshipName": null,
      "sortable": true,
      "type": "datetime"
    },
    {
      "aggregatable": true,
      "custom": false,
      "defaultValue": null,
      "extraTypeInfo": null,
      "filterable": true,
      "groupable": false,
      "inlineHelpText": null,
      "label": "Last Referenced Date",
      "name": "LastReferencedDate",
      "nillable": true,
      "picklistValues": [],
      "referenceTo": [],
      "relationshipName": null,
      "sortable": true,
      "type": "datetime"
    },
    {
      "aggregatable": true,
      "custom": false,
      "defaultValue": null,
      "extraTypeInfo": null,
      "filterable": true,
      "groupable": true,
      "inlineHelpText": null,
      "label": "Territory ID",
      "name": "ServiceTerritoryId",
      "nillable": false,
      "picklistValues": [],
      "referenceTo": [
        "ServiceTerritory"
      ],
      "relationshipName": "ServiceTerritory",
      "sortable": true,
      "type": "reference"
    },
    {
      "aggregatable": true,
      "custom": false,
      "defaultValue": null,
      "extraTypeInfo": null,
      "filterable": true,
      "groupable": true,
      "inlineHelpText": null,
      "label": "Resource ID",
      "name": "ServiceResourceId",
      "nillable": false,
      "picklistValues": [],
      "referenceTo": [
        "ServiceResource"
      ],
      "relationshipName": "ServiceResource",
      "sortable": true,
      "type": "reference"
    },
    {
      "aggregatable": true,
      "custom": false,
      "defaultValue": "P",
      "extraTypeInfo": null,
      "filterable": true,
      "groupable": true,
      "inlineHelpText": null,
      "label": "Territory Type",
      "name": "TerritoryType",
      "nillable": true,
      "picklistValues": [
        {
          "active": true,
          "defaultValue": true,
          "label": "Primary",
          "validFor": null,
          "value": "P"
        },
        {
          "active": true,
          "defaultValue": false,
          "label": "Secondary",
          "validFor": null,
          "value": "S"
        },
        {
          "active": true,
          "defaultValue": false,
          "label": "Relocation",
          "validFor": null,
          "value": "R"
        }
      ],
      "referenceTo": [],
      "relationshipName": null,
      "sortable": true,
      "type": "picklist"
    },
    {
      "aggregatable": true,
      "custom": false,
      "defaultValue": null,
      "extraTypeInfo": null,
      "filterable": true,
      "groupable": false,
      "inlineHelpText": null,
      "label": "Start Date",
      "name": "EffectiveStartDate",
      "nillable": false,
      "picklistValues": [],
      "referenceTo": [],
      "relationshipName": null,
      "sortable": true,
      "type": "datetime"
    },
    {
      "aggregatable": true,
      "custom": false,
      "defaultValue": null,
      "extraTypeInfo": null,
      "filterable": true,
      "groupable": false,
      "inlineHelpText": null,
      "label": "End Date",
      "name": "EffectiveEndDate",
      "nillable": true,
      "picklistValues": [],
      "referenceTo": [],
      "relationshipName": null,
      "sortable": true,
      "type": "datetime"
    },
    {
      "aggregatable": true,
      "custom": false,
      "defaultValue": null,
      "extraTypeInfo": "plaintextarea",
      "filterable": true,
      "groupable": true,
      "inlineHelpText": null,
      "label": "Address",
      "name": "Street",
      "nillable": true,
      "picklistValues": [],
      "referenceTo": [],
      "relationshipName": null,
      "sortable": true,
      "type": "textarea"
    },
    {
      "aggregatable": true,
      "custom": false,
      "defaultValue": null,
      "extraTypeInfo": null,
      "filterable": true,
      "groupable": true,
      "inlineHelpText": null,
      "label": "City",
      "name": "City",
      "nillable": true,
      "picklistValues": [],
      "referenceTo": [],
      "relationshipName": null,
      "sortable": true,
      "type": "string"
    },
    {
      "aggregatable": true,
      "custom": false,
      "defaultValue": null,
      "extraTypeInfo": null,
      "filterable": true,
      "groupable": true,
      "inlineHelpText": null,
      "label": "State/Province",
      "name": "State",
      "nillable": true,
      "picklistValues": [],
      "referenceTo": [],
      "relationshipName": null,
      "sortable": true,
      "type": "string"
    },
    {
      "aggregatable": true,
      "custom": false,
      "defaultValue": null,
      "extraTypeInfo": null,
      "filterable": true,
      "groupable": true,
      "inlineHelpText": null,
      "label": "Zip/Postal Code",
      "name": "PostalCode",
      "nillable": true,
      "picklistValues": [],
      "referenceTo": [],
      "relationshipName": null,
      "sortable": true,
      "type": "string"
    },
    {
      "aggregatable": true,
      "custom": false,
      "defaultValue": null,
      "extraTypeInfo": null,
      "filterable": true,
      "groupable": true,
      "inlineHelpText": null,
      "label": "Country",
      "name": "Country",
      "nillable": true,
      "picklistValues": [],
      "referenceTo": [],
      "relationshipName": null,
      "sortable": true,
      "type": "string"
    },
    {
      "aggregatable": true,
      "custom": false,
      "defaultValue": null,
      "extraTypeInfo": null,
      "filterable": true,
      "groupable": true,
      "inlineHelpText": null,
      "label": "State/Province Code",
      "name": "StateCode",
      "nillable": true,
      "picklistValues": [],
      "referenceTo": [],
      "relationshipName": null,
      "sortable": true,
      "type": "picklist"
    },
    {
      "aggregatable": true,
      "custom": false,
      "defaultValue": "ES",
      "extraTypeInfo": null,
      "filterable": true,
      "groupable": true,
      "inlineHelpText": null,
      "label": "Country Code",
      "name": "CountryCode",
      "nillable": true,
      "picklistValues": [
        {
          "active": true,
          "defaultValue": true,
          "label": "España",
          "validFor": null,
          "value": "ES"
        },
        {
          "active": true,
          "defaultValue": false,
          "label": "Reino Unido",
          "validFor": null,
          "value": "GB"
        }
      ],
      "referenceTo": [],
      "relationshipName": null,
      "sortable": true,
      "type": "picklist"
    },
    {
      "aggregatable": true,
      "custom": false,
      "defaultValue": null,
      "extraTypeInfo": null,
      "filterable": true,
      "groupable": false,
      "inlineHelpText": null,
      "label": "Latitude",
      "name": "Latitude",
      "nillable": true,
      "picklistValues": [],
      "referenceTo": [],
      "relationshipName": null,
      "sortable": true,
      "type": "double"
    },
    {
      "aggregatable": true,
      "custom": false,
      "defaultValue": null,
      "extraTypeInfo": null,
      "filterable": true,
      "groupable": false,
      "inlineHelpText": null,
      "label": "Longitude",
      "name": "Longitude",
      "nillable": true,
      "picklistValues": [],
      "referenceTo": [],
      "relationshipName": null,
      "sortable": true,
      "type": "double"
    },
    {
      "aggregatable": true,
      "custom": false,
      "defaultValue": null,
      "extraTypeInfo": null,
      "filterable": true,
      "groupable": true,
      "inlineHelpText": null,
      "label": "Geocode Accuracy",
      "name": "GeocodeAccuracy",
      "nillable": true,
      "picklistValues": [
        {
          "active": true,
          "defaultValue": false,
          "label": "Address",
          "validFor": null,
          "value": "Address"
        },
        {
          "active": true,
          "defaultValue": false,
          "label": "NearAddress",
          "validFor": null,
          "value": "NearAddress"
        },
        {
          "active": true,
          "defaultValue": false,
          "label": "Block",
          "validFor": null,
          "value": "Block"
        },
        {
          "active": true,
          "defaultValue": false,
          "label": "Street",
          "validFor": null,
          "value": "Street"
        },
        {
          "active": true,
          "defaultValue": false,
          "label": "ExtendedZip",
          "validFor": null,
          "value": "ExtendedZip"
        },
        {
          "active": true,
          "defaultValue": false,
          "label": "Zip",
          "validFor": null,
          "value": "Zip"
        },
        {
          "active": true,
          "defaultValue": false,
          "label": "Neighborhood",
          "validFor": null,
          "value": "Neighborhood"
        },
        {
          "active": true,
          "defaultValue": false,
          "label": "City",
          "validFor": null,
          "value": "City"
        },
        {
          "active": true,
          "defaultValue": false,
          "label": "County",
          "validFor": null,
          "value": "County"
        },
        {
          "active": true,
          "defaultValue": false,
          "label": "State",
          "validFor": null,
          "value": "State"
        },
        {
          "active": true,
          "defaultValue": false,
          "label": "Unknown",
          "validFor": null,
          "value": "Unknown"
        }
      ],
      "referenceTo": [],
      "relationshipName": null,
      "sortable": true,
      "type": "picklist"
    },
    {
      "aggregatable": false,
      "custom": false,
      "defaultValue": null,
      "extraTypeInfo": null,
      "filterable": true,
      "groupable": false,
      "inlineHelpText": null,
      "label": "Address",
      "name": "Address",
      "nillable": false,
      "picklistValues": [],
      "referenceTo": [],
      "relationshipName": null,
      "sortable": false,
      "type": "address"
    },
    {
      "aggregatable": true,
      "custom": false,
      "defaultValue": null,
      "extraTypeInfo": null,
      "filterable": true,
      "groupable": true,
      "inlineHelpText": null,
      "label": "Operating Hour ID",
      "name": "OperatingHoursId",
      "nillable": true,
      "picklistValues": [],
      "referenceTo": [
        "OperatingHours"
      ],
      "relationshipName": "OperatingHours",
      "sortable": true,
      "type": "reference"
    },
    {
      "aggregatable": true,
      "custom": false,
      "defaultValue": null,
      "extraTypeInfo": null,
      "filterable": true,
      "groupable": true,
      "inlineHelpText": null,
      "label": "Role",
      "name": "Role",
      "nillable": true,
      "picklistValues": [],
      "referenceTo": [],
      "relationshipName": null,
      "sortable": true,
      "type": "picklist"
    }
  ],
  "label": "Service Territory Member",
  "childRelationships": [
    {
      "cascadeDelete": true,
      "childSObject": "AttachedContentDocument",
      "deprecatedAndHidden": false,
      "field": "LinkedEntityId",
      "junctionIdListNames": [],
      "junctionReferenceTo": [],
      "relationshipName": "AttachedContentDocuments",
      "restrictedDelete": false
    },
    {
      "cascadeDelete": true,
      "childSObject": "CombinedAttachment",
      "deprecatedAndHidden": false,
      "field": "ParentId",
      "junctionIdListNames": [],
      "junctionReferenceTo": [],
      "relationshipName": "CombinedAttachments",
      "restrictedDelete": false
    },
    {
      "cascadeDelete": true,
      "childSObject": "ContentDocumentLink",
      "deprecatedAndHidden": false,
      "field": "LinkedEntityId",
      "junctionIdListNames": [],
      "junctionReferenceTo": [],
      "relationshipName": "ContentDocumentLinks",
      "restrictedDelete": false
    },
    {
      "cascadeDelete": false,
      "childSObject": "ContentVersion",
      "deprecatedAndHidden": false,
      "field": "FirstPublishLocationId",
      "junctionIdListNames": [],
      "junctionReferenceTo": [],
      "relationshipName": null,
      "restrictedDelete": false
    },
    {
      "cascadeDelete": true,
      "childSObject": "EntitySubscription",
      "deprecatedAndHidden": false,
      "field": "ParentId",
      "junctionIdListNames": [],
      "junctionReferenceTo": [],
      "relationshipName": "FeedSubscriptionsForEntity",
      "restrictedDelete": false
    },
    {
      "cascadeDelete": false,
      "childSObject": "FeedComment",
      "deprecatedAndHidden": false,
      "field": "ParentId",
      "junctionIdListNames": [],
      "junctionReferenceTo": [],
      "relationshipName": null,
      "restrictedDelete": false
    },
    {
      "cascadeDelete": true,
      "childSObject": "FeedItem",
      "deprecatedAndHidden": false,
      "field": "ParentId",
      "junctionIdListNames": [],
      "junctionReferenceTo": [],
      "relationshipName": null,
      "restrictedDelete": false
    },
    {
      "cascadeDelete": false,
      "childSObject": "FlowRecordRelation",
      "deprecatedAndHidden": false,
      "field": "RelatedRecordId",
      "junctionIdListNames": [],
      "junctionReferenceTo": [],
      "relationshipName": null,
      "restrictedDelete": false
    },
    {
      "cascadeDelete": true,
      "childSObject": "ProcessInstance",
      "deprecatedAndHidden": false,
      "field": "TargetObjectId",
      "junctionIdListNames": [],
      "junctionReferenceTo": [],
      "relationshipName": "ProcessInstances",
      "restrictedDelete": false
    },
    {
      "cascadeDelete": false,
      "childSObject": "ProcessInstanceHistory",
      "deprecatedAndHidden": false,
      "field": "TargetObjectId",
      "junctionIdListNames": [],
      "junctionReferenceTo": [],
      "relationshipName": "ProcessSteps",
      "restrictedDelete": false
    },
    {
      "cascadeDelete": true,
      "childSObject": "RecordAction",
      "deprecatedAndHidden": false,
      "field": "RecordId",
      "junctionIdListNames": [],
      "junctionReferenceTo": [],
      "relationshipName": "RecordActions",
      "restrictedDelete": false
    },
    {
      "cascadeDelete": false,
      "childSObject": "RecordActionHistory",
      "deprecatedAndHidden": false,
      "field": "ParentRecordId",
      "junctionIdListNames": [],
      "junctionReferenceTo": [],
      "relationshipName": "RecordActionHistories",
      "restrictedDelete": false
    },
    {
      "cascadeDelete": true,
      "childSObject": "ServiceTerritoryMemberFeed",
      "deprecatedAndHidden": false,
      "field": "ParentId",
      "junctionIdListNames": [],
      "junctionReferenceTo": [],
      "relationshipName": "Feeds",
      "restrictedDelete": false
    },
    {
      "cascadeDelete": true,
      "childSObject": "ServiceTerritoryMemberHistory",
      "deprecatedAndHidden": false,
      "field": "ServiceTerritoryMemberId",
      "junctionIdListNames": [],
      "junctionReferenceTo": [],
      "relationshipName": "Histories",
      "restrictedDelete": false
    },
    {
      "cascadeDelete": true,
      "childSObject": "TopicAssignment",
      "deprecatedAndHidden": false,
      "field": "EntityId",
      "junctionIdListNames": [],
      "junctionReferenceTo": [],
      "relationshipName": "TopicAssignments",
      "restrictedDelete": false
    }
  ],
  "custom": false,
  "name": "ServiceTerritoryMember",
  "queryable": true
}