{
  "status": 0,
  "result": [
    {
      "createdById": "00509000008TaVkAAK",
      "createdByName": "Luis Álvaro Sanz de Ayala Oliver",
      "createdDate": "2021-08-13T10:32:54.000Z",
      "fileName": "classes/DataFactory.cls",
      "fullName": "DataFactory",
      "id": "01p0900000MGHJSAA5",
      "lastModifiedById": "00509000008TaVkAAK",
      "lastModifiedByName": "Luis Álvaro Sanz de Ayala Oliver",
      "lastModifiedDate": "2021-08-13T10:32:54.000Z",
      "manageableState": "installedEditable",
      "type": "ApexClass"
    },
    {
      "createdById": "00509000008TaVkAAK",
      "createdByName": "Luis Álvaro Sanz de Ayala Oliver",
      "createdDate": "2021-08-13T10:32:54.000Z",
      "fileName": "classes/ErrorLogHandler.cls",
      "fullName": "ErrorLogHandler",
      "id": "01p0900000MGHJXAA5",
      "lastModifiedById": "00509000008TaVkAAK",
      "lastModifiedByName": "Luis Álvaro Sanz de Ayala Oliver",
      "lastModifiedDate": "2021-08-13T10:32:54.000Z",
      "manageableState": "installedEditable",
      "type": "ApexClass"
    },
    {
      "createdById": "00509000008TaVkAAK",
      "createdByName": "Luis Álvaro Sanz de Ayala Oliver",
      "createdDate": "2021-08-16T10:01:29.000Z",
      "fileName": "classes/OrderHandler.cls",
      "fullName": "OrderHandler",
      "id": "01p0900000Nkmi3AAB",
      "lastModifiedById": "00509000008TaVkAAK",
      "lastModifiedByName": "Luis Álvaro Sanz de Ayala Oliver",
      "lastModifiedDate": "2021-08-16T10:01:29.000Z",
      "manageableState": "unmanaged",
      "type": "ApexClass"
    },
    {
      "createdById": "00509000008TaVkAAK",
      "createdByName": "Luis Álvaro Sanz de Ayala Oliver",
      "createdDate": "2021-08-10T11:50:53.000Z",
      "fileName": "classes/NTS1__ErrorLogUtil.cls",
      "fullName": "NTS1__ErrorLogUtil",
      "id": "01p0900000MFk3kAAD",
      "lastModifiedById": "00509000008TaVkAAK",
      "lastModifiedByName": "Luis Álvaro Sanz de Ayala Oliver",
      "lastModifiedDate": "2021-08-10T11:50:53.000Z",
      "manageableState": "installed",
      "namespacePrefix": "NTS1",
      "type": "ApexClass"
    },
    {
      "createdById": "00509000008TaVkAAK",
      "createdByName": "Luis Álvaro Sanz de Ayala Oliver",
      "createdDate": "2021-08-10T11:50:53.000Z",
      "fileName": "classes/NTS1__LogUtilTest.cls",
      "fullName": "NTS1__LogUtilTest",
      "id": "01p0900000MFk3nAAD",
      "lastModifiedById": "00509000008TaVkAAK",
      "lastModifiedByName": "Luis Álvaro Sanz de Ayala Oliver",
      "lastModifiedDate": "2021-08-10T11:50:53.000Z",
      "manageableState": "installed",
      "namespacePrefix": "NTS1",
      "type": "ApexClass"
    },
    {
      "createdById": "00509000008TaVkAAK",
      "createdByName": "Luis Álvaro Sanz de Ayala Oliver",
      "createdDate": "2021-08-10T11:50:53.000Z",
      "fileName": "classes/NTS1__ITrigger.cls",
      "fullName": "NTS1__ITrigger",
      "id": "01p0900000MFk3lAAD",
      "lastModifiedById": "00509000008TaVkAAK",
      "lastModifiedByName": "Luis Álvaro Sanz de Ayala Oliver",
      "lastModifiedDate": "2021-08-10T11:50:53.000Z",
      "manageableState": "installed",
      "namespacePrefix": "NTS1",
      "type": "ApexClass"
    },
    {
      "createdById": "00509000008TaVkAAK",
      "createdByName": "Luis Álvaro Sanz de Ayala Oliver",
      "createdDate": "2021-08-10T11:50:53.000Z",
      "fileName": "classes/NTS1__SystemUtils.cls",
      "fullName": "NTS1__SystemUtils",
      "id": "01p0900000MFk3oAAD",
      "lastModifiedById": "00509000008TaVkAAK",
      "lastModifiedByName": "Luis Álvaro Sanz de Ayala Oliver",
      "lastModifiedDate": "2021-08-10T11:50:53.000Z",
      "manageableState": "installed",
      "namespacePrefix": "NTS1",
      "type": "ApexClass"
    },
    {
      "createdById": "00509000008TaVkAAK",
      "createdByName": "Luis Álvaro Sanz de Ayala Oliver",
      "createdDate": "2021-08-10T11:50:53.000Z",
      "fileName": "classes/NTS1__TriggerFactory.cls",
      "fullName": "NTS1__TriggerFactory",
      "id": "01p0900000MFk3qAAD",
      "lastModifiedById": "00509000008TaVkAAK",
      "lastModifiedByName": "Luis Álvaro Sanz de Ayala Oliver",
      "lastModifiedDate": "2021-08-10T11:50:53.000Z",
      "manageableState": "installed",
      "namespacePrefix": "NTS1",
      "type": "ApexClass"
    },
    {
      "createdById": "00509000008TaVkAAK",
      "createdByName": "Luis Álvaro Sanz de Ayala Oliver",
      "createdDate": "2021-08-10T11:50:53.000Z",
      "fileName": "classes/NTS1__SystemUtilsTest.cls",
      "fullName": "NTS1__SystemUtilsTest",
      "id": "01p0900000MFk3pAAD",
      "lastModifiedById": "00509000008TaVkAAK",
      "lastModifiedByName": "Luis Álvaro Sanz de Ayala Oliver",
      "lastModifiedDate": "2021-08-10T11:50:53.000Z",
      "manageableState": "installed",
      "namespacePrefix": "NTS1",
      "type": "ApexClass"
    },
    {
      "createdById": "00509000008TaVkAAK",
      "createdByName": "Luis Álvaro Sanz de Ayala Oliver",
      "createdDate": "2021-08-13T10:32:54.000Z",
      "fileName": "classes/WebServicesParser.cls",
      "fullName": "WebServicesParser",
      "id": "01p0900000MGHJmAAP",
      "lastModifiedById": "00509000008TaVkAAK",
      "lastModifiedByName": "Luis Álvaro Sanz de Ayala Oliver",
      "lastModifiedDate": "2021-08-13T10:32:54.000Z",
      "manageableState": "installedEditable",
      "type": "ApexClass"
    },
    {
      "createdById": "00509000008TaVkAAK",
      "createdByName": "Luis Álvaro Sanz de Ayala Oliver",
      "createdDate": "2021-08-13T10:32:54.000Z",
      "fileName": "classes/ExportCollectionAsCSVActionTest.cls",
      "fullName": "ExportCollectionAsCSVActionTest",
      "id": "01p0900000MGHJbAAP",
      "lastModifiedById": "00509000008TaVkAAK",
      "lastModifiedByName": "Luis Álvaro Sanz de Ayala Oliver",
      "lastModifiedDate": "2021-08-13T10:32:54.000Z",
      "manageableState": "installedEditable",
      "type": "ApexClass"
    },
    {
      "createdById": "00509000008TaVkAAK",
      "createdByName": "Luis Álvaro Sanz de Ayala Oliver",
      "createdDate": "2021-08-13T10:32:54.000Z",
      "fileName": "classes/CSVService.cls",
      "fullName": "CSVService",
      "id": "01p0900000MGHJOAA5",
      "lastModifiedById": "00509000008TaVkAAK",
      "lastModifiedByName": "Luis Álvaro Sanz de Ayala Oliver",
      "lastModifiedDate": "2021-08-13T10:32:54.000Z",
      "manageableState": "installedEditable",
      "type": "ApexClass"
    },
    {
      "createdById": "00509000008TaVkAAK",
      "createdByName": "Luis Álvaro Sanz de Ayala Oliver",
      "createdDate": "2021-08-16T08:17:57.000Z",
      "fileName": "classes/ClaseDePrueba.cls",
      "fullName": "ClaseDePrueba",
      "id": "01p0900000NklgaAAB",
      "lastModifiedById": "00509000008TaVkAAK",
      "lastModifiedByName": "Luis Álvaro Sanz de Ayala Oliver",
      "lastModifiedDate": "2021-08-16T08:17:57.000Z",
      "manageableState": "unmanaged",
      "type": "ApexClass"
    },
    {
      "createdById": "00509000008TaVkAAK",
      "createdByName": "Luis Álvaro Sanz de Ayala Oliver",
      "createdDate": "2021-08-13T10:32:54.000Z",
      "fileName": "classes/EmailActions.cls",
      "fullName": "EmailActions",
      "id": "01p0900000MGHJUAA5",
      "lastModifiedById": "00509000008TaVkAAK",
      "lastModifiedByName": "Luis Álvaro Sanz de Ayala Oliver",
      "lastModifiedDate": "2021-08-13T10:32:54.000Z",
      "manageableState": "installedEditable",
      "type": "ApexClass"
    },
    {
      "createdById": "00509000008TaVkAAK",
      "createdByName": "Luis Álvaro Sanz de Ayala Oliver",
      "createdDate": "2021-08-13T10:32:54.000Z",
      "fileName": "classes/LogUtil.cls",
      "fullName": "LogUtil",
      "id": "01p0900000MGHJhAAP",
      "lastModifiedById": "00509000008TaVkAAK",
      "lastModifiedByName": "Luis Álvaro Sanz de Ayala Oliver",
      "lastModifiedDate": "2021-08-13T10:32:54.000Z",
      "manageableState": "installedEditable",
      "type": "ApexClass"
    },
    {
      "createdById": "00509000008TaVkAAK",
      "createdByName": "Luis Álvaro Sanz de Ayala Oliver",
      "createdDate": "2021-08-13T10:32:54.000Z",
      "fileName": "classes/ExportCollectionAsCSVAction.cls",
      "fullName": "ExportCollectionAsCSVAction",
      "id": "01p0900000MGHJaAAP",
      "lastModifiedById": "00509000008TaVkAAK",
      "lastModifiedByName": "Luis Álvaro Sanz de Ayala Oliver",
      "lastModifiedDate": "2021-08-13T10:32:54.000Z",
      "manageableState": "installedEditable",
      "type": "ApexClass"
    },
    {
      "createdById": "00509000008TaVkAAK",
      "createdByName": "Luis Álvaro Sanz de Ayala Oliver",
      "createdDate": "2021-08-13T10:32:54.000Z",
      "fileName": "classes/ErrorLogTest.cls",
      "fullName": "ErrorLogTest",
      "id": "01p0900000MGHJYAA5",
      "lastModifiedById": "00509000008TaVkAAK",
      "lastModifiedByName": "Luis Álvaro Sanz de Ayala Oliver",
      "lastModifiedDate": "2021-08-13T10:32:54.000Z",
      "manageableState": "installedEditable",
      "type": "ApexClass"
    },
    {
      "createdById": "00509000008TaVkAAK",
      "createdByName": "Luis Álvaro Sanz de Ayala Oliver",
      "createdDate": "2021-08-13T10:32:54.000Z",
      "fileName": "classes/LogEventUtil.cls",
      "fullName": "LogEventUtil",
      "id": "01p0900000MGHJfAAP",
      "lastModifiedById": "00509000008TaVkAAK",
      "lastModifiedByName": "Luis Álvaro Sanz de Ayala Oliver",
      "lastModifiedDate": "2021-08-13T10:32:54.000Z",
      "manageableState": "installedEditable",
      "type": "ApexClass"
    },
    {
      "createdById": "00509000008TaVkAAK",
      "createdByName": "Luis Álvaro Sanz de Ayala Oliver",
      "createdDate": "2021-08-10T11:50:53.000Z",
      "fileName": "classes/NTS1__ErrorLogHandler.cls",
      "fullName": "NTS1__ErrorLogHandler",
      "id": "01p0900000MFk3iAAD",
      "lastModifiedById": "00509000008TaVkAAK",
      "lastModifiedByName": "Luis Álvaro Sanz de Ayala Oliver",
      "lastModifiedDate": "2021-08-10T11:50:53.000Z",
      "manageableState": "installed",
      "namespacePrefix": "NTS1",
      "type": "ApexClass"
    },
    {
      "createdById": "00509000008TaVkAAK",
      "createdByName": "Luis Álvaro Sanz de Ayala Oliver",
      "createdDate": "2021-08-13T10:32:54.000Z",
      "fileName": "classes/CSVServiceTest.cls",
      "fullName": "CSVServiceTest",
      "id": "01p0900000MGHJPAA5",
      "lastModifiedById": "00509000008TaVkAAK",
      "lastModifiedByName": "Luis Álvaro Sanz de Ayala Oliver",
      "lastModifiedDate": "2021-08-13T10:32:54.000Z",
      "manageableState": "installedEditable",
      "type": "ApexClass"
    },
    {
      "createdById": "00509000008TaVkAAK",
      "createdByName": "Luis Álvaro Sanz de Ayala Oliver",
      "createdDate": "2021-08-13T09:52:42.000Z",
      "fileName": "classes/c1.cls",
      "fullName": "c1",
      "id": "01p0900000MGGQtAAP",
      "lastModifiedById": "00509000008TaVkAAK",
      "lastModifiedByName": "Luis Álvaro Sanz de Ayala Oliver",
      "lastModifiedDate": "2021-08-13T09:52:42.000Z",
      "manageableState": "unmanaged",
      "type": "ApexClass"
    },
    {
      "createdById": "00509000008TaVkAAK",
      "createdByName": "Luis Álvaro Sanz de Ayala Oliver",
      "createdDate": "2021-08-13T10:32:54.000Z",
      "fileName": "classes/CollectionUtilTest.cls",
      "fullName": "CollectionUtilTest",
      "id": "01p0900000MGHJRAA5",
      "lastModifiedById": "00509000008TaVkAAK",
      "lastModifiedByName": "Luis Álvaro Sanz de Ayala Oliver",
      "lastModifiedDate": "2021-08-13T10:32:54.000Z",
      "manageableState": "installedEditable",
      "type": "ApexClass"
    },
    {
      "createdById": "00509000008TaVkAAK",
      "createdByName": "Luis Álvaro Sanz de Ayala Oliver",
      "createdDate": "2021-08-10T11:50:52.000Z",
      "fileName": "classes/NTS1__CollectionUtil.cls",
      "fullName": "NTS1__CollectionUtil",
      "id": "01p0900000MFk3gAAD",
      "lastModifiedById": "00509000008TaVkAAK",
      "lastModifiedByName": "Luis Álvaro Sanz de Ayala Oliver",
      "lastModifiedDate": "2021-08-10T11:50:52.000Z",
      "manageableState": "installed",
      "namespacePrefix": "NTS1",
      "type": "ApexClass"
    },
    {
      "createdById": "00509000008TaVkAAK",
      "createdByName": "Luis Álvaro Sanz de Ayala Oliver",
      "createdDate": "2021-08-16T12:15:58.000Z",
      "fileName": "classes/OrderUtil.cls",
      "fullName": "OrderUtil",
      "id": "01p0900000NkoWWAAZ",
      "lastModifiedById": "00509000008TaVkAAK",
      "lastModifiedByName": "Luis Álvaro Sanz de Ayala Oliver",
      "lastModifiedDate": "2021-08-16T12:15:58.000Z",
      "manageableState": "unmanaged",
      "type": "ApexClass"
    },
    {
      "createdById": "00509000008TaVkAAK",
      "createdByName": "Luis Álvaro Sanz de Ayala Oliver",
      "createdDate": "2021-08-13T10:32:54.000Z",
      "fileName": "classes/LogEventUtilTest.cls",
      "fullName": "LogEventUtilTest",
      "id": "01p0900000MGHJgAAP",
      "lastModifiedById": "00509000008TaVkAAK",
      "lastModifiedByName": "Luis Álvaro Sanz de Ayala Oliver",
      "lastModifiedDate": "2021-08-13T10:32:54.000Z",
      "manageableState": "installedEditable",
      "type": "ApexClass"
    },
    {
      "createdById": "00509000008TaVkAAK",
      "createdByName": "Luis Álvaro Sanz de Ayala Oliver",
      "createdDate": "2021-08-13T10:32:54.000Z",
      "fileName": "classes/SystemUtilsTest.cls",
      "fullName": "SystemUtilsTest",
      "id": "01p0900000MGHJkAAP",
      "lastModifiedById": "00509000008TaVkAAK",
      "lastModifiedByName": "Luis Álvaro Sanz de Ayala Oliver",
      "lastModifiedDate": "2021-08-13T10:32:54.000Z",
      "manageableState": "installedEditable",
      "type": "ApexClass"
    },
    {
      "createdById": "00509000008TaVkAAK",
      "createdByName": "Luis Álvaro Sanz de Ayala Oliver",
      "createdDate": "2021-08-10T11:50:53.000Z",
      "fileName": "classes/NTS1__CollectionUtilTest.cls",
      "fullName": "NTS1__CollectionUtilTest",
      "id": "01p0900000MFk3hAAD",
      "lastModifiedById": "00509000008TaVkAAK",
      "lastModifiedByName": "Luis Álvaro Sanz de Ayala Oliver",
      "lastModifiedDate": "2021-08-10T11:50:53.000Z",
      "manageableState": "installed",
      "namespacePrefix": "NTS1",
      "type": "ApexClass"
    },
    {
      "createdById": "00509000008TaVkAAK",
      "createdByName": "Luis Álvaro Sanz de Ayala Oliver",
      "createdDate": "2021-08-13T10:32:54.000Z",
      "fileName": "classes/ITrigger.cls",
      "fullName": "ITrigger",
      "id": "01p0900000MGHJdAAP",
      "lastModifiedById": "00509000008TaVkAAK",
      "lastModifiedByName": "Luis Álvaro Sanz de Ayala Oliver",
      "lastModifiedDate": "2021-08-13T10:32:54.000Z",
      "manageableState": "installedEditable",
      "type": "ApexClass"
    },
    {
      "createdById": "00509000008TaVkAAK",
      "createdByName": "Luis Álvaro Sanz de Ayala Oliver",
      "createdDate": "2021-08-13T10:32:54.000Z",
      "fileName": "classes/Log.cls",
      "fullName": "Log",
      "id": "01p0900000MGHJeAAP",
      "lastModifiedById": "00509000008TaVkAAK",
      "lastModifiedByName": "Luis Álvaro Sanz de Ayala Oliver",
      "lastModifiedDate": "2021-08-13T10:32:54.000Z",
      "manageableState": "installedEditable",
      "type": "ApexClass"
    },
    {
      "createdById": "00509000008TaVkAAK",
      "createdByName": "Luis Álvaro Sanz de Ayala Oliver",
      "createdDate": "2021-08-13T10:32:54.000Z",
      "fileName": "classes/EmailMessageService.cls",
      "fullName": "EmailMessageService",
      "id": "01p0900000MGHJVAA5",
      "lastModifiedById": "00509000008TaVkAAK",
      "lastModifiedByName": "Luis Álvaro Sanz de Ayala Oliver",
      "lastModifiedDate": "2021-08-13T10:32:54.000Z",
      "manageableState": "installedEditable",
      "type": "ApexClass"
    },
    {
      "createdById": "00509000008TaVkAAK",
      "createdByName": "Luis Álvaro Sanz de Ayala Oliver",
      "createdDate": "2021-08-13T10:32:54.000Z",
      "fileName": "classes/AdvancedEmailService.cls",
      "fullName": "AdvancedEmailService",
      "id": "01p0900000MGHJNAA5",
      "lastModifiedById": "00509000008TaVkAAK",
      "lastModifiedByName": "Luis Álvaro Sanz de Ayala Oliver",
      "lastModifiedDate": "2021-08-13T10:32:54.000Z",
      "manageableState": "installedEditable",
      "type": "ApexClass"
    },
    {
      "createdById": "00509000008TaVkAAK",
      "createdByName": "Luis Álvaro Sanz de Ayala Oliver",
      "createdDate": "2021-08-13T10:32:54.000Z",
      "fileName": "classes/EmailMessageServiceTest.cls",
      "fullName": "EmailMessageServiceTest",
      "id": "01p0900000MGHJWAA5",
      "lastModifiedById": "00509000008TaVkAAK",
      "lastModifiedByName": "Luis Álvaro Sanz de Ayala Oliver",
      "lastModifiedDate": "2021-08-13T10:32:54.000Z",
      "manageableState": "installedEditable",
      "type": "ApexClass"
    },
    {
      "createdById": "00509000008TaVkAAK",
      "createdByName": "Luis Álvaro Sanz de Ayala Oliver",
      "createdDate": "2021-08-10T11:50:53.000Z",
      "fileName": "classes/NTS1__ErrorLogTest.cls",
      "fullName": "NTS1__ErrorLogTest",
      "id": "01p0900000MFk3jAAD",
      "lastModifiedById": "00509000008TaVkAAK",
      "lastModifiedByName": "Luis Álvaro Sanz de Ayala Oliver",
      "lastModifiedDate": "2021-08-10T11:50:53.000Z",
      "manageableState": "installed",
      "namespacePrefix": "NTS1",
      "type": "ApexClass"
    },
    {
      "createdById": "00509000008TaVkAAK",
      "createdByName": "Luis Álvaro Sanz de Ayala Oliver",
      "createdDate": "2021-08-13T10:32:54.000Z",
      "fileName": "classes/FieldUtil.cls",
      "fullName": "FieldUtil",
      "id": "01p0900000MGHJcAAP",
      "lastModifiedById": "00509000008TaVkAAK",
      "lastModifiedByName": "Luis Álvaro Sanz de Ayala Oliver",
      "lastModifiedDate": "2021-08-13T10:32:54.000Z",
      "manageableState": "installedEditable",
      "type": "ApexClass"
    },
    {
      "createdById": "00509000008TaVkAAK",
      "createdByName": "Luis Álvaro Sanz de Ayala Oliver",
      "createdDate": "2021-08-13T10:32:54.000Z",
      "fileName": "classes/LogUtilTest.cls",
      "fullName": "LogUtilTest",
      "id": "01p0900000MGHJiAAP",
      "lastModifiedById": "00509000008TaVkAAK",
      "lastModifiedByName": "Luis Álvaro Sanz de Ayala Oliver",
      "lastModifiedDate": "2021-08-13T10:32:54.000Z",
      "manageableState": "installedEditable",
      "type": "ApexClass"
    },
    {
      "createdById": "00509000008TaVkAAK",
      "createdByName": "Luis Álvaro Sanz de Ayala Oliver",
      "createdDate": "2021-08-13T10:32:54.000Z",
      "fileName": "classes/SystemUtils.cls",
      "fullName": "SystemUtils",
      "id": "01p0900000MGHJjAAP",
      "lastModifiedById": "00509000008TaVkAAK",
      "lastModifiedByName": "Luis Álvaro Sanz de Ayala Oliver",
      "lastModifiedDate": "2021-08-13T10:32:54.000Z",
      "manageableState": "installedEditable",
      "type": "ApexClass"
    },
    {
      "createdById": "00509000008TaVkAAK",
      "createdByName": "Luis Álvaro Sanz de Ayala Oliver",
      "createdDate": "2021-08-13T10:32:54.000Z",
      "fileName": "classes/TriggerFactory.cls",
      "fullName": "TriggerFactory",
      "id": "01p0900000MGHJlAAP",
      "lastModifiedById": "00509000008TaVkAAK",
      "lastModifiedByName": "Luis Álvaro Sanz de Ayala Oliver",
      "lastModifiedDate": "2021-08-16T11:02:02.000Z",
      "manageableState": "installedEditable",
      "type": "ApexClass"
    },
    {
      "createdById": "00509000008TaVkAAK",
      "createdByName": "Luis Álvaro Sanz de Ayala Oliver",
      "createdDate": "2021-08-13T10:32:54.000Z",
      "fileName": "classes/WebServicesParserTest.cls",
      "fullName": "WebServicesParserTest",
      "id": "01p0900000MGHJnAAP",
      "lastModifiedById": "00509000008TaVkAAK",
      "lastModifiedByName": "Luis Álvaro Sanz de Ayala Oliver",
      "lastModifiedDate": "2021-08-13T10:32:54.000Z",
      "manageableState": "installedEditable",
      "type": "ApexClass"
    },
    {
      "createdById": "00509000008TaVkAAK",
      "createdByName": "Luis Álvaro Sanz de Ayala Oliver",
      "createdDate": "2021-08-13T10:32:54.000Z",
      "fileName": "classes/ErrorLogUtil.cls",
      "fullName": "ErrorLogUtil",
      "id": "01p0900000MGHJZAA5",
      "lastModifiedById": "00509000008TaVkAAK",
      "lastModifiedByName": "Luis Álvaro Sanz de Ayala Oliver",
      "lastModifiedDate": "2021-08-13T10:32:54.000Z",
      "manageableState": "installedEditable",
      "type": "ApexClass"
    },
    {
      "createdById": "00509000008TaVkAAK",
      "createdByName": "Luis Álvaro Sanz de Ayala Oliver",
      "createdDate": "2021-08-13T10:32:54.000Z",
      "fileName": "classes/EmailAction.cls",
      "fullName": "EmailAction",
      "id": "01p0900000MGHJTAA5",
      "lastModifiedById": "00509000008TaVkAAK",
      "lastModifiedByName": "Luis Álvaro Sanz de Ayala Oliver",
      "lastModifiedDate": "2021-08-13T10:32:54.000Z",
      "manageableState": "installedEditable",
      "type": "ApexClass"
    },
    {
      "createdById": "00509000008TaVkAAK",
      "createdByName": "Luis Álvaro Sanz de Ayala Oliver",
      "createdDate": "2021-08-13T10:32:54.000Z",
      "fileName": "classes/CollectionUtil.cls",
      "fullName": "CollectionUtil",
      "id": "01p0900000MGHJQAA5",
      "lastModifiedById": "00509000008TaVkAAK",
      "lastModifiedByName": "Luis Álvaro Sanz de Ayala Oliver",
      "lastModifiedDate": "2021-08-13T10:32:54.000Z",
      "manageableState": "installedEditable",
      "type": "ApexClass"
    },
    {
      "createdById": "00509000008TaVkAAK",
      "createdByName": "Luis Álvaro Sanz de Ayala Oliver",
      "createdDate": "2021-08-10T11:50:53.000Z",
      "fileName": "classes/NTS1__LogUtil.cls",
      "fullName": "NTS1__LogUtil",
      "id": "01p0900000MFk3mAAD",
      "lastModifiedById": "00509000008TaVkAAK",
      "lastModifiedByName": "Luis Álvaro Sanz de Ayala Oliver",
      "lastModifiedDate": "2021-08-10T11:50:53.000Z",
      "manageableState": "installed",
      "namespacePrefix": "NTS1",
      "type": "ApexClass"
    }
  ]
}
