[{"_allAttributes":null,"_properties":null,"_methods":null,"file":"c:/Users/lsanzdeayala/Workspace/Hotel_Windsor/force-app/main/default/lwc/calendarBookings/calendarBookings.js","metadata":{"decorators":[{"type":"api","targets":[{"type":"property","name":"objectApiName","value":{"type":"unresolved"}}]},{"type":"wire","targets":[{"name":"wiredOrders","adapter":{"name":"getOrderList","reference":"@salesforce/apex/LWCGetOrders.LWCGetOrders"},"type":"method"}]},{"type":"track","targets":[{"name":"error","type":"property"}]}],"declarationLoc":{"start":{"line":9,"column":0},"end":{"line":33,"column":1}},"classMembers":[{"type":"property","name":"data","loc":{"start":{"line":10,"column":4},"end":{"line":10,"column":14}}},{"type":"property","name":"columns","loc":{"start":{"line":11,"column":4},"end":{"line":11,"column":22}}},{"type":"property","name":"show","loc":{"start":{"line":14,"column":4},"end":{"line":14,"column":17}}},{"type":"method","name":"handleChange","loc":{"start":{"line":15,"column":4},"end":{"line":17,"column":5}}},{"type":"property","name":"error","loc":{"start":{"line":19,"column":8},"end":{"line":19,"column":20}},"decorator":"track"},{"type":"property","name":"objectApiName","loc":{"start":{"line":20,"column":8},"end":{"line":20,"column":27}},"decorator":"api","value":{"type":"unresolved"}},{"type":"method","name":"wiredOrders","loc":{"start":{"line":21,"column":8},"end":{"line":28,"column":9}},"decorator":"wire"},{"type":"property","name":"objectInfo","loc":{"start":{"line":31,"column":2},"end":{"line":31,"column":13}}}],"exports":[{"type":"ExportDefaultDeclaration"}]},"updatedAt":"2021-08-17T11:00:38.363Z"},{"_allAttributes":null,"_properties":null,"_methods":null,"file":"c:/Users/lsanzdeayala/Workspace/Hotel_Windsor/force-app/main/default/lwc/fullCalendarJs/fullCalendarJs.js","metadata":{"decorators":[{"type":"track","targets":[{"name":"allEvents","type":"property"},{"name":"selectedEvent","type":"property"}]}],"exports":[{"type":"ExportDefaultDeclaration"}]},"updatedAt":"2021-09-06T09:07:23.358Z"},{"_allAttributes":null,"_properties":null,"_methods":null,"file":"c:/Users/lsanzdeayala/Workspace/Hotel_Windsor/force-app/main/default/lwc/nuevoLWC/nuevoLWC.js","metadata":{"decorators":[{"type":"api","targets":[{"type":"property","name":"objectApiName","value":{"type":"unresolved"}}]},{"type":"wire","targets":[{"name":"wiredAccounts","adapter":{"name":"getAccountList","reference":"@salesforce/apex/getAccountLWC.getAccountLWC"},"type":"method"}]},{"type":"track","targets":[{"name":"error","type":"property"}]}],"declarationLoc":{"start":{"line":10,"column":0},"end":{"line":34,"column":1}},"classMembers":[{"type":"property","name":"data","loc":{"start":{"line":11,"column":4},"end":{"line":11,"column":14}}},{"type":"property","name":"columns","loc":{"start":{"line":12,"column":4},"end":{"line":12,"column":22}}},{"type":"property","name":"show","loc":{"start":{"line":15,"column":4},"end":{"line":15,"column":17}}},{"type":"method","name":"handleChange","loc":{"start":{"line":16,"column":4},"end":{"line":18,"column":5}}},{"type":"property","name":"error","loc":{"start":{"line":20,"column":8},"end":{"line":20,"column":20}},"decorator":"track"},{"type":"property","name":"objectApiName","loc":{"start":{"line":21,"column":8},"end":{"line":21,"column":27}},"decorator":"api","value":{"type":"unresolved"}},{"type":"method","name":"wiredAccounts","loc":{"start":{"line":22,"column":8},"end":{"line":29,"column":9}},"decorator":"wire"},{"type":"property","name":"objectInfo","loc":{"start":{"line":32,"column":2},"end":{"line":32,"column":13}}}],"exports":[{"type":"ExportDefaultDeclaration"}]},"updatedAt":"2021-08-18T08:30:12.094Z"}]