[
  {
    "name": "AIApplication",
    "custom": false
  },
  {
    "name": "AIApplicationConfig",
    "custom": false
  },
  {
    "name": "AIInsightAction",
    "custom": false
  },
  {
    "name": "AIInsightFeedback",
    "custom": false
  },
  {
    "name": "AIInsightReason",
    "custom": false
  },
  {
    "name": "AIInsightValue",
    "custom": false
  },
  {
    "name": "AIPredictionEvent",
    "custom": false
  },
  {
    "name": "AIRecordInsight",
    "custom": false
  },
  {
    "name": "AcceptedEventRelation",
    "custom": false
  },
  {
    "name": "Account",
    "custom": false
  },
  {
    "name": "AccountChangeEvent",
    "custom": false
  },
  {
    "name": "AccountCleanInfo",
    "custom": false
  },
  {
    "name": "AccountContactRole",
    "custom": false
  },
  {
    "name": "AccountContactRoleChangeEvent",
    "custom": false
  },
  {
    "name": "AccountFeed",
    "custom": false
  },
  {
    "name": "AccountHistory",
    "custom": false
  },
  {
    "name": "AccountPartner",
    "custom": false
  },
  {
    "name": "AccountShare",
    "custom": false
  },
  {
    "name": "ActionLinkGroupTemplate",
    "custom": false
  },
  {
    "name": "ActionLinkTemplate",
    "custom": false
  },
  {
    "name": "ActiveFeatureLicenseMetric",
    "custom": false
  },
  {
    "name": "ActivePermSetLicenseMetric",
    "custom": false
  },
  {
    "name": "ActiveProfileMetric",
    "custom": false
  },
  {
    "name": "ActivityHistory",
    "custom": false
  },
  {
    "name": "AdditionalNumber",
    "custom": false
  },
  {
    "name": "AggregateResult",
    "custom": false
  },
  {
    "name": "AlternativePaymentMethod",
    "custom": false
  },
  {
    "name": "AlternativePaymentMethodShare",
    "custom": false
  },
  {
    "name": "Announcement",
    "custom": false
  },
  {
    "name": "ApexClass",
    "custom": false
  },
  {
    "name": "ApexComponent",
    "custom": false
  },
  {
    "name": "ApexEmailNotification",
    "custom": false
  },
  {
    "name": "ApexLog",
    "custom": false
  },
  {
    "name": "ApexPage",
    "custom": false
  },
  {
    "name": "ApexPageInfo",
    "custom": false
  },
  {
    "name": "ApexTestQueueItem",
    "custom": false
  },
  {
    "name": "ApexTestResult",
    "custom": false
  },
  {
    "name": "ApexTestResultLimits",
    "custom": false
  },
  {
    "name": "ApexTestRunResult",
    "custom": false
  },
  {
    "name": "ApexTestSuite",
    "custom": false
  },
  {
    "name": "ApexTrigger",
    "custom": false
  },
  {
    "name": "ApiAnomalyEvent",
    "custom": false
  },
  {
    "name": "ApiAnomalyEventStore",
    "custom": false
  },
  {
    "name": "ApiAnomalyEventStoreFeed",
    "custom": false
  },
  {
    "name": "ApiEvent",
    "custom": false
  },
  {
    "name": "ApiEventStream",
    "custom": false
  },
  {
    "name": "AppAnalyticsQueryRequest",
    "custom": false
  },
  {
    "name": "AppDefinition",
    "custom": false
  },
  {
    "name": "AppMenuItem",
    "custom": false
  },
  {
    "name": "AppTabMember",
    "custom": false
  },
  {
    "name": "AppUsageAssignment",
    "custom": false
  },
  {
    "name": "AppointmentSchedulingPolicy",
    "custom": false
  },
  {
    "name": "AppointmentTopicTimeSlot",
    "custom": false
  },
  {
    "name": "AppointmentTopicTimeSlotFeed",
    "custom": false
  },
  {
    "name": "AppointmentTopicTimeSlotHistory",
    "custom": false
  },
  {
    "name": "Asset",
    "custom": false
  },
  {
    "name": "AssetAction",
    "custom": false
  },
  {
    "name": "AssetActionSource",
    "custom": false
  },
  {
    "name": "AssetChangeEvent",
    "custom": false
  },
  {
    "name": "AssetFeed",
    "custom": false
  },
  {
    "name": "AssetHistory",
    "custom": false
  },
  {
    "name": "AssetRelationship",
    "custom": false
  },
  {
    "name": "AssetRelationshipFeed",
    "custom": false
  },
  {
    "name": "AssetRelationshipHistory",
    "custom": false
  },
  {
    "name": "AssetShare",
    "custom": false
  },
  {
    "name": "AssetStatePeriod",
    "custom": false
  },
  {
    "name": "AssetTokenEvent",
    "custom": false
  },
  {
    "name": "AssignedResource",
    "custom": false
  },
  {
    "name": "AssignedResourceChangeEvent",
    "custom": false
  },
  {
    "name": "AssignedResourceFeed",
    "custom": false
  },
  {
    "name": "AssignmentRule",
    "custom": false
  },
  {
    "name": "AssociatedLocation",
    "custom": false
  },
  {
    "name": "AssociatedLocationHistory",
    "custom": false
  },
  {
    "name": "AsyncApexJob",
    "custom": false
  },
  {
    "name": "AsyncOperationEvent",
    "custom": false
  },
  {
    "name": "AsyncOperationStatus",
    "custom": false
  },
  {
    "name": "AttachedContentDocument",
    "custom": false
  },
  {
    "name": "Attachment",
    "custom": false
  },
  {
    "name": "AuraDefinition",
    "custom": false
  },
  {
    "name": "AuraDefinitionBundle",
    "custom": false
  },
  {
    "name": "AuraDefinitionBundleInfo",
    "custom": false
  },
  {
    "name": "AuraDefinitionInfo",
    "custom": false
  },
  {
    "name": "AuthConfig",
    "custom": false
  },
  {
    "name": "AuthConfigProviders",
    "custom": false
  },
  {
    "name": "AuthProvider",
    "custom": false
  },
  {
    "name": "AuthSession",
    "custom": false
  },
  {
    "name": "AuthorizationForm",
    "custom": false
  },
  {
    "name": "AuthorizationFormConsent",
    "custom": false
  },
  {
    "name": "AuthorizationFormConsentChangeEvent",
    "custom": false
  },
  {
    "name": "AuthorizationFormConsentHistory",
    "custom": false
  },
  {
    "name": "AuthorizationFormConsentShare",
    "custom": false
  },
  {
    "name": "AuthorizationFormDataUse",
    "custom": false
  },
  {
    "name": "AuthorizationFormDataUseHistory",
    "custom": false
  },
  {
    "name": "AuthorizationFormDataUseShare",
    "custom": false
  },
  {
    "name": "AuthorizationFormHistory",
    "custom": false
  },
  {
    "name": "AuthorizationFormShare",
    "custom": false
  },
  {
    "name": "AuthorizationFormText",
    "custom": false
  },
  {
    "name": "AuthorizationFormTextFeed",
    "custom": false
  },
  {
    "name": "AuthorizationFormTextHistory",
    "custom": false
  },
  {
    "name": "BackgroundOperation",
    "custom": false
  },
  {
    "name": "BatchApexErrorEvent",
    "custom": false
  },
  {
    "name": "Booking_Line__ChangeEvent",
    "custom": false
  },
  {
    "name": "Booking_Line__Share",
    "custom": false
  },
  {
    "name": "Booking_Line__c",
    "custom": true
  },
  {
    "name": "BrandTemplate",
    "custom": false
  },
  {
    "name": "BrandingSet",
    "custom": false
  },
  {
    "name": "BrandingSetProperty",
    "custom": false
  },
  {
    "name": "BulkApiResultEvent",
    "custom": false
  },
  {
    "name": "BulkApiResultEventStore",
    "custom": false
  },
  {
    "name": "BusinessHours",
    "custom": false
  },
  {
    "name": "BusinessProcess",
    "custom": false
  },
  {
    "name": "Calendar",
    "custom": false
  },
  {
    "name": "CalendarView",
    "custom": false
  },
  {
    "name": "CalendarViewShare",
    "custom": false
  },
  {
    "name": "CallCenter",
    "custom": false
  },
  {
    "name": "CallCoachingMediaProvider",
    "custom": false
  },
  {
    "name": "Campaign",
    "custom": false
  },
  {
    "name": "CampaignChangeEvent",
    "custom": false
  },
  {
    "name": "CampaignFeed",
    "custom": false
  },
  {
    "name": "CampaignHistory",
    "custom": false
  },
  {
    "name": "CampaignMember",
    "custom": false
  },
  {
    "name": "CampaignMemberChangeEvent",
    "custom": false
  },
  {
    "name": "CampaignMemberStatus",
    "custom": false
  },
  {
    "name": "CampaignMemberStatusChangeEvent",
    "custom": false
  },
  {
    "name": "CampaignShare",
    "custom": false
  },
  {
    "name": "CardPaymentMethod",
    "custom": false
  },
  {
    "name": "Case",
    "custom": false
  },
  {
    "name": "CaseChangeEvent",
    "custom": false
  },
  {
    "name": "CaseComment",
    "custom": false
  },
  {
    "name": "CaseContactRole",
    "custom": false
  },
  {
    "name": "CaseFeed",
    "custom": false
  },
  {
    "name": "CaseHistory",
    "custom": false
  },
  {
    "name": "CaseMilestone",
    "custom": false
  },
  {
    "name": "CaseShare",
    "custom": false
  },
  {
    "name": "CaseSolution",
    "custom": false
  },
  {
    "name": "CaseStatus",
    "custom": false
  },
  {
    "name": "CaseTeamMember",
    "custom": false
  },
  {
    "name": "CaseTeamRole",
    "custom": false
  },
  {
    "name": "CaseTeamTemplate",
    "custom": false
  },
  {
    "name": "CaseTeamTemplateMember",
    "custom": false
  },
  {
    "name": "CaseTeamTemplateRecord",
    "custom": false
  },
  {
    "name": "CategoryData",
    "custom": false
  },
  {
    "name": "CategoryNode",
    "custom": false
  },
  {
    "name": "ChatterActivity",
    "custom": false
  },
  {
    "name": "ChatterExtension",
    "custom": false
  },
  {
    "name": "ChatterExtensionConfig",
    "custom": false
  },
  {
    "name": "ClientBrowser",
    "custom": false
  },
  {
    "name": "CollaborationGroup",
    "custom": false
  },
  {
    "name": "CollaborationGroupFeed",
    "custom": false
  },
  {
    "name": "CollaborationGroupMember",
    "custom": false
  },
  {
    "name": "CollaborationGroupMemberRequest",
    "custom": false
  },
  {
    "name": "CollaborationGroupRecord",
    "custom": false
  },
  {
    "name": "CollaborationInvitation",
    "custom": false
  },
  {
    "name": "ColorDefinition",
    "custom": false
  },
  {
    "name": "CombinedAttachment",
    "custom": false
  },
  {
    "name": "CommSubscription",
    "custom": false
  },
  {
    "name": "CommSubscriptionChannelType",
    "custom": false
  },
  {
    "name": "CommSubscriptionChannelTypeFeed",
    "custom": false
  },
  {
    "name": "CommSubscriptionChannelTypeHistory",
    "custom": false
  },
  {
    "name": "CommSubscriptionChannelTypeShare",
    "custom": false
  },
  {
    "name": "CommSubscriptionConsent",
    "custom": false
  },
  {
    "name": "CommSubscriptionConsentChangeEvent",
    "custom": false
  },
  {
    "name": "CommSubscriptionConsentFeed",
    "custom": false
  },
  {
    "name": "CommSubscriptionConsentHistory",
    "custom": false
  },
  {
    "name": "CommSubscriptionConsentShare",
    "custom": false
  },
  {
    "name": "CommSubscriptionFeed",
    "custom": false
  },
  {
    "name": "CommSubscriptionHistory",
    "custom": false
  },
  {
    "name": "CommSubscriptionShare",
    "custom": false
  },
  {
    "name": "CommSubscriptionTiming",
    "custom": false
  },
  {
    "name": "CommSubscriptionTimingFeed",
    "custom": false
  },
  {
    "name": "CommSubscriptionTimingHistory",
    "custom": false
  },
  {
    "name": "Community",
    "custom": false
  },
  {
    "name": "ConcurLongRunApexErrEvent",
    "custom": false
  },
  {
    "name": "ConferenceNumber",
    "custom": false
  },
  {
    "name": "ConnectedApplication",
    "custom": false
  },
  {
    "name": "ConsumptionRate",
    "custom": false
  },
  {
    "name": "ConsumptionRateHistory",
    "custom": false
  },
  {
    "name": "ConsumptionSchedule",
    "custom": false
  },
  {
    "name": "ConsumptionScheduleFeed",
    "custom": false
  },
  {
    "name": "ConsumptionScheduleHistory",
    "custom": false
  },
  {
    "name": "ConsumptionScheduleShare",
    "custom": false
  },
  {
    "name": "Contact",
    "custom": false
  },
  {
    "name": "ContactChangeEvent",
    "custom": false
  },
  {
    "name": "ContactCleanInfo",
    "custom": false
  },
  {
    "name": "ContactFeed",
    "custom": false
  },
  {
    "name": "ContactHistory",
    "custom": false
  },
  {
    "name": "ContactPointAddress",
    "custom": false
  },
  {
    "name": "ContactPointAddressChangeEvent",
    "custom": false
  },
  {
    "name": "ContactPointAddressHistory",
    "custom": false
  },
  {
    "name": "ContactPointAddressShare",
    "custom": false
  },
  {
    "name": "ContactPointConsent",
    "custom": false
  },
  {
    "name": "ContactPointConsentChangeEvent",
    "custom": false
  },
  {
    "name": "ContactPointConsentHistory",
    "custom": false
  },
  {
    "name": "ContactPointConsentShare",
    "custom": false
  },
  {
    "name": "ContactPointEmail",
    "custom": false
  },
  {
    "name": "ContactPointEmailChangeEvent",
    "custom": false
  },
  {
    "name": "ContactPointEmailHistory",
    "custom": false
  },
  {
    "name": "ContactPointEmailShare",
    "custom": false
  },
  {
    "name": "ContactPointPhone",
    "custom": false
  },
  {
    "name": "ContactPointPhoneChangeEvent",
    "custom": false
  },
  {
    "name": "ContactPointPhoneHistory",
    "custom": false
  },
  {
    "name": "ContactPointPhoneShare",
    "custom": false
  },
  {
    "name": "ContactPointTypeConsent",
    "custom": false
  },
  {
    "name": "ContactPointTypeConsentChangeEvent",
    "custom": false
  },
  {
    "name": "ContactPointTypeConsentHistory",
    "custom": false
  },
  {
    "name": "ContactPointTypeConsentShare",
    "custom": false
  },
  {
    "name": "ContactRequest",
    "custom": false
  },
  {
    "name": "ContactRequestShare",
    "custom": false
  },
  {
    "name": "ContactShare",
    "custom": false
  },
  {
    "name": "ContentAsset",
    "custom": false
  },
  {
    "name": "ContentBody",
    "custom": false
  },
  {
    "name": "ContentDistribution",
    "custom": false
  },
  {
    "name": "ContentDistributionView",
    "custom": false
  },
  {
    "name": "ContentDocument",
    "custom": false
  },
  {
    "name": "ContentDocumentFeed",
    "custom": false
  },
  {
    "name": "ContentDocumentHistory",
    "custom": false
  },
  {
    "name": "ContentDocumentLink",
    "custom": false
  },
  {
    "name": "ContentDocumentSubscription",
    "custom": false
  },
  {
    "name": "ContentFolder",
    "custom": false
  },
  {
    "name": "ContentFolderItem",
    "custom": false
  },
  {
    "name": "ContentFolderLink",
    "custom": false
  },
  {
    "name": "ContentFolderMember",
    "custom": false
  },
  {
    "name": "ContentNotification",
    "custom": false
  },
  {
    "name": "ContentTagSubscription",
    "custom": false
  },
  {
    "name": "ContentUserSubscription",
    "custom": false
  },
  {
    "name": "ContentVersion",
    "custom": false
  },
  {
    "name": "ContentVersionComment",
    "custom": false
  },
  {
    "name": "ContentVersionHistory",
    "custom": false
  },
  {
    "name": "ContentVersionRating",
    "custom": false
  },
  {
    "name": "ContentWorkspace",
    "custom": false
  },
  {
    "name": "ContentWorkspaceDoc",
    "custom": false
  },
  {
    "name": "ContentWorkspaceMember",
    "custom": false
  },
  {
    "name": "ContentWorkspacePermission",
    "custom": false
  },
  {
    "name": "ContentWorkspaceSubscription",
    "custom": false
  },
  {
    "name": "Contract",
    "custom": false
  },
  {
    "name": "ContractChangeEvent",
    "custom": false
  },
  {
    "name": "ContractContactRole",
    "custom": false
  },
  {
    "name": "ContractFeed",
    "custom": false
  },
  {
    "name": "ContractHistory",
    "custom": false
  },
  {
    "name": "ContractLineItem",
    "custom": false
  },
  {
    "name": "ContractLineItemChangeEvent",
    "custom": false
  },
  {
    "name": "ContractLineItemHistory",
    "custom": false
  },
  {
    "name": "ContractStatus",
    "custom": false
  },
  {
    "name": "ConversationEntry",
    "custom": false
  },
  {
    "name": "CorsWhitelistEntry",
    "custom": false
  },
  {
    "name": "CredentialStuffingEvent",
    "custom": false
  },
  {
    "name": "CredentialStuffingEventStore",
    "custom": false
  },
  {
    "name": "CredentialStuffingEventStoreFeed",
    "custom": false
  },
  {
    "name": "CreditMemo",
    "custom": false
  },
  {
    "name": "CreditMemoFeed",
    "custom": false
  },
  {
    "name": "CreditMemoHistory",
    "custom": false
  },
  {
    "name": "CreditMemoLine",
    "custom": false
  },
  {
    "name": "CreditMemoLineFeed",
    "custom": false
  },
  {
    "name": "CreditMemoLineHistory",
    "custom": false
  },
  {
    "name": "CreditMemoShare",
    "custom": false
  },
  {
    "name": "CronJobDetail",
    "custom": false
  },
  {
    "name": "CronTrigger",
    "custom": false
  },
  {
    "name": "CspTrustedSite",
    "custom": false
  },
  {
    "name": "CustomBrand",
    "custom": false
  },
  {
    "name": "CustomBrandAsset",
    "custom": false
  },
  {
    "name": "CustomHelpMenuItem",
    "custom": false
  },
  {
    "name": "CustomHelpMenuSection",
    "custom": false
  },
  {
    "name": "CustomHttpHeader",
    "custom": false
  },
  {
    "name": "CustomNotificationType",
    "custom": false
  },
  {
    "name": "CustomObjectUserLicenseMetrics",
    "custom": false
  },
  {
    "name": "CustomPermission",
    "custom": false
  },
  {
    "name": "CustomPermissionDependency",
    "custom": false
  },
  {
    "name": "DandBCompany",
    "custom": false
  },
  {
    "name": "Dashboard",
    "custom": false
  },
  {
    "name": "DashboardComponent",
    "custom": false
  },
  {
    "name": "DashboardComponentFeed",
    "custom": false
  },
  {
    "name": "DashboardFeed",
    "custom": false
  },
  {
    "name": "DataAssessmentFieldMetric",
    "custom": false
  },
  {
    "name": "DataAssessmentMetric",
    "custom": false
  },
  {
    "name": "DataAssessmentValueMetric",
    "custom": false
  },
  {
    "name": "DataAssetSemanticGraphEdge",
    "custom": false
  },
  {
    "name": "DataAssetUsageTrackingInfo",
    "custom": false
  },
  {
    "name": "DataStatistics",
    "custom": false
  },
  {
    "name": "DataType",
    "custom": false
  },
  {
    "name": "DataUseLegalBasis",
    "custom": false
  },
  {
    "name": "DataUseLegalBasisHistory",
    "custom": false
  },
  {
    "name": "DataUseLegalBasisShare",
    "custom": false
  },
  {
    "name": "DataUsePurpose",
    "custom": false
  },
  {
    "name": "DataUsePurposeHistory",
    "custom": false
  },
  {
    "name": "DataUsePurposeShare",
    "custom": false
  },
  {
    "name": "DatacloudAddress",
    "custom": false
  },
  {
    "name": "DatacloudCompany",
    "custom": false
  },
  {
    "name": "DatacloudContact",
    "custom": false
  },
  {
    "name": "DatacloudDandBCompany",
    "custom": false
  },
  {
    "name": "DatacloudOwnedEntity",
    "custom": false
  },
  {
    "name": "DatacloudPurchaseUsage",
    "custom": false
  },
  {
    "name": "DeclinedEventRelation",
    "custom": false
  },
  {
    "name": "DeleteEvent",
    "custom": false
  },
  {
    "name": "DigitalWallet",
    "custom": false
  },
  {
    "name": "Document",
    "custom": false
  },
  {
    "name": "DocumentAttachmentMap",
    "custom": false
  },
  {
    "name": "Domain",
    "custom": false
  },
  {
    "name": "DomainSite",
    "custom": false
  },
  {
    "name": "DuplicateRecordItem",
    "custom": false
  },
  {
    "name": "DuplicateRecordSet",
    "custom": false
  },
  {
    "name": "DuplicateRule",
    "custom": false
  },
  {
    "name": "EmailCapture",
    "custom": false
  },
  {
    "name": "EmailDomainFilter",
    "custom": false
  },
  {
    "name": "EmailDomainKey",
    "custom": false
  },
  {
    "name": "EmailMessage",
    "custom": false
  },
  {
    "name": "EmailMessageChangeEvent",
    "custom": false
  },
  {
    "name": "EmailMessageRelation",
    "custom": false
  },
  {
    "name": "EmailRelay",
    "custom": false
  },
  {
    "name": "EmailServicesAddress",
    "custom": false
  },
  {
    "name": "EmailServicesFunction",
    "custom": false
  },
  {
    "name": "EmailStatus",
    "custom": false
  },
  {
    "name": "EmailTemplate",
    "custom": false
  },
  {
    "name": "EmailTemplateChangeEvent",
    "custom": false
  },
  {
    "name": "EmbeddedServiceDetail",
    "custom": false
  },
  {
    "name": "EmbeddedServiceLabel",
    "custom": false
  },
  {
    "name": "EngagementChannelType",
    "custom": false
  },
  {
    "name": "EngagementChannelTypeFeed",
    "custom": false
  },
  {
    "name": "EngagementChannelTypeHistory",
    "custom": false
  },
  {
    "name": "EngagementChannelTypeShare",
    "custom": false
  },
  {
    "name": "EnhancedLetterhead",
    "custom": false
  },
  {
    "name": "EnhancedLetterheadFeed",
    "custom": false
  },
  {
    "name": "Entitlement",
    "custom": false
  },
  {
    "name": "EntitlementChangeEvent",
    "custom": false
  },
  {
    "name": "EntitlementContact",
    "custom": false
  },
  {
    "name": "EntitlementFeed",
    "custom": false
  },
  {
    "name": "EntitlementHistory",
    "custom": false
  },
  {
    "name": "EntitlementTemplate",
    "custom": false
  },
  {
    "name": "EntityDefinition",
    "custom": false
  },
  {
    "name": "EntityMilestone",
    "custom": false
  },
  {
    "name": "EntityMilestoneFeed",
    "custom": false
  },
  {
    "name": "EntityMilestoneHistory",
    "custom": false
  },
  {
    "name": "EntityParticle",
    "custom": false
  },
  {
    "name": "EntitySubscription",
    "custom": false
  },
  {
    "name": "Error_Log__ChangeEvent",
    "custom": false
  },
  {
    "name": "Error_Log__Share",
    "custom": false
  },
  {
    "name": "Error_Log__c",
    "custom": true
  },
  {
    "name": "Event",
    "custom": false
  },
  {
    "name": "EventBusSubscriber",
    "custom": false
  },
  {
    "name": "EventChangeEvent",
    "custom": false
  },
  {
    "name": "EventFeed",
    "custom": false
  },
  {
    "name": "EventLogFile",
    "custom": false
  },
  {
    "name": "EventRelation",
    "custom": false
  },
  {
    "name": "EventRelationChangeEvent",
    "custom": false
  },
  {
    "name": "ExpressionFilter",
    "custom": false
  },
  {
    "name": "ExpressionFilterCriteria",
    "custom": false
  },
  {
    "name": "ExternalDataSource",
    "custom": false
  },
  {
    "name": "ExternalDataUserAuth",
    "custom": false
  },
  {
    "name": "ExternalEvent",
    "custom": false
  },
  {
    "name": "ExternalEventMapping",
    "custom": false
  },
  {
    "name": "ExternalEventMappingShare",
    "custom": false
  },
  {
    "name": "FeedAttachment",
    "custom": false
  },
  {
    "name": "FeedComment",
    "custom": false
  },
  {
    "name": "FeedItem",
    "custom": false
  },
  {
    "name": "FeedLike",
    "custom": false
  },
  {
    "name": "FeedPollChoice",
    "custom": false
  },
  {
    "name": "FeedPollVote",
    "custom": false
  },
  {
    "name": "FeedRevision",
    "custom": false
  },
  {
    "name": "FeedSignal",
    "custom": false
  },
  {
    "name": "FeedTrackedChange",
    "custom": false
  },
  {
    "name": "FieldDefinition",
    "custom": false
  },
  {
    "name": "FieldPermissions",
    "custom": false
  },
  {
    "name": "FieldSecurityClassification",
    "custom": false
  },
  {
    "name": "FileSearchActivity",
    "custom": false
  },
  {
    "name": "FinanceBalanceSnapshot",
    "custom": false
  },
  {
    "name": "FinanceBalanceSnapshotChangeEvent",
    "custom": false
  },
  {
    "name": "FinanceBalanceSnapshotShare",
    "custom": false
  },
  {
    "name": "FinanceTransaction",
    "custom": false
  },
  {
    "name": "FinanceTransactionChangeEvent",
    "custom": false
  },
  {
    "name": "FinanceTransactionShare",
    "custom": false
  },
  {
    "name": "FiscalYearSettings",
    "custom": false
  },
  {
    "name": "FlexQueueItem",
    "custom": false
  },
  {
    "name": "FlowDefinitionView",
    "custom": false
  },
  {
    "name": "FlowExecutionErrorEvent",
    "custom": false
  },
  {
    "name": "FlowInterview",
    "custom": false
  },
  {
    "name": "FlowInterviewLog",
    "custom": false
  },
  {
    "name": "FlowInterviewLogEntry",
    "custom": false
  },
  {
    "name": "FlowInterviewLogShare",
    "custom": false
  },
  {
    "name": "FlowInterviewShare",
    "custom": false
  },
  {
    "name": "FlowRecordRelation",
    "custom": false
  },
  {
    "name": "FlowStageRelation",
    "custom": false
  },
  {
    "name": "FlowVariableView",
    "custom": false
  },
  {
    "name": "FlowVersionView",
    "custom": false
  },
  {
    "name": "Folder",
    "custom": false
  },
  {
    "name": "FolderedContentDocument",
    "custom": false
  },
  {
    "name": "FormulaFunction",
    "custom": false
  },
  {
    "name": "FormulaFunctionAllowedType",
    "custom": false
  },
  {
    "name": "FormulaFunctionCategory",
    "custom": false
  },
  {
    "name": "GrantedByLicense",
    "custom": false
  },
  {
    "name": "Group",
    "custom": false
  },
  {
    "name": "GroupMember",
    "custom": false
  },
  {
    "name": "GtwyProvPaymentMethodType",
    "custom": false
  },
  {
    "name": "Holiday",
    "custom": false
  },
  {
    "name": "IPAddressRange",
    "custom": false
  },
  {
    "name": "IconDefinition",
    "custom": false
  },
  {
    "name": "Idea",
    "custom": false
  },
  {
    "name": "IdeaComment",
    "custom": false
  },
  {
    "name": "IdentityProviderEventStore",
    "custom": false
  },
  {
    "name": "IdentityVerificationEvent",
    "custom": false
  },
  {
    "name": "IdpEventLog",
    "custom": false
  },
  {
    "name": "IframeWhiteListUrl",
    "custom": false
  },
  {
    "name": "Image",
    "custom": false
  },
  {
    "name": "ImageFeed",
    "custom": false
  },
  {
    "name": "ImageHistory",
    "custom": false
  },
  {
    "name": "ImageShare",
    "custom": false
  },
  {
    "name": "InboundWebServicesControl__mdt",
    "custom": true
  },
  {
    "name": "Individual",
    "custom": false
  },
  {
    "name": "IndividualChangeEvent",
    "custom": false
  },
  {
    "name": "IndividualHistory",
    "custom": false
  },
  {
    "name": "IndividualShare",
    "custom": false
  },
  {
    "name": "InstalledMobileApp",
    "custom": false
  },
  {
    "name": "Invoice",
    "custom": false
  },
  {
    "name": "InvoiceFeed",
    "custom": false
  },
  {
    "name": "InvoiceHistory",
    "custom": false
  },
  {
    "name": "InvoiceLine",
    "custom": false
  },
  {
    "name": "InvoiceLineFeed",
    "custom": false
  },
  {
    "name": "InvoiceLineHistory",
    "custom": false
  },
  {
    "name": "InvoiceShare",
    "custom": false
  },
  {
    "name": "KnowledgeableUser",
    "custom": false
  },
  {
    "name": "Lead",
    "custom": false
  },
  {
    "name": "LeadChangeEvent",
    "custom": false
  },
  {
    "name": "LeadCleanInfo",
    "custom": false
  },
  {
    "name": "LeadFeed",
    "custom": false
  },
  {
    "name": "LeadHistory",
    "custom": false
  },
  {
    "name": "LeadShare",
    "custom": false
  },
  {
    "name": "LeadStatus",
    "custom": false
  },
  {
    "name": "LegalEntity",
    "custom": false
  },
  {
    "name": "LegalEntityFeed",
    "custom": false
  },
  {
    "name": "LegalEntityHistory",
    "custom": false
  },
  {
    "name": "LegalEntityShare",
    "custom": false
  },
  {
    "name": "LightningExitByPageMetrics",
    "custom": false
  },
  {
    "name": "LightningExperienceTheme",
    "custom": false
  },
  {
    "name": "LightningOnboardingConfig",
    "custom": false
  },
  {
    "name": "LightningToggleMetrics",
    "custom": false
  },
  {
    "name": "LightningUriEvent",
    "custom": false
  },
  {
    "name": "LightningUriEventStream",
    "custom": false
  },
  {
    "name": "LightningUsageByAppTypeMetrics",
    "custom": false
  },
  {
    "name": "LightningUsageByBrowserMetrics",
    "custom": false
  },
  {
    "name": "LightningUsageByFlexiPageMetrics",
    "custom": false
  },
  {
    "name": "LightningUsageByPageMetrics",
    "custom": false
  },
  {
    "name": "ListEmail",
    "custom": false
  },
  {
    "name": "ListEmailChangeEvent",
    "custom": false
  },
  {
    "name": "ListEmailIndividualRecipient",
    "custom": false
  },
  {
    "name": "ListEmailRecipientSource",
    "custom": false
  },
  {
    "name": "ListEmailShare",
    "custom": false
  },
  {
    "name": "ListView",
    "custom": false
  },
  {
    "name": "ListViewChart",
    "custom": false
  },
  {
    "name": "ListViewChartInstance",
    "custom": false
  },
  {
    "name": "ListViewEvent",
    "custom": false
  },
  {
    "name": "ListViewEventStream",
    "custom": false
  },
  {
    "name": "LiveChatSensitiveDataRule",
    "custom": false
  },
  {
    "name": "Location",
    "custom": false
  },
  {
    "name": "LocationChangeEvent",
    "custom": false
  },
  {
    "name": "LocationFeed",
    "custom": false
  },
  {
    "name": "LocationHistory",
    "custom": false
  },
  {
    "name": "LocationShare",
    "custom": false
  },
  {
    "name": "LogEmailSetup__mdt",
    "custom": true
  },
  {
    "name": "LogSetup__mdt",
    "custom": true
  },
  {
    "name": "Log__e",
    "custom": true
  },
  {
    "name": "LoginAsEvent",
    "custom": false
  },
  {
    "name": "LoginAsEventStream",
    "custom": false
  },
  {
    "name": "LoginEvent",
    "custom": false
  },
  {
    "name": "LoginEventStream",
    "custom": false
  },
  {
    "name": "LoginGeo",
    "custom": false
  },
  {
    "name": "LoginHistory",
    "custom": false
  },
  {
    "name": "LoginIp",
    "custom": false
  },
  {
    "name": "LogoutEvent",
    "custom": false
  },
  {
    "name": "LogoutEventStream",
    "custom": false
  },
  {
    "name": "LookedUpFromActivity",
    "custom": false
  },
  {
    "name": "MLField",
    "custom": false
  },
  {
    "name": "MLPredictionDefinition",
    "custom": false
  },
  {
    "name": "Macro",
    "custom": false
  },
  {
    "name": "MacroChangeEvent",
    "custom": false
  },
  {
    "name": "MacroHistory",
    "custom": false
  },
  {
    "name": "MacroInstruction",
    "custom": false
  },
  {
    "name": "MacroInstructionChangeEvent",
    "custom": false
  },
  {
    "name": "MacroShare",
    "custom": false
  },
  {
    "name": "MacroUsage",
    "custom": false
  },
  {
    "name": "MacroUsageShare",
    "custom": false
  },
  {
    "name": "MailmergeTemplate",
    "custom": false
  },
  {
    "name": "MatchingInformation",
    "custom": false
  },
  {
    "name": "MatchingRule",
    "custom": false
  },
  {
    "name": "MatchingRuleItem",
    "custom": false
  },
  {
    "name": "MessagingChannel",
    "custom": false
  },
  {
    "name": "MessagingChannelSkill",
    "custom": false
  },
  {
    "name": "MessagingConfiguration",
    "custom": false
  },
  {
    "name": "MessagingDeliveryError",
    "custom": false
  },
  {
    "name": "MessagingEndUser",
    "custom": false
  },
  {
    "name": "MessagingEndUserHistory",
    "custom": false
  },
  {
    "name": "MessagingEndUserShare",
    "custom": false
  },
  {
    "name": "MessagingLink",
    "custom": false
  },
  {
    "name": "MessagingSession",
    "custom": false
  },
  {
    "name": "MessagingSessionFeed",
    "custom": false
  },
  {
    "name": "MessagingSessionHistory",
    "custom": false
  },
  {
    "name": "MessagingSessionShare",
    "custom": false
  },
  {
    "name": "MessagingTemplate",
    "custom": false
  },
  {
    "name": "MilestoneType",
    "custom": false
  },
  {
    "name": "MobileApplicationDetail",
    "custom": false
  },
  {
    "name": "MsgChannelLanguageKeyword",
    "custom": false
  },
  {
    "name": "MutingPermissionSet",
    "custom": false
  },
  {
    "name": "MyDomainDiscoverableLogin",
    "custom": false
  },
  {
    "name": "NTS1__Error_Log__ChangeEvent",
    "custom": false
  },
  {
    "name": "NTS1__Error_Log__Share",
    "custom": false
  },
  {
    "name": "NTS1__Error_Log__c",
    "custom": true
  },
  {
    "name": "NTS1__System_Setup__mdt",
    "custom": true
  },
  {
    "name": "NTS1__Trigger_Setup__mdt",
    "custom": true
  },
  {
    "name": "Name",
    "custom": false
  },
  {
    "name": "NamedCredential",
    "custom": false
  },
  {
    "name": "Note",
    "custom": false
  },
  {
    "name": "NoteAndAttachment",
    "custom": false
  },
  {
    "name": "OauthCustomScope",
    "custom": false
  },
  {
    "name": "OauthCustomScopeApp",
    "custom": false
  },
  {
    "name": "OauthToken",
    "custom": false
  },
  {
    "name": "ObjectPermissions",
    "custom": false
  },
  {
    "name": "OnboardingMetrics",
    "custom": false
  },
  {
    "name": "OpenActivity",
    "custom": false
  },
  {
    "name": "OperatingHours",
    "custom": false
  },
  {
    "name": "OperatingHoursFeed",
    "custom": false
  },
  {
    "name": "Opportunity",
    "custom": false
  },
  {
    "name": "OpportunityChangeEvent",
    "custom": false
  },
  {
    "name": "OpportunityCompetitor",
    "custom": false
  },
  {
    "name": "OpportunityContactRole",
    "custom": false
  },
  {
    "name": "OpportunityContactRoleChangeEvent",
    "custom": false
  },
  {
    "name": "OpportunityFeed",
    "custom": false
  },
  {
    "name": "OpportunityFieldHistory",
    "custom": false
  },
  {
    "name": "OpportunityHistory",
    "custom": false
  },
  {
    "name": "OpportunityLineItem",
    "custom": false
  },
  {
    "name": "OpportunityPartner",
    "custom": false
  },
  {
    "name": "OpportunityShare",
    "custom": false
  },
  {
    "name": "OpportunityStage",
    "custom": false
  },
  {
    "name": "Order",
    "custom": false
  },
  {
    "name": "OrderChangeEvent",
    "custom": false
  },
  {
    "name": "OrderFeed",
    "custom": false
  },
  {
    "name": "OrderHistory",
    "custom": false
  },
  {
    "name": "OrderItem",
    "custom": false
  },
  {
    "name": "OrderItemChangeEvent",
    "custom": false
  },
  {
    "name": "OrderItemFeed",
    "custom": false
  },
  {
    "name": "OrderItemHistory",
    "custom": false
  },
  {
    "name": "OrderShare",
    "custom": false
  },
  {
    "name": "OrderStatus",
    "custom": false
  },
  {
    "name": "OrgDeleteRequest",
    "custom": false
  },
  {
    "name": "OrgDeleteRequestShare",
    "custom": false
  },
  {
    "name": "OrgLifecycleNotification",
    "custom": false
  },
  {
    "name": "OrgMetric",
    "custom": false
  },
  {
    "name": "OrgMetricScanResult",
    "custom": false
  },
  {
    "name": "OrgMetricScanSummary",
    "custom": false
  },
  {
    "name": "OrgWideEmailAddress",
    "custom": false
  },
  {
    "name": "Organization",
    "custom": false
  },
  {
    "name": "OutgoingEmail",
    "custom": false
  },
  {
    "name": "OutgoingEmailRelation",
    "custom": false
  },
  {
    "name": "OwnedContentDocument",
    "custom": false
  },
  {
    "name": "OwnerChangeOptionInfo",
    "custom": false
  },
  {
    "name": "PackageLicense",
    "custom": false
  },
  {
    "name": "Partner",
    "custom": false
  },
  {
    "name": "PartnerRole",
    "custom": false
  },
  {
    "name": "PartyConsent",
    "custom": false
  },
  {
    "name": "PartyConsentChangeEvent",
    "custom": false
  },
  {
    "name": "PartyConsentFeed",
    "custom": false
  },
  {
    "name": "PartyConsentHistory",
    "custom": false
  },
  {
    "name": "PartyConsentShare",
    "custom": false
  },
  {
    "name": "Payment",
    "custom": false
  },
  {
    "name": "PaymentAuthAdjustment",
    "custom": false
  },
  {
    "name": "PaymentAuthorization",
    "custom": false
  },
  {
    "name": "PaymentGateway",
    "custom": false
  },
  {
    "name": "PaymentGatewayLog",
    "custom": false
  },
  {
    "name": "PaymentGatewayProvider",
    "custom": false
  },
  {
    "name": "PaymentGroup",
    "custom": false
  },
  {
    "name": "PaymentLineInvoice",
    "custom": false
  },
  {
    "name": "PaymentMethod",
    "custom": false
  },
  {
    "name": "Period",
    "custom": false
  },
  {
    "name": "PermissionSet",
    "custom": false
  },
  {
    "name": "PermissionSetAssignment",
    "custom": false
  },
  {
    "name": "PermissionSetGroup",
    "custom": false
  },
  {
    "name": "PermissionSetGroupComponent",
    "custom": false
  },
  {
    "name": "PermissionSetLicense",
    "custom": false
  },
  {
    "name": "PermissionSetLicenseAssign",
    "custom": false
  },
  {
    "name": "PermissionSetTabSetting",
    "custom": false
  },
  {
    "name": "PicklistValueInfo",
    "custom": false
  },
  {
    "name": "PlatformAction",
    "custom": false
  },
  {
    "name": "PlatformCachePartition",
    "custom": false
  },
  {
    "name": "PlatformCachePartitionType",
    "custom": false
  },
  {
    "name": "PlatformEventUsageMetric",
    "custom": false
  },
  {
    "name": "PlatformStatusAlertEvent",
    "custom": false
  },
  {
    "name": "Pricebook2",
    "custom": false
  },
  {
    "name": "Pricebook2ChangeEvent",
    "custom": false
  },
  {
    "name": "Pricebook2History",
    "custom": false
  },
  {
    "name": "PricebookEntry",
    "custom": false
  },
  {
    "name": "PricebookEntryHistory",
    "custom": false
  },
  {
    "name": "ProcessDefinition",
    "custom": false
  },
  {
    "name": "ProcessException",
    "custom": false
  },
  {
    "name": "ProcessExceptionEvent",
    "custom": false
  },
  {
    "name": "ProcessExceptionShare",
    "custom": false
  },
  {
    "name": "ProcessInstance",
    "custom": false
  },
  {
    "name": "ProcessInstanceHistory",
    "custom": false
  },
  {
    "name": "ProcessInstanceNode",
    "custom": false
  },
  {
    "name": "ProcessInstanceStep",
    "custom": false
  },
  {
    "name": "ProcessInstanceWorkitem",
    "custom": false
  },
  {
    "name": "ProcessNode",
    "custom": false
  },
  {
    "name": "Product2",
    "custom": false
  },
  {
    "name": "Product2ChangeEvent",
    "custom": false
  },
  {
    "name": "Product2Feed",
    "custom": false
  },
  {
    "name": "Product2History",
    "custom": false
  },
  {
    "name": "ProductConsumptionSchedule",
    "custom": false
  },
  {
    "name": "ProductEntitlementTemplate",
    "custom": false
  },
  {
    "name": "Profile",
    "custom": false
  },
  {
    "name": "Prompt",
    "custom": false
  },
  {
    "name": "PromptAction",
    "custom": false
  },
  {
    "name": "PromptActionShare",
    "custom": false
  },
  {
    "name": "PromptError",
    "custom": false
  },
  {
    "name": "PromptErrorShare",
    "custom": false
  },
  {
    "name": "PromptVersion",
    "custom": false
  },
  {
    "name": "Publisher",
    "custom": false
  },
  {
    "name": "PushTopic",
    "custom": false
  },
  {
    "name": "QueueSobject",
    "custom": false
  },
  {
    "name": "QuickText",
    "custom": false
  },
  {
    "name": "QuickTextChangeEvent",
    "custom": false
  },
  {
    "name": "QuickTextHistory",
    "custom": false
  },
  {
    "name": "QuickTextShare",
    "custom": false
  },
  {
    "name": "QuickTextUsage",
    "custom": false
  },
  {
    "name": "QuickTextUsageShare",
    "custom": false
  },
  {
    "name": "QuoteTemplateRichTextData",
    "custom": false
  },
  {
    "name": "RecentlyViewed",
    "custom": false
  },
  {
    "name": "Recommendation",
    "custom": false
  },
  {
    "name": "RecommendationChangeEvent",
    "custom": false
  },
  {
    "name": "RecordAction",
    "custom": false
  },
  {
    "name": "RecordActionHistory",
    "custom": false
  },
  {
    "name": "RecordType",
    "custom": false
  },
  {
    "name": "RedirectWhitelistUrl",
    "custom": false
  },
  {
    "name": "Refund",
    "custom": false
  },
  {
    "name": "RefundLinePayment",
    "custom": false
  },
  {
    "name": "RelationshipDomain",
    "custom": false
  },
  {
    "name": "RelationshipInfo",
    "custom": false
  },
  {
    "name": "RemoteKeyCalloutEvent",
    "custom": false
  },
  {
    "name": "Report",
    "custom": false
  },
  {
    "name": "ReportAnomalyEvent",
    "custom": false
  },
  {
    "name": "ReportAnomalyEventStore",
    "custom": false
  },
  {
    "name": "ReportAnomalyEventStoreFeed",
    "custom": false
  },
  {
    "name": "ReportEvent",
    "custom": false
  },
  {
    "name": "ReportEventStream",
    "custom": false
  },
  {
    "name": "ReportFeed",
    "custom": false
  },
  {
    "name": "ResourceAbsence",
    "custom": false
  },
  {
    "name": "ResourceAbsenceChangeEvent",
    "custom": false
  },
  {
    "name": "ResourceAbsenceFeed",
    "custom": false
  },
  {
    "name": "ResourceAbsenceHistory",
    "custom": false
  },
  {
    "name": "ResourcePreference",
    "custom": false
  },
  {
    "name": "ResourcePreferenceFeed",
    "custom": false
  },
  {
    "name": "ResourcePreferenceHistory",
    "custom": false
  },
  {
    "name": "ReturnOrder",
    "custom": false
  },
  {
    "name": "ReturnOrderChangeEvent",
    "custom": false
  },
  {
    "name": "ReturnOrderFeed",
    "custom": false
  },
  {
    "name": "ReturnOrderHistory",
    "custom": false
  },
  {
    "name": "ReturnOrderItemAdjustment",
    "custom": false
  },
  {
    "name": "ReturnOrderItemTax",
    "custom": false
  },
  {
    "name": "ReturnOrderLineItem",
    "custom": false
  },
  {
    "name": "ReturnOrderLineItemChangeEvent",
    "custom": false
  },
  {
    "name": "ReturnOrderLineItemFeed",
    "custom": false
  },
  {
    "name": "ReturnOrderLineItemHistory",
    "custom": false
  },
  {
    "name": "ReturnOrderShare",
    "custom": false
  },
  {
    "name": "Room_price_catalog__ChangeEvent",
    "custom": false
  },
  {
    "name": "Room_price_catalog__Share",
    "custom": false
  },
  {
    "name": "Room_price_catalog__c",
    "custom": true
  },
  {
    "name": "SPSamlAttributes",
    "custom": false
  },
  {
    "name": "SamlSsoConfig",
    "custom": false
  },
  {
    "name": "Scontrol",
    "custom": false
  },
  {
    "name": "SearchLayout",
    "custom": false
  },
  {
    "name": "SearchPromotionRule",
    "custom": false
  },
  {
    "name": "SecureAgent",
    "custom": false
  },
  {
    "name": "SecureAgentPlugin",
    "custom": false
  },
  {
    "name": "SecureAgentPluginProperty",
    "custom": false
  },
  {
    "name": "SecureAgentsCluster",
    "custom": false
  },
  {
    "name": "SecurityCustomBaseline",
    "custom": false
  },
  {
    "name": "ServiceAppointment",
    "custom": false
  },
  {
    "name": "ServiceAppointmentChangeEvent",
    "custom": false
  },
  {
    "name": "ServiceAppointmentFeed",
    "custom": false
  },
  {
    "name": "ServiceAppointmentHistory",
    "custom": false
  },
  {
    "name": "ServiceAppointmentShare",
    "custom": false
  },
  {
    "name": "ServiceAppointmentStatus",
    "custom": false
  },
  {
    "name": "ServiceContract",
    "custom": false
  },
  {
    "name": "ServiceContractChangeEvent",
    "custom": false
  },
  {
    "name": "ServiceContractFeed",
    "custom": false
  },
  {
    "name": "ServiceContractHistory",
    "custom": false
  },
  {
    "name": "ServiceContractShare",
    "custom": false
  },
  {
    "name": "ServiceResource",
    "custom": false
  },
  {
    "name": "ServiceResourceChangeEvent",
    "custom": false
  },
  {
    "name": "ServiceResourceFeed",
    "custom": false
  },
  {
    "name": "ServiceResourceHistory",
    "custom": false
  },
  {
    "name": "ServiceResourceShare",
    "custom": false
  },
  {
    "name": "ServiceResourceSkill",
    "custom": false
  },
  {
    "name": "ServiceResourceSkillFeed",
    "custom": false
  },
  {
    "name": "ServiceResourceSkillHistory",
    "custom": false
  },
  {
    "name": "ServiceSetupProvisioning",
    "custom": false
  },
  {
    "name": "ServiceTerritory",
    "custom": false
  },
  {
    "name": "ServiceTerritoryChangeEvent",
    "custom": false
  },
  {
    "name": "ServiceTerritoryFeed",
    "custom": false
  },
  {
    "name": "ServiceTerritoryHistory",
    "custom": false
  },
  {
    "name": "ServiceTerritoryMember",
    "custom": false
  },
  {
    "name": "ServiceTerritoryMemberChangeEvent",
    "custom": false
  },
  {
    "name": "ServiceTerritoryMemberFeed",
    "custom": false
  },
  {
    "name": "ServiceTerritoryMemberHistory",
    "custom": false
  },
  {
    "name": "ServiceTerritoryShare",
    "custom": false
  },
  {
    "name": "ServiceTerritoryWorkType",
    "custom": false
  },
  {
    "name": "ServiceTerritoryWorkTypeFeed",
    "custom": false
  },
  {
    "name": "ServiceTerritoryWorkTypeHistory",
    "custom": false
  },
  {
    "name": "SessionHijackingEvent",
    "custom": false
  },
  {
    "name": "SessionHijackingEventStore",
    "custom": false
  },
  {
    "name": "SessionHijackingEventStoreFeed",
    "custom": false
  },
  {
    "name": "SessionPermSetActivation",
    "custom": false
  },
  {
    "name": "SetupAssistantStep",
    "custom": false
  },
  {
    "name": "SetupAuditTrail",
    "custom": false
  },
  {
    "name": "SetupEntityAccess",
    "custom": false
  },
  {
    "name": "Site",
    "custom": false
  },
  {
    "name": "SiteDetail",
    "custom": false
  },
  {
    "name": "SiteFeed",
    "custom": false
  },
  {
    "name": "SiteHistory",
    "custom": false
  },
  {
    "name": "SiteIframeWhiteListUrl",
    "custom": false
  },
  {
    "name": "SiteRedirectMapping",
    "custom": false
  },
  {
    "name": "Skill",
    "custom": false
  },
  {
    "name": "SkillRequirement",
    "custom": false
  },
  {
    "name": "SkillRequirementFeed",
    "custom": false
  },
  {
    "name": "SkillRequirementHistory",
    "custom": false
  },
  {
    "name": "SlaProcess",
    "custom": false
  },
  {
    "name": "Solution",
    "custom": false
  },
  {
    "name": "SolutionFeed",
    "custom": false
  },
  {
    "name": "SolutionHistory",
    "custom": false
  },
  {
    "name": "SolutionStatus",
    "custom": false
  },
  {
    "name": "Stamp",
    "custom": false
  },
  {
    "name": "StampAssignment",
    "custom": false
  },
  {
    "name": "StaticResource",
    "custom": false
  },
  {
    "name": "StreamingChannel",
    "custom": false
  },
  {
    "name": "StreamingChannelShare",
    "custom": false
  },
  {
    "name": "System_Setup__mdt",
    "custom": true
  },
  {
    "name": "TabDefinition",
    "custom": false
  },
  {
    "name": "Task",
    "custom": false
  },
  {
    "name": "TaskChangeEvent",
    "custom": false
  },
  {
    "name": "TaskFeed",
    "custom": false
  },
  {
    "name": "TaskPriority",
    "custom": false
  },
  {
    "name": "TaskStatus",
    "custom": false
  },
  {
    "name": "TenantUsageEntitlement",
    "custom": false
  },
  {
    "name": "TestSuiteMembership",
    "custom": false
  },
  {
    "name": "ThirdPartyAccountLink",
    "custom": false
  },
  {
    "name": "ThreatDetectionFeedback",
    "custom": false
  },
  {
    "name": "ThreatDetectionFeedbackFeed",
    "custom": false
  },
  {
    "name": "TimeSlot",
    "custom": false
  },
  {
    "name": "TodayGoal",
    "custom": false
  },
  {
    "name": "TodayGoalShare",
    "custom": false
  },
  {
    "name": "Topic",
    "custom": false
  },
  {
    "name": "TopicAssignment",
    "custom": false
  },
  {
    "name": "TopicFeed",
    "custom": false
  },
  {
    "name": "TopicUserEvent",
    "custom": false
  },
  {
    "name": "TransactionSecurityPolicy",
    "custom": false
  },
  {
    "name": "Translation",
    "custom": false
  },
  {
    "name": "Trigger_Setup__mdt",
    "custom": true
  },
  {
    "name": "UiFormulaCriterion",
    "custom": false
  },
  {
    "name": "UiFormulaRule",
    "custom": false
  },
  {
    "name": "UndecidedEventRelation",
    "custom": false
  },
  {
    "name": "UriEvent",
    "custom": false
  },
  {
    "name": "UriEventStream",
    "custom": false
  },
  {
    "name": "User",
    "custom": false
  },
  {
    "name": "UserAppInfo",
    "custom": false
  },
  {
    "name": "UserAppMenuCustomization",
    "custom": false
  },
  {
    "name": "UserAppMenuCustomizationShare",
    "custom": false
  },
  {
    "name": "UserAppMenuItem",
    "custom": false
  },
  {
    "name": "UserChangeEvent",
    "custom": false
  },
  {
    "name": "UserEmailPreferredPerson",
    "custom": false
  },
  {
    "name": "UserEmailPreferredPersonShare",
    "custom": false
  },
  {
    "name": "UserEntityAccess",
    "custom": false
  },
  {
    "name": "UserFeed",
    "custom": false
  },
  {
    "name": "UserFieldAccess",
    "custom": false
  },
  {
    "name": "UserLicense",
    "custom": false
  },
  {
    "name": "UserListView",
    "custom": false
  },
  {
    "name": "UserListViewCriterion",
    "custom": false
  },
  {
    "name": "UserLogin",
    "custom": false
  },
  {
    "name": "UserPackageLicense",
    "custom": false
  },
  {
    "name": "UserPermissionAccess",
    "custom": false
  },
  {
    "name": "UserPreference",
    "custom": false
  },
  {
    "name": "UserProvAccount",
    "custom": false
  },
  {
    "name": "UserProvAccountStaging",
    "custom": false
  },
  {
    "name": "UserProvMockTarget",
    "custom": false
  },
  {
    "name": "UserProvisioningConfig",
    "custom": false
  },
  {
    "name": "UserProvisioningLog",
    "custom": false
  },
  {
    "name": "UserProvisioningRequest",
    "custom": false
  },
  {
    "name": "UserProvisioningRequestShare",
    "custom": false
  },
  {
    "name": "UserRecordAccess",
    "custom": false
  },
  {
    "name": "UserRole",
    "custom": false
  },
  {
    "name": "UserSetupEntityAccess",
    "custom": false
  },
  {
    "name": "UserShare",
    "custom": false
  },
  {
    "name": "VerificationHistory",
    "custom": false
  },
  {
    "name": "VisualforceAccessMetrics",
    "custom": false
  },
  {
    "name": "Vote",
    "custom": false
  },
  {
    "name": "WaveAutoInstallRequest",
    "custom": false
  },
  {
    "name": "WaveCompatibilityCheckItem",
    "custom": false
  },
  {
    "name": "WebLink",
    "custom": false
  },
  {
    "name": "WebServicesControl__mdt",
    "custom": true
  },
  {
    "name": "Webservice__mdt",
    "custom": true
  },
  {
    "name": "WorkOrder",
    "custom": false
  },
  {
    "name": "WorkOrderChangeEvent",
    "custom": false
  },
  {
    "name": "WorkOrderFeed",
    "custom": false
  },
  {
    "name": "WorkOrderHistory",
    "custom": false
  },
  {
    "name": "WorkOrderLineItem",
    "custom": false
  },
  {
    "name": "WorkOrderLineItemChangeEvent",
    "custom": false
  },
  {
    "name": "WorkOrderLineItemFeed",
    "custom": false
  },
  {
    "name": "WorkOrderLineItemHistory",
    "custom": false
  },
  {
    "name": "WorkOrderLineItemStatus",
    "custom": false
  },
  {
    "name": "WorkOrderShare",
    "custom": false
  },
  {
    "name": "WorkOrderStatus",
    "custom": false
  },
  {
    "name": "WorkType",
    "custom": false
  },
  {
    "name": "WorkTypeChangeEvent",
    "custom": false
  },
  {
    "name": "WorkTypeFeed",
    "custom": false
  },
  {
    "name": "WorkTypeGroup",
    "custom": false
  },
  {
    "name": "WorkTypeGroupFeed",
    "custom": false
  },
  {
    "name": "WorkTypeGroupHistory",
    "custom": false
  },
  {
    "name": "WorkTypeGroupMember",
    "custom": false
  },
  {
    "name": "WorkTypeGroupMemberFeed",
    "custom": false
  },
  {
    "name": "WorkTypeGroupMemberHistory",
    "custom": false
  },
  {
    "name": "WorkTypeGroupShare",
    "custom": false
  },
  {
    "name": "WorkTypeHistory",
    "custom": false
  },
  {
    "name": "WorkTypeShare",
    "custom": false
  }
]